antecedents,consequents,antecedent support,consequent support,support,confidence,lift,representativity,leverage,conviction,zhangs_metric,jaccard,certainty,kulczynski
"frozenset({'DEXTILE RIGHT ANT. MESH 16X12C', 'טרוקר אקסל ללא סכין 11 B11LT'})","frozenset({'CAPSURE טאקר 30', 'DEXTILE LEFT ANT. MESH 16X12CM'})",0.058666666666666666,0.05706666666666667,0.05653333333333333,0.9636363636363636,16.886151231945625,1.0,0.05318542222222222,25.930666666666657,0.9994120476775883,0.954954954954955,0.961435623200329,0.9771452846219201
"frozenset({'CAPSURE טאקר 30', 'DEXTILE LEFT ANT. MESH 16X12CM'})","frozenset({'DEXTILE RIGHT ANT. MESH 16X12C', 'טרוקר אקסל ללא סכין 11 B11LT'})",0.05706666666666667,0.058666666666666666,0.05653333333333333,0.9906542056074765,16.88615123194562,1.0,0.05318542222222222,100.72266666666546,0.9977162127550586,0.954954954954955,0.9900717481665827,0.9771452846219201
"frozenset({'טרוקר אקסל ללא סכין 11 B11LT', 'DEXTILE LEFT ANT. MESH 16X12CM'})","frozenset({'CAPSURE טאקר 30', 'DEXTILE RIGHT ANT. MESH 16X12C'})",0.058133333333333335,0.0576,0.05653333333333333,0.9724770642201834,16.88328236493374,1.0,0.05318485333333333,34.24053333333326,0.9988354452018205,0.954954954954955,0.970794847432283,0.9769792728508324
"frozenset({'CAPSURE טאקר 30', 'DEXTILE RIGHT ANT. MESH 16X12C'})","frozenset({'טרוקר אקסל ללא סכין 11 B11LT', 'DEXTILE LEFT ANT. MESH 16X12CM'})",0.0576,0.058133333333333335,0.05653333333333333,0.9814814814814815,16.88328236493374,1.0,0.05318485333333333,50.860800000000076,0.9982701733030079,0.954954954954955,0.980338492512898,0.9769792728508324
"frozenset({'בלון דו צדדי PDBS2', 'PROGRIP ANTMCL 15X10CM-RIGHT'})","frozenset({'בלון אמצעי T10SB', 'PROGRIP ANTMCL 15X10CM-LEFT'})",0.06133333333333333,0.0592,0.0592,0.9652173913043479,16.304347826086957,1.0,0.05556906666666667,27.04800000000007,1.0,0.965217391304348,0.9630286897367644,0.982608695652174
"frozenset({'בלון אמצעי T10SB', 'PROGRIP ANTMCL 15X10CM-LEFT'})","frozenset({'בלון דו צדדי PDBS2', 'PROGRIP ANTMCL 15X10CM-RIGHT'})",0.0592,0.06133333333333333,0.0592,1.0,16.304347826086957,1.0,0.05556906666666667,inf,0.9977324263038548,0.965217391304348,1.0,0.982608695652174
"frozenset({'PROGRIP ANTMCL 15X10CM-LEFT', 'בלון דו צדדי PDBS2'})","frozenset({'בלון אמצעי T10SB', 'PROGRIP ANTMCL 15X10CM-RIGHT'})",0.06026666666666667,0.06026666666666667,0.0592,0.9823008849557522,16.299240347717127,1.0,0.05556792888888889,53.09493333333325,0.9988444744403882,0.9652173913043478,0.9811658111759565,0.9823008849557522
"frozenset({'בלון אמצעי T10SB', 'PROGRIP ANTMCL 15X10CM-RIGHT'})","frozenset({'PROGRIP ANTMCL 15X10CM-LEFT', 'בלון דו צדדי PDBS2'})",0.06026666666666667,0.06026666666666667,0.0592,0.9823008849557522,16.299240347717127,1.0,0.05556792888888889,53.09493333333325,0.9988444744403882,0.9652173913043478,0.9811658111759565,0.9823008849557522
frozenset({'DEXTILE LEFT ANT. MESH 16X12CM'}),"frozenset({'DEXTILE RIGHT ANT. MESH 16X12C', 'טרוקר אקסל ללא סכין 11 B11LT'})",0.0672,0.058666666666666666,0.058133333333333335,0.8650793650793651,14.745670995670997,1.0,0.05419093333333334,6.97694117647059,0.9993390718680663,0.8582677165354333,0.8566707136112236,0.927994227994228
"frozenset({'DEXTILE RIGHT ANT. MESH 16X12C', 'טרוקר אקסל ללא סכין 11 B11LT'})",frozenset({'DEXTILE LEFT ANT. MESH 16X12CM'}),0.058666666666666666,0.0672,0.058133333333333335,0.990909090909091,14.745670995670997,1.0,0.05419093333333334,102.60800000000059,0.9902799074771942,0.8582677165354333,0.9902541712147201,0.927994227994228
"frozenset({'CAPSURE טאקר 30', 'DEXTILE RIGHT ANT. MESH 16X12C'})",frozenset({'DEXTILE LEFT ANT. MESH 16X12CM'}),0.0576,0.0672,0.05706666666666667,0.9907407407407408,14.743165784832453,1.0,0.05319594666666667,100.74240000000076,0.989146819415134,0.8425196850393702,0.9900736929038817,0.9199735449735451
frozenset({'DEXTILE LEFT ANT. MESH 16X12CM'}),"frozenset({'CAPSURE טאקר 30', 'DEXTILE RIGHT ANT. MESH 16X12C'})",0.0672,0.0576,0.05706666666666667,0.8492063492063493,14.743165784832453,1.0,0.05319594666666667,6.249600000000004,0.9993267180712075,0.8425196850393702,0.8399897593445982,0.9199735449735451
"frozenset({'CAPSURE טאקר 30', 'DEXTILE RIGHT ANT. MESH 16X12C', 'טרוקר אקסל ללא סכין 11 B11LT'})",frozenset({'DEXTILE LEFT ANT. MESH 16X12CM'}),0.05706666666666667,0.0672,0.05653333333333333,0.9906542056074765,14.741878059635068,1.0,0.05269845333333333,99.8095999999988,0.9885810637752925,0.8346456692913384,0.9899809236786841,0.915962023438659
frozenset({'DEXTILE LEFT ANT. MESH 16X12CM'}),"frozenset({'CAPSURE טאקר 30', 'DEXTILE RIGHT ANT. MESH 16X12C', 'טרוקר אקסל ללא סכין 11 B11LT'})",0.0672,0.05706666666666667,0.05653333333333333,0.8412698412698413,14.741878059635068,1.0,0.05269845333333333,5.94048,0.9993203663548983,0.8346456692913384,0.8316634346046111,0.915962023438659
frozenset({'DEXTILE RIGHT ANT. MESH 16X12C'}),frozenset({'DEXTILE LEFT ANT. MESH 16X12CM'}),0.06826666666666667,0.0672,0.0672,0.9843749999999999,14.6484375,1.0,0.06261248,59.69919999999957,1.0,0.9843749999999997,0.9832493567753,0.9921875
"frozenset({'DEXTILE LEFT ANT. MESH 16X12CM', 'טרוקר אקסל ללא סכין 11 B11LT'})",frozenset({'DEXTILE RIGHT ANT. MESH 16X12C'}),0.058133333333333335,0.06826666666666667,0.058133333333333335,1.0,14.6484375,1.0,0.054164764444444444,inf,0.9892412231030577,0.8515625,1.0,0.92578125
frozenset({'DEXTILE RIGHT ANT. MESH 16X12C'}),"frozenset({'CAPSURE טאקר 30', 'DEXTILE LEFT ANT. MESH 16X12CM'})",0.06826666666666667,0.05706666666666667,0.05706666666666667,0.8359375,14.6484375,1.0,0.05317091555555556,5.747403174603174,1.0000000000000002,0.8359374999999998,0.8260083781108597,0.91796875
"frozenset({'CAPSURE טאקר 30', 'DEXTILE LEFT ANT. MESH 16X12CM'})",frozenset({'DEXTILE RIGHT ANT. MESH 16X12C'}),0.05706666666666667,0.06826666666666667,0.05706666666666667,1.0,14.6484375,1.0,0.05317091555555556,inf,0.9881221719457015,0.8359374999999998,1.0,0.91796875
"frozenset({'CAPSURE טאקר 30', 'DEXTILE LEFT ANT. MESH 16X12CM', 'טרוקר אקסל ללא סכין 11 B11LT'})",frozenset({'DEXTILE RIGHT ANT. MESH 16X12C'}),0.05653333333333333,0.06826666666666667,0.05653333333333333,1.0,14.6484375,1.0,0.05267399111111111,inf,0.9875635952515545,0.8281249999999999,1.0,0.9140625
frozenset({'DEXTILE RIGHT ANT. MESH 16X12C'}),"frozenset({'DEXTILE LEFT ANT. MESH 16X12CM', 'טרוקר אקסל ללא סכין 11 B11LT'})",0.06826666666666667,0.058133333333333335,0.058133333333333335,0.8515625,14.6484375,1.0,0.054164764444444444,6.345207017543859,1.0,0.8515625,0.8424007290486976,0.92578125
frozenset({'DEXTILE LEFT ANT. MESH 16X12CM'}),frozenset({'DEXTILE RIGHT ANT. MESH 16X12C'}),0.0672,0.06826666666666667,0.0672,1.0,14.6484375,1.0,0.06261248,inf,0.9988564894225274,0.9843749999999997,1.0,0.9921875
frozenset({'DEXTILE RIGHT ANT. MESH 16X12C'}),"frozenset({'CAPSURE טאקר 30', 'DEXTILE LEFT ANT. MESH 16X12CM', 'טרוקר אקסל ללא סכין 11 B11LT'})",0.06826666666666667,0.05653333333333333,0.05653333333333333,0.8281249999999999,14.648437499999998,1.0,0.05267399111111111,5.489260606060602,1.0,0.8281249999999999,0.8178261023176935,0.9140625
"frozenset({'בלון אמצעי T10SB', 'MICROVAL 14X10-RIGHT'})","frozenset({'בלון דו צדדי PDBS2', 'MICROVAL 14X10-LEFT'})",0.07093333333333333,0.06826666666666667,0.06773333333333334,0.9548872180451129,13.987605733082708,1.0,0.06289095111111112,20.653422222222275,0.9993988265818093,0.947761194029851,0.9515818739751498,0.9735373590225564
"frozenset({'בלון דו צדדי PDBS2', 'MICROVAL 14X10-LEFT'})","frozenset({'בלון אמצעי T10SB', 'MICROVAL 14X10-RIGHT'})",0.06826666666666667,0.07093333333333333,0.06773333333333334,0.9921875,13.987605733082706,1.0,0.06289095111111112,118.92053333333334,0.9965384979424797,0.947761194029851,0.991591023249139,0.9735373590225564
"frozenset({'בלון אמצעי T10SB', 'MICROVAL 14X10-LEFT'})","frozenset({'MICROVAL 14X10-RIGHT', 'בלון דו צדדי PDBS2'})",0.0704,0.0688,0.06773333333333334,0.9621212121212122,13.98431994362227,1.0,0.06288981333333334,24.583680000000022,0.9988073779934135,0.947761194029851,0.9593226075184839,0.97330866807611
"frozenset({'MICROVAL 14X10-RIGHT', 'בלון דו צדדי PDBS2'})","frozenset({'בלון אמצעי T10SB', 'MICROVAL 14X10-LEFT'})",0.0688,0.0704,0.06773333333333334,0.9844961240310078,13.98431994362227,1.0,0.06288981333333334,59.95920000000032,0.9970912141136996,0.947761194029851,0.9833219922880894,0.97330866807611
"frozenset({'טאקר-10 סיכות MICROVAL', 'בלון דו צדדי PDBS2', 'MICROVAL 14X10-LEFT'})","frozenset({'בלון אמצעי T10SB', 'MICROVAL 14X10-RIGHT'})",0.06293333333333333,0.07093333333333333,0.0624,0.9915254237288136,13.978271951064102,1.0,0.057935928888888884,109.62986666666697,0.9908157358356561,0.8731343283582089,0.9908783981007608,0.9356123359245572
"frozenset({'בלון אמצעי T10SB', 'MICROVAL 14X10-RIGHT'})","frozenset({'טאקר-10 סיכות MICROVAL', 'בלון דו צדדי PDBS2', 'MICROVAL 14X10-LEFT'})",0.07093333333333333,0.06293333333333333,0.0624,0.8796992481203006,13.9782719510641,1.0,0.057935928888888884,7.78936666666666,0.9993474442383742,0.8731343283582089,0.8716198578403891,0.9356123359245572
"frozenset({'בלון אמצעי T10SB', 'MICROVAL 14X10-LEFT'})","frozenset({'MICROVAL 14X10-RIGHT', 'בלון דו צדדי PDBS2', 'טאקר-10 סיכות MICROVAL'})",0.0704,0.06346666666666667,0.0624,0.8863636363636362,13.965813598166536,1.0,0.057931946666666664,8.241493333333324,0.998705444488577,0.8731343283582086,0.8786627666183473,0.9347784568372802
"frozenset({'MICROVAL 14X10-RIGHT', 'בלון דו צדדי PDBS2', 'טאקר-10 סיכות MICROVAL'})","frozenset({'בלון אמצעי T10SB', 'MICROVAL 14X10-LEFT'})",0.06346666666666667,0.0704,0.0624,0.9831932773109242,13.965813598166536,1.0,0.057931946666666664,55.31119999999947,0.9913118392617254,0.8731343283582086,0.9819204790349874,0.9347784568372802
"frozenset({'בלון אמצעי T10SB', 'טאקר-10 סיכות MICROVAL', 'MICROVAL 14X10-LEFT'})","frozenset({'MICROVAL 14X10-RIGHT', 'בלון דו צדדי PDBS2'})",0.06506666666666666,0.0688,0.0624,0.959016393442623,13.939191765154405,1.0,0.05792341333333333,22.721280000000036,0.9928620533298228,0.8731343283582089,0.955988395019999,0.9329965688143347
"frozenset({'MICROVAL 14X10-RIGHT', 'בלון דו צדדי PDBS2'})","frozenset({'בלון אמצעי T10SB', 'טאקר-10 סיכות MICROVAL', 'MICROVAL 14X10-LEFT'})",0.0688,0.06506666666666666,0.0624,0.9069767441860465,13.939191765154403,1.0,0.05792341333333333,10.050533333333329,0.9968425999353835,0.8731343283582089,0.9005027925549555,0.9329965688143347
"frozenset({'בלון דו צדדי PDBS2', 'MICROVAL 14X10-LEFT'})","frozenset({'בלון אמצעי T10SB', 'MICROVAL 14X10-RIGHT', 'טאקר-10 סיכות MICROVAL'})",0.06826666666666667,0.0656,0.0624,0.9140624999999999,13.93387957317073,1.0,0.05792170666666666,10.873018181818168,0.9962426430657684,0.8731343283582086,0.9080292166095889,0.9326410060975608
"frozenset({'בלון אמצעי T10SB', 'MICROVAL 14X10-RIGHT', 'טאקר-10 סיכות MICROVAL'})","frozenset({'בלון דו צדדי PDBS2', 'MICROVAL 14X10-LEFT'})",0.0656,0.06826666666666667,0.0624,0.9512195121951218,13.933879573170728,1.0,0.05792170666666666,19.10053333333327,0.9933994848378409,0.8731343283582086,0.947645440964999,0.9326410060975608
"frozenset({'טרוקר CFF03 - 5X100', 'בלון דו צדדי PDBS2'})","frozenset({'בלון אמצעי T10SB', 'שרוול לטרוקר 5 - CFS02'})",0.06826666666666667,0.06346666666666667,0.06026666666666667,0.8828125,13.90986081932773,1.0,0.05593400888888889,7.991751111111111,0.996109639280486,0.8432835820895521,0.8748709780751709,0.9161961659663865
"frozenset({'בלון אמצעי T10SB', 'שרוול לטרוקר 5 - CFS02'})","frozenset({'טרוקר CFF03 - 5X100', 'בלון דו צדדי PDBS2'})",0.06346666666666667,0.06826666666666667,0.06026666666666667,0.9495798319327731,13.90986081932773,1.0,0.05593400888888889,18.47937777777776,0.9910042937488661,0.8432835820895521,0.945885623854579,0.9161961659663865
"frozenset({'בלון דו צדדי PDBS2', 'שרוול לטרוקר 5 - CFS02'})","frozenset({'בלון אמצעי T10SB', 'טרוקר CFF03 - 5X100'})",0.0656,0.06666666666666667,0.06026666666666667,0.9186991869918699,13.78048780487805,1.0,0.05589333333333334,11.48,0.9925445508546491,0.837037037037037,0.9128919860627178,0.911349593495935
"frozenset({'בלון אמצעי T10SB', 'טרוקר CFF03 - 5X100'})","frozenset({'בלון דו צדדי PDBS2', 'שרוול לטרוקר 5 - CFS02'})",0.06666666666666667,0.0656,0.06026666666666667,0.904,13.780487804878048,1.0,0.05589333333333334,9.733333333333336,0.9936788874841973,0.837037037037037,0.8972602739726028,0.911349593495935
"frozenset({'MICROVAL 16X11-LEFT', 'טרוקר אקסל ללא סכין 11 B11LT', 'טאקר-10 סיכות MICROVAL'})","frozenset({'טרוקר ללא סכין 5 NB5STF', 'MICROVAL 16X11-RIGHT'})",0.06346666666666667,0.07253333333333334,0.06026666666666667,0.9495798319327731,13.091633712308452,1.0,0.05566321777777778,18.39475555555554,0.9862065837482614,0.7957746478873239,0.94563667905345,0.8902310924369747
"frozenset({'טרוקר ללא סכין 5 NB5STF', 'MICROVAL 16X11-RIGHT'})","frozenset({'MICROVAL 16X11-LEFT', 'טרוקר אקסל ללא סכין 11 B11LT', 'טאקר-10 סיכות MICROVAL'})",0.07253333333333334,0.06346666666666667,0.06026666666666667,0.8308823529411764,13.09163371230845,1.0,0.05566321777777778,5.537762318840578,0.9958474761713323,0.7957746478873239,0.8194216467908347,0.8902310924369747
"frozenset({'טרוקר ללא סכין 5 NB5STF', 'MICROVAL 16X11-LEFT'})","frozenset({'MICROVAL 16X11-RIGHT', 'טרוקר אקסל ללא סכין 11 B11LT', 'טאקר-10 סיכות MICROVAL'})",0.07093333333333333,0.06506666666666666,0.06026666666666667,0.849624060150376,13.0577468260816,1.0,0.055651271111111116,6.217306666666667,0.9939191042744073,0.7957746478873239,0.8391586496189133,0.8879267841735488
"frozenset({'MICROVAL 16X11-RIGHT', 'טרוקר אקסל ללא סכין 11 B11LT', 'טאקר-10 סיכות MICROVAL'})","frozenset({'טרוקר ללא סכין 5 NB5STF', 'MICROVAL 16X11-LEFT'})",0.06506666666666666,0.07093333333333333,0.06026666666666667,0.9262295081967215,13.0577468260816,1.0,0.055651271111111116,12.59401481481484,0.9876823044187208,0.7957746478873239,0.9205972031394103,0.8879267841735488
frozenset({'PROGRIP ANTMCL 15X10CM-RIGHT'}),"frozenset({'בלון אמצעי T10SB', 'PROGRIP ANTMCL 15X10CM-LEFT'})",0.07786666666666667,0.0592,0.0592,0.7602739726027398,12.842465753424658,1.0,0.05459029333333334,3.9244800000000004,1.0,0.7602739726027398,0.7451891715590346,0.8801369863013699
frozenset({'PROGRIP ANTMCL 15X10CM-RIGHT'}),"frozenset({'בלון אמצעי T10SB', 'PROGRIP ANTMCL 15X10CM-LEFT', 'בלון דו צדדי PDBS2'})",0.07786666666666667,0.0592,0.0592,0.7602739726027398,12.842465753424658,1.0,0.05459029333333334,3.9244800000000004,1.0,0.7602739726027398,0.7451891715590346,0.8801369863013699
"frozenset({'בלון אמצעי T10SB', 'PROGRIP ANTMCL 15X10CM-LEFT'})",frozenset({'PROGRIP ANTMCL 15X10CM-RIGHT'}),0.0592,0.07786666666666667,0.0592,1.0,12.842465753424657,1.0,0.05459029333333334,inf,0.9801587301587302,0.7602739726027398,1.0,0.8801369863013699
"frozenset({'בלון אמצעי T10SB', 'PROGRIP ANTMCL 15X10CM-LEFT', 'בלון דו צדדי PDBS2'})",frozenset({'PROGRIP ANTMCL 15X10CM-RIGHT'}),0.0592,0.07786666666666667,0.0592,1.0,12.842465753424657,1.0,0.05459029333333334,inf,0.9801587301587302,0.7602739726027398,1.0,0.8801369863013699
"frozenset({'PROGRIP ANTMCL 15X10CM-LEFT', 'בלון דו צדדי PDBS2'})",frozenset({'PROGRIP ANTMCL 15X10CM-RIGHT'}),0.06026666666666667,0.07786666666666667,0.06026666666666667,1.0,12.842465753424657,1.0,0.05557390222222222,inf,0.9812712826333712,0.773972602739726,1.0,0.886986301369863
frozenset({'PROGRIP ANTMCL 15X10CM-RIGHT'}),"frozenset({'PROGRIP ANTMCL 15X10CM-LEFT', 'בלון דו צדדי PDBS2'})",0.07786666666666667,0.06026666666666667,0.06026666666666667,0.773972602739726,12.842465753424657,1.0,0.05557390222222222,4.157608080808081,0.9999999999999999,0.773972602739726,0.7594770886134996,0.886986301369863
"frozenset({'טרוקר ללא סכין 5 NB5STF', 'MICROVAL 16X11-LEFT', 'טאקר-10 סיכות MICROVAL'})","frozenset({'טרוקר אקסל ללא סכין 11 B11LT', 'MICROVAL 16X11-RIGHT'})",0.06346666666666667,0.07413333333333333,0.06026666666666667,0.9495798319327731,12.809080466719061,1.0,0.05556167111111111,18.363022222222206,0.9844074424980346,0.7793103448275862,0.9455427332223212,0.8812647361102715
"frozenset({'טרוקר אקסל ללא סכין 11 B11LT', 'MICROVAL 16X11-RIGHT'})","frozenset({'טרוקר ללא סכין 5 NB5STF', 'MICROVAL 16X11-LEFT', 'טאקר-10 סיכות MICROVAL'})",0.07413333333333333,0.06346666666666667,0.06026666666666667,0.8129496402877698,12.809080466719061,1.0,0.05556167111111111,5.006851282051284,0.9957485420659843,0.7793103448275862,0.8002736762753807,0.8812647361102715
"frozenset({'טרוקר ללא סכין 5 NB5STF', 'MICROVAL 16X11-LEFT'})","frozenset({'טרוקר אקסל ללא סכין 11 B11LT', 'MICROVAL 16X11-RIGHT'})",0.07093333333333333,0.07413333333333333,0.0672,0.9473684210526315,12.77925028398334,1.0,0.06194147555555555,17.591466666666648,0.9921227197346599,0.8630136986301368,0.9431542566092651,0.9269216205982582
"frozenset({'טרוקר אקסל ללא סכין 11 B11LT', 'MICROVAL 16X11-RIGHT'})","frozenset({'טרוקר ללא סכין 5 NB5STF', 'MICROVAL 16X11-LEFT'})",0.07413333333333333,0.07093333333333333,0.0672,0.9064748201438849,12.77925028398334,1.0,0.06194147555555555,9.93386666666667,0.9955517153097798,0.8630136986301368,0.8993342639321379,0.9269216205982582
"frozenset({'טרוקר ללא סכין 5 NB5STF', 'MICROVAL 16X11-RIGHT'})","frozenset({'MICROVAL 16X11-LEFT', 'טרוקר אקסל ללא סכין 11 B11LT'})",0.07253333333333334,0.07253333333333334,0.0672,0.926470588235294,12.773032006920413,1.0,0.06193891555555555,12.613546666666654,0.993793185282547,0.8630136986301368,0.9207201569529478,0.926470588235294
"frozenset({'MICROVAL 16X11-LEFT', 'טרוקר אקסל ללא סכין 11 B11LT'})","frozenset({'טרוקר ללא סכין 5 NB5STF', 'MICROVAL 16X11-RIGHT'})",0.07253333333333334,0.07253333333333334,0.0672,0.926470588235294,12.773032006920413,1.0,0.06193891555555555,12.613546666666654,0.993793185282547,0.8630136986301368,0.9207201569529478,0.926470588235294
"frozenset({'טרוקר ללא סכין 5 NB5STF', 'MICROVAL 16X11-RIGHT', 'טאקר-10 סיכות MICROVAL'})","frozenset({'MICROVAL 16X11-LEFT', 'טרוקר אקסל ללא סכין 11 B11LT'})",0.06506666666666666,0.07253333333333334,0.06026666666666667,0.9262295081967215,12.769708293153329,1.0,0.05554716444444445,12.57232592592595,0.985834650081529,0.7793103448275862,0.9204602230413184,0.878555930568949
"frozenset({'MICROVAL 16X11-LEFT', 'טרוקר אקסל ללא סכין 11 B11LT'})","frozenset({'טרוקר ללא סכין 5 NB5STF', 'MICROVAL 16X11-RIGHT', 'טאקר-10 סיכות MICROVAL'})",0.07253333333333334,0.06506666666666666,0.06026666666666667,0.8308823529411764,12.769708293153327,1.0,0.05554716444444445,5.528301449275361,0.9937712142569984,0.7793103448275862,0.8191126136706821,0.878555930568949
frozenset({'PROGRIP ANTMCL 15X10CM-RIGHT'}),frozenset({'PROGRIP ANTMCL 15X10CM-LEFT'}),0.07786666666666667,0.07733333333333334,0.0768,0.9863013698630136,12.753897024090692,1.0,0.0707783111111111,67.35466666666639,0.9994135980978086,0.9795918367346936,0.985153218782168,0.9897024090694377
frozenset({'PROGRIP ANTMCL 15X10CM-LEFT'}),frozenset({'PROGRIP ANTMCL 15X10CM-RIGHT'}),0.07733333333333334,0.07786666666666667,0.0768,0.9931034482758619,12.753897024090692,1.0,0.0707783111111111,133.70933333333093,0.9988359023763649,0.9795918367346936,0.9925210905247202,0.9897024090694377
"frozenset({'בלון דו צדדי PDBS2', 'PROGRIP ANTMCL 15X10CM-RIGHT'})",frozenset({'PROGRIP ANTMCL 15X10CM-LEFT'}),0.06133333333333333,0.07733333333333334,0.06026666666666667,0.982608695652174,12.706146926536732,1.0,0.05552355555555556,53.05333333333364,0.9814963797264683,0.7687074829931974,0.9811510429756222,0.8809595202398801
frozenset({'PROGRIP ANTMCL 15X10CM-LEFT'}),"frozenset({'בלון דו צדדי PDBS2', 'PROGRIP ANTMCL 15X10CM-RIGHT'})",0.07733333333333334,0.06133333333333333,0.06026666666666667,0.7793103448275862,12.706146926536732,1.0,0.05552355555555556,4.253333333333333,0.9985165481610313,0.7687074829931974,0.7648902821316614,0.8809595202398801
"frozenset({'בלון אמצעי T10SB', 'PROGRIP ANTMCL 15X10CM-RIGHT'})",frozenset({'PROGRIP ANTMCL 15X10CM-LEFT'}),0.06026666666666667,0.07733333333333334,0.0592,0.9823008849557522,12.70216661580714,1.0,0.05453937777777778,52.130666666666585,0.980356065486599,0.7551020408163266,0.9808174331167835,0.8739090631675313
frozenset({'PROGRIP ANTMCL 15X10CM-LEFT'}),"frozenset({'בלון אמצעי T10SB', 'PROGRIP ANTMCL 15X10CM-RIGHT'})",0.07733333333333334,0.06026666666666667,0.0592,0.7655172413793103,12.70216661580714,1.0,0.05453937777777778,4.007686274509803,0.9984898192990679,0.7551020408163266,0.7504794708207757,0.8739090631675313
"frozenset({'בלון אמצעי T10SB', 'בלון דו צדדי PDBS2', 'PROGRIP ANTMCL 15X10CM-RIGHT'})",frozenset({'PROGRIP ANTMCL 15X10CM-LEFT'}),0.06026666666666667,0.07733333333333334,0.0592,0.9823008849557522,12.70216661580714,1.0,0.05453937777777778,52.130666666666585,0.980356065486599,0.7551020408163266,0.9808174331167835,0.8739090631675313
frozenset({'PROGRIP ANTMCL 15X10CM-LEFT'}),"frozenset({'בלון אמצעי T10SB', 'בלון דו צדדי PDBS2', 'PROGRIP ANTMCL 15X10CM-RIGHT'})",0.07733333333333334,0.06026666666666667,0.0592,0.7655172413793103,12.70216661580714,1.0,0.05453937777777778,4.007686274509803,0.9984898192990679,0.7551020408163266,0.7504794708207757,0.8739090631675313
"frozenset({'MICROVAL 14X10-RIGHT', 'טאקר-10 סיכות MICROVAL'})","frozenset({'בלון אמצעי T10SB', 'MICROVAL 14X10-LEFT'})",0.0736,0.0704,0.06453333333333333,0.8768115942028986,12.454710144927535,1.0,0.05935189333333333,7.5461647058823536,0.9927775160935782,0.8120805369127515,0.8674823517673177,0.8967391304347826
"frozenset({'בלון אמצעי T10SB', 'MICROVAL 14X10-LEFT'})","frozenset({'MICROVAL 14X10-RIGHT', 'טאקר-10 סיכות MICROVAL'})",0.0704,0.0736,0.06453333333333333,0.9166666666666666,12.454710144927535,1.0,0.05935189333333333,11.116799999999994,0.9893600375528087,0.8120805369127515,0.9100460564191134,0.8967391304347826
"frozenset({'MICROVAL 14X10-RIGHT', 'טאקר-10 סיכות MICROVAL'})","frozenset({'בלון אמצעי T10SB', 'בלון דו צדדי PDBS2', 'MICROVAL 14X10-LEFT'})",0.0736,0.06826666666666667,0.0624,0.8478260869565217,12.419327445652174,1.0,0.05737557333333333,6.122819047619047,0.992530593566863,0.7852348993288589,0.836676538662552,0.8809442934782608
"frozenset({'MICROVAL 14X10-RIGHT', 'טאקר-10 סיכות MICROVAL'})","frozenset({'בלון דו צדדי PDBS2', 'MICROVAL 14X10-LEFT'})",0.0736,0.06826666666666667,0.0624,0.8478260869565217,12.419327445652174,1.0,0.05737557333333333,6.122819047619047,0.992530593566863,0.7852348993288589,0.836676538662552,0.8809442934782608
"frozenset({'בלון דו צדדי PDBS2', 'MICROVAL 14X10-LEFT'})","frozenset({'MICROVAL 14X10-RIGHT', 'טאקר-10 סיכות MICROVAL'})",0.06826666666666667,0.0736,0.0624,0.9140624999999999,12.419327445652172,1.0,0.05737557333333333,10.779927272727258,0.9868492507301895,0.7852348993288589,0.9072349956822106,0.8809442934782608
"frozenset({'בלון אמצעי T10SB', 'בלון דו צדדי PDBS2', 'MICROVAL 14X10-LEFT'})","frozenset({'MICROVAL 14X10-RIGHT', 'טאקר-10 סיכות MICROVAL'})",0.06826666666666667,0.0736,0.0624,0.9140624999999999,12.419327445652172,1.0,0.05737557333333333,10.779927272727258,0.9868492507301895,0.7852348993288589,0.9072349956822106,0.8809442934782608
"frozenset({'בלון אמצעי T10SB', 'MICROVAL 14X10-RIGHT'})","frozenset({'MICROVAL 14X10-LEFT', 'טאקר-10 סיכות MICROVAL'})",0.07093333333333333,0.07413333333333333,0.06453333333333333,0.9097744360902256,12.272137177476065,1.0,0.059274808888888884,10.261688888888889,0.988642293934017,0.8013245033112582,0.9025501541873115,0.8901390166062639
"frozenset({'MICROVAL 14X10-LEFT', 'טאקר-10 סיכות MICROVAL'})","frozenset({'בלון אמצעי T10SB', 'MICROVAL 14X10-RIGHT'})",0.07413333333333333,0.07093333333333333,0.06453333333333333,0.8705035971223022,12.272137177476065,1.0,0.059274808888888884,7.174459259259261,0.9920592603877061,0.8013245033112582,0.8606166731368063,0.8901390166062639
"frozenset({'בלון אמצעי T10SB', 'MICROVAL 14X10-RIGHT', 'בלון דו צדדי PDBS2'})","frozenset({'טאקר-10 סיכות MICROVAL', 'MICROVAL 14X10-LEFT'})",0.0688,0.07413333333333333,0.0624,0.9069767441860465,12.234398527689477,1.0,0.057299626666666666,9.953066666666661,0.9861074397156872,0.7748344370860927,0.899528453541957,0.8743516814455412
"frozenset({'טאקר-10 סיכות MICROVAL', 'MICROVAL 14X10-LEFT'})","frozenset({'בלון אמצעי T10SB', 'MICROVAL 14X10-RIGHT', 'בלון דו צדדי PDBS2'})",0.07413333333333333,0.0688,0.0624,0.841726618705036,12.234398527689477,1.0,0.057299626666666666,5.883490909090908,0.9917877821103629,0.7748344370860927,0.8300328809117654,0.8743516814455412
"frozenset({'MICROVAL 14X10-RIGHT', 'בלון דו צדדי PDBS2'})","frozenset({'MICROVAL 14X10-LEFT', 'טאקר-10 סיכות MICROVAL'})",0.0688,0.07413333333333333,0.0624,0.9069767441860465,12.234398527689477,1.0,0.057299626666666666,9.953066666666661,0.9861074397156872,0.7748344370860927,0.899528453541957,0.8743516814455412
"frozenset({'MICROVAL 14X10-LEFT', 'טאקר-10 סיכות MICROVAL'})","frozenset({'MICROVAL 14X10-RIGHT', 'בלון דו צדדי PDBS2'})",0.07413333333333333,0.0688,0.0624,0.841726618705036,12.234398527689477,1.0,0.057299626666666666,5.883490909090908,0.9917877821103629,0.7748344370860927,0.8300328809117654,0.8743516814455412
"frozenset({'טרוקר ללא סכין 5 NB5STF', 'MICROVAL 16X11-LEFT', 'טרוקר אקסל ללא סכין 11 B11LT'})","frozenset({'MICROVAL 16X11-RIGHT', 'טאקר-10 סיכות MICROVAL'})",0.0688,0.07253333333333334,0.06026666666666667,0.875968992248062,12.076778385772913,1.0,0.05527637333333334,7.4777000000000005,0.9849618343825077,0.7434210526315789,0.8662690399454378,0.8534256725946192
"frozenset({'MICROVAL 16X11-RIGHT', 'טאקר-10 סיכות MICROVAL'})","frozenset({'טרוקר ללא סכין 5 NB5STF', 'MICROVAL 16X11-LEFT', 'טרוקר אקסל ללא סכין 11 B11LT'})",0.07253333333333334,0.0688,0.06026666666666667,0.8308823529411764,12.076778385772913,1.0,0.05527637333333334,5.50622608695652,0.9889266031235528,0.7434210526315789,0.8183874065089953,0.8534256725946192
"frozenset({'טרוקר ללא סכין 5 NB5STF', 'MICROVAL 16X11-LEFT'})","frozenset({'MICROVAL 16X11-RIGHT', 'טאקר-10 סיכות MICROVAL'})",0.07093333333333333,0.07253333333333334,0.06186666666666667,0.8721804511278195,12.02454666076957,1.0,0.05672163555555555,7.256062745098037,0.9868363751534106,0.7581699346405227,0.8621842126881321,0.8625608137992038
"frozenset({'MICROVAL 16X11-RIGHT', 'טאקר-10 סיכות MICROVAL'})","frozenset({'טרוקר ללא סכין 5 NB5STF', 'MICROVAL 16X11-LEFT'})",0.07253333333333334,0.07093333333333333,0.06186666666666667,0.8529411764705882,12.02454666076957,1.0,0.05672163555555555,6.3176533333333325,0.9885387955820825,0.7581699346405227,0.8417133788073209,0.8625608137992038
"frozenset({'MICROVAL 16X11-LEFT', 'טאקר-10 סיכות MICROVAL'})","frozenset({'טרוקר ללא סכין 5 NB5STF', 'טרוקר אקסל ללא סכין 11 B11LT', 'MICROVAL 16X11-RIGHT'})",0.07146666666666666,0.0704,0.06026666666666667,0.8432835820895523,11.978459972862959,1.0,0.05523541333333334,5.931733333333337,0.9870586022680485,0.7385620915032679,0.8314152130911707,0.8496720940750793
"frozenset({'טרוקר ללא סכין 5 NB5STF', 'טרוקר אקסל ללא סכין 11 B11LT', 'MICROVAL 16X11-RIGHT'})","frozenset({'MICROVAL 16X11-LEFT', 'טאקר-10 סיכות MICROVAL'})",0.0704,0.07146666666666666,0.06026666666666667,0.8560606060606061,11.978459972862959,1.0,0.05523541333333334,6.450863157894737,0.985926004904574,0.7385620915032679,0.8449819852749204,0.8496720940750793
"frozenset({'MICROVAL 16X11-LEFT', 'טאקר-10 סיכות MICROVAL'})","frozenset({'טרוקר ללא סכין 5 NB5STF', 'MICROVAL 16X11-RIGHT'})",0.07146666666666666,0.07253333333333334,0.06186666666666667,0.8656716417910448,11.934811237928008,1.0,0.05668295111111111,6.904474074074077,0.9867297827249499,0.753246753246753,0.8551663762841916,0.8593064091308165
"frozenset({'טרוקר ללא סכין 5 NB5STF', 'MICROVAL 16X11-RIGHT'})","frozenset({'MICROVAL 16X11-LEFT', 'טאקר-10 סיכות MICROVAL'})",0.07253333333333334,0.07146666666666666,0.06186666666666667,0.8529411764705882,11.934811237928008,1.0,0.05668295111111111,6.314026666666665,0.9878646070869108,0.753246753246753,0.8416224617359868,0.8593064091308165
"frozenset({'בלון אמצעי T10SB', 'MICROVAL 14X10-LEFT'})",frozenset({'MICROVAL 14X10-RIGHT'}),0.0704,0.0832,0.06986666666666666,0.9924242424242423,11.92817599067599,1.0,0.06400938666666665,121.01759999999834,0.9855474241568235,0.8343949044585984,0.9917367391189378,0.916083916083916
frozenset({'MICROVAL 14X10-RIGHT'}),"frozenset({'בלון אמצעי T10SB', 'MICROVAL 14X10-LEFT'})",0.0832,0.0704,0.06986666666666666,0.8397435897435898,11.92817599067599,1.0,0.06400938666666665,5.8007040000000005,0.999307248577861,0.8343949044585984,0.8276071318239993,0.916083916083916
"frozenset({'בלון אמצעי T10SB', 'בלון דו צדדי PDBS2', 'MICROVAL 14X10-LEFT'})",frozenset({'MICROVAL 14X10-RIGHT'}),0.06826666666666667,0.0832,0.06773333333333334,0.9921875,11.925330528846155,1.0,0.062053546666666674,117.35040000000001,0.9832694067219847,0.8089171974522295,0.9914785122164049,0.9031450320512822
frozenset({'MICROVAL 14X10-RIGHT'}),"frozenset({'בלון דו צדדי PDBS2', 'MICROVAL 14X10-LEFT'})",0.0832,0.06826666666666667,0.06773333333333334,0.8141025641025642,11.925330528846155,1.0,0.062053546666666674,5.012082758620692,0.9992854296354317,0.8089171974522295,0.8004821452159747,0.9031450320512822
frozenset({'MICROVAL 14X10-RIGHT'}),"frozenset({'בלון אמצעי T10SB', 'בלון דו צדדי PDBS2', 'MICROVAL 14X10-LEFT'})",0.0832,0.06826666666666667,0.06773333333333334,0.8141025641025642,11.925330528846155,1.0,0.062053546666666674,5.012082758620692,0.9992854296354317,0.8089171974522295,0.8004821452159747,0.9031450320512822
"frozenset({'בלון דו צדדי PDBS2', 'MICROVAL 14X10-LEFT'})",frozenset({'MICROVAL 14X10-RIGHT'}),0.06826666666666667,0.0832,0.06773333333333334,0.9921875,11.925330528846155,1.0,0.062053546666666674,117.35040000000001,0.9832694067219847,0.8089171974522295,0.9914785122164049,0.9031450320512822
"frozenset({'בלון אמצעי T10SB', 'MICROVAL 14X10-LEFT', 'טאקר-10 סיכות MICROVAL'})",frozenset({'MICROVAL 14X10-RIGHT'}),0.06506666666666666,0.0832,0.06453333333333333,0.9918032786885247,11.920712484237075,1.0,0.05911978666666667,111.8496000000014,0.9798692206512566,0.7707006369426752,0.9910594226532774,0.8837221521647751
frozenset({'MICROVAL 14X10-RIGHT'}),"frozenset({'בלון אמצעי T10SB', 'MICROVAL 14X10-LEFT', 'טאקר-10 סיכות MICROVAL'})",0.0832,0.06506666666666666,0.06453333333333333,0.7756410256410257,11.920712484237075,1.0,0.05911978666666667,4.167131428571429,0.9992499963942134,0.7707006369426752,0.7600267673000131,0.8837221521647751
"frozenset({'בלון אמצעי T10SB', 'טאקר-10 סיכות MICROVAL', 'בלון דו צדדי PDBS2', 'MICROVAL 14X10-LEFT'})",frozenset({'MICROVAL 14X10-RIGHT'}),0.06293333333333333,0.0832,0.0624,0.9915254237288136,11.917372881355933,1.0,0.057163946666666667,108.1824000000003,0.9776133560994119,0.7452229299363057,0.9907563522347443,0.8707627118644068
frozenset({'MICROVAL 14X10-RIGHT'}),"frozenset({'בלון אמצעי T10SB', 'טאקר-10 סיכות MICROVAL', 'בלון דו צדדי PDBS2', 'MICROVAL 14X10-LEFT'})",0.0832,0.06293333333333333,0.0624,0.75,11.917372881355933,1.0,0.057163946666666667,3.748266666666667,0.9992243552452976,0.7452229299363057,0.7332100170745589,0.8707627118644068
"frozenset({'MICROVAL 14X10-LEFT', 'בלון דו צדדי PDBS2', 'טאקר-10 סיכות MICROVAL'})",frozenset({'MICROVAL 14X10-RIGHT'}),0.06293333333333333,0.0832,0.0624,0.9915254237288136,11.917372881355933,1.0,0.057163946666666667,108.1824000000003,0.9776133560994119,0.7452229299363057,0.9907563522347443,0.8707627118644068
frozenset({'MICROVAL 14X10-RIGHT'}),"frozenset({'MICROVAL 14X10-LEFT', 'בלון דו צדדי PDBS2', 'טאקר-10 סיכות MICROVAL'})",0.0832,0.06293333333333333,0.0624,0.75,11.917372881355933,1.0,0.057163946666666667,3.748266666666667,0.9992243552452976,0.7452229299363057,0.7332100170745589,0.8707627118644068
frozenset({'DEXTILE LEFT ANT. MESH 16X12CM'}),"frozenset({'CAPSURE טאקר 30', 'טרוקר אקסל ללא סכין 11 B11LT'})",0.0672,0.07093333333333333,0.05653333333333333,0.8412698412698413,11.860007160759041,1.0,0.05176661333333333,5.8531200000000005,0.9816498915822519,0.6928104575163397,0.8291509485539337,0.8191311612364244
"frozenset({'CAPSURE טאקר 30', 'טרוקר אקסל ללא סכין 11 B11LT'})",frozenset({'DEXTILE LEFT ANT. MESH 16X12CM'}),0.07093333333333333,0.0672,0.05653333333333333,0.7969924812030075,11.860007160759041,1.0,0.05176661333333333,4.594903703703703,0.985594523752789,0.6928104575163397,0.7823675827648022,0.8191311612364244
"frozenset({'CAPSURE טאקר 30', 'טרוקר אקסל ללא סכין 11 B11LT'})","frozenset({'DEXTILE RIGHT ANT. MESH 16X12C', 'DEXTILE LEFT ANT. MESH 16X12CM'})",0.07093333333333333,0.0672,0.05653333333333333,0.7969924812030075,11.860007160759041,1.0,0.05176661333333333,4.594903703703703,0.985594523752789,0.6928104575163397,0.7823675827648022,0.8191311612364244
"frozenset({'DEXTILE RIGHT ANT. MESH 16X12C', 'DEXTILE LEFT ANT. MESH 16X12CM'})","frozenset({'CAPSURE טאקר 30', 'טרוקר אקסל ללא סכין 11 B11LT'})",0.0672,0.07093333333333333,0.05653333333333333,0.8412698412698413,11.860007160759041,1.0,0.05176661333333333,5.8531200000000005,0.9816498915822519,0.6928104575163397,0.8291509485539337,0.8191311612364244
frozenset({'MICROVAL 14X10-LEFT'}),"frozenset({'בלון אמצעי T10SB', 'MICROVAL 14X10-RIGHT'})",0.0832,0.07093333333333333,0.06986666666666666,0.8397435897435898,11.83849045691151,1.0,0.06396501333333332,5.797376000000001,0.9986144971557223,0.8291139240506327,0.8275081692131061,0.9123529978793137
"frozenset({'בלון אמצעי T10SB', 'MICROVAL 14X10-RIGHT'})",frozenset({'MICROVAL 14X10-LEFT'}),0.07093333333333333,0.0832,0.06986666666666666,0.9849624060150375,11.838490456911508,1.0,0.06396501333333332,60.96719999999956,0.985429575551485,0.8291139240506327,0.9835977377999973,0.9123529978793137
frozenset({'MICROVAL 14X10-LEFT'}),"frozenset({'בלון אמצעי T10SB', 'MICROVAL 14X10-RIGHT', 'בלון דו צדדי PDBS2'})",0.0832,0.0688,0.06773333333333334,0.8141025641025642,11.832886106141922,1.0,0.06200917333333334,5.009213793103451,0.9985708592708634,0.8037974683544306,0.8003678738214822,0.899299344066786
frozenset({'MICROVAL 14X10-LEFT'}),"frozenset({'MICROVAL 14X10-RIGHT', 'בלון דו צדדי PDBS2'})",0.0832,0.0688,0.06773333333333334,0.8141025641025642,11.832886106141922,1.0,0.06200917333333334,5.009213793103451,0.9985708592708634,0.8037974683544306,0.8003678738214822,0.899299344066786
"frozenset({'בלון אמצעי T10SB', 'MICROVAL 14X10-RIGHT', 'בלון דו צדדי PDBS2'})",frozenset({'MICROVAL 14X10-LEFT'}),0.0688,0.0832,0.06773333333333334,0.9844961240310078,11.832886106141922,1.0,0.06200917333333334,59.13360000000032,0.9831290418594583,0.8037974683544306,0.9830891405224779,0.899299344066786
"frozenset({'MICROVAL 14X10-RIGHT', 'בלון דו צדדי PDBS2'})",frozenset({'MICROVAL 14X10-LEFT'}),0.0688,0.0832,0.06773333333333334,0.9844961240310078,11.832886106141922,1.0,0.06200917333333334,59.13360000000032,0.9831290418594583,0.8037974683544306,0.9830891405224779,0.899299344066786
"frozenset({'בלון אמצעי T10SB', 'MICROVAL 14X10-RIGHT', 'טאקר-10 סיכות MICROVAL'})",frozenset({'MICROVAL 14X10-LEFT'}),0.0656,0.0832,0.06453333333333333,0.9837398373983739,11.82379612257661,1.0,0.05907541333333333,56.3831999999997,0.9796926299105627,0.7658227848101267,0.9822642205479646,0.8796904315196998
frozenset({'MICROVAL 14X10-LEFT'}),"frozenset({'בלון אמצעי T10SB', 'MICROVAL 14X10-RIGHT', 'טאקר-10 סיכות MICROVAL'})",0.0832,0.0656,0.06453333333333333,0.7756410256410257,11.82379612257661,1.0,0.05907541333333333,4.164754285714286,0.9984999927884268,0.7658227848101267,0.7598897962767825,0.8796904315196998
frozenset({'MICROVAL 14X10-LEFT'}),"frozenset({'MICROVAL 14X10-RIGHT', 'בלון דו צדדי PDBS2', 'טאקר-10 סיכות MICROVAL'})",0.0832,0.06346666666666667,0.0624,0.75,11.817226890756302,1.0,0.05711957333333333,3.7461333333333333,0.9984487104905952,0.740506329113924,0.7330580865603644,0.8665966386554621
frozenset({'MICROVAL 14X10-LEFT'}),"frozenset({'בלון אמצעי T10SB', 'MICROVAL 14X10-RIGHT', 'בלון דו צדדי PDBS2', 'טאקר-10 סיכות MICROVAL'})",0.0832,0.06346666666666667,0.0624,0.75,11.817226890756302,1.0,0.05711957333333333,3.7461333333333333,0.9984487104905952,0.740506329113924,0.7330580865603644,0.8665966386554621
"frozenset({'בלון אמצעי T10SB', 'MICROVAL 14X10-RIGHT', 'בלון דו צדדי PDBS2', 'טאקר-10 סיכות MICROVAL'})",frozenset({'MICROVAL 14X10-LEFT'}),0.06346666666666667,0.0832,0.0624,0.9831932773109242,11.8172268907563,1.0,0.05711957333333333,54.54959999999948,0.977410782080486,0.740506329113924,0.9816680598941145,0.8665966386554621
"frozenset({'MICROVAL 14X10-RIGHT', 'בלון דו צדדי PDBS2', 'טאקר-10 סיכות MICROVAL'})",frozenset({'MICROVAL 14X10-LEFT'}),0.06346666666666667,0.0832,0.0624,0.9831932773109242,11.8172268907563,1.0,0.05711957333333333,54.54959999999948,0.977410782080486,0.740506329113924,0.9816680598941145,0.8665966386554621
"frozenset({'בלון דו צדדי PDBS2', 'טאקר-10 סיכות MICROVAL'})","frozenset({'בלון אמצעי T10SB', 'MICROVAL 14X10-RIGHT'})",0.07573333333333333,0.07093333333333333,0.06346666666666667,0.8380281690140846,11.814306893995553,1.0,0.05809464888888889,5.735976811594207,0.9903601371304437,0.7628205128205129,0.8256617777849647,0.8663825055596739
"frozenset({'בלון אמצעי T10SB', 'MICROVAL 14X10-RIGHT'})","frozenset({'בלון דו צדדי PDBS2', 'טאקר-10 סיכות MICROVAL'})",0.07093333333333333,0.07573333333333333,0.06346666666666667,0.8947368421052632,11.814306893995552,1.0,0.05809464888888889,8.780533333333334,0.9852434659282772,0.7628205128205129,0.8861117016430285,0.8663825055596739
"frozenset({'בלון אמצעי T10SB', 'MICROVAL 14X10-LEFT'})","frozenset({'בלון דו צדדי PDBS2', 'טאקר-10 סיכות MICROVAL'})",0.0704,0.07573333333333333,0.06293333333333333,0.8939393939393938,11.803777208706785,1.0,0.05760170666666666,8.714514285714275,0.9845969835759503,0.7564102564102563,0.8852489115039605,0.8624626547161758
"frozenset({'בלון דו צדדי PDBS2', 'טאקר-10 סיכות MICROVAL'})","frozenset({'בלון אמצעי T10SB', 'MICROVAL 14X10-LEFT'})",0.07573333333333333,0.0704,0.06293333333333333,0.8309859154929576,11.803777208706784,1.0,0.05760170666666666,5.50013333333333,0.9902784433773117,0.7564102564102563,0.8181862257884656,0.8624626547161758
"frozenset({'בלון דו צדדי PDBS2', 'טאקר-10 סיכות MICROVAL'})","frozenset({'בלון אמצעי T10SB', 'MICROVAL 14X10-RIGHT', 'MICROVAL 14X10-LEFT'})",0.07573333333333333,0.06986666666666666,0.0624,0.823943661971831,11.793086764863995,1.0,0.057108764444444446,5.2831573333333335,0.9901953531497675,0.7499999999999999,0.8107192466726968,0.8585367164820987
"frozenset({'בלון אמצעי T10SB', 'MICROVAL 14X10-RIGHT', 'MICROVAL 14X10-LEFT'})","frozenset({'בלון דו צדדי PDBS2', 'טאקר-10 סיכות MICROVAL'})",0.06986666666666666,0.07573333333333333,0.0624,0.8931297709923665,11.793086764863993,1.0,0.057108764444444446,8.648495238095242,0.9839498549360935,0.7499999999999999,0.8843729489963572,0.8585367164820987
"frozenset({'CAPSURE טאקר 30', 'טרוקר אקסל ללא סכין 11 B11LT'})",frozenset({'DEXTILE RIGHT ANT. MESH 16X12C'}),0.07093333333333333,0.06826666666666667,0.05706666666666667,0.8045112781954887,11.784833176691729,1.0,0.05222428444444445,4.766174358974359,0.9850156120905179,0.6948051948051949,0.7901881205589819,0.8202243890977443
frozenset({'DEXTILE RIGHT ANT. MESH 16X12C'}),"frozenset({'CAPSURE טאקר 30', 'טרוקר אקסל ללא סכין 11 B11LT'})",0.06826666666666667,0.07093333333333333,0.05706666666666667,0.8359375,11.784833176691729,1.0,0.05222428444444445,5.66288253968254,0.9821964489191085,0.6948051948051949,0.8234114882319173,0.8202243890977443
"frozenset({'MICROVAL 16X11-RIGHT', 'טאקר-10 סיכות MICROVAL'})","frozenset({'MICROVAL 16X11-LEFT', 'טרוקר אקסל ללא סכין 11 B11LT'})",0.07253333333333334,0.07253333333333334,0.06186666666666667,0.8529411764705882,11.759299307958477,1.0,0.05660558222222222,6.306773333333332,0.9865162300965676,0.7435897435897435,0.8414403139058958,0.8529411764705882
"frozenset({'MICROVAL 16X11-LEFT', 'טרוקר אקסל ללא סכין 11 B11LT'})","frozenset({'MICROVAL 16X11-RIGHT', 'טאקר-10 סיכות MICROVAL'})",0.07253333333333334,0.07253333333333334,0.06186666666666667,0.8529411764705882,11.759299307958477,1.0,0.05660558222222222,6.306773333333332,0.9865162300965676,0.7435897435897435,0.8414403139058958,0.8529411764705882
"frozenset({'MICROVAL 14X10-RIGHT', 'בלון דו צדדי PDBS2'})","frozenset({'בלון אמצעי T10SB', 'טאקר-10 סיכות MICROVAL'})",0.0688,0.07893333333333333,0.06346666666666667,0.9224806201550388,11.686832181018229,1.0,0.05803605333333334,11.881760000000014,0.9819948597995899,0.7531645569620254,0.9158373843605662,0.8632673371045465
"frozenset({'בלון אמצעי T10SB', 'טאקר-10 סיכות MICROVAL'})","frozenset({'MICROVAL 14X10-RIGHT', 'בלון דו צדדי PDBS2'})",0.07893333333333333,0.0688,0.06346666666666667,0.8040540540540542,11.686832181018229,1.0,0.05803605333333334,4.752331034482761,0.992798509096748,0.7531645569620254,0.7895769480821029,0.8632673371045465
"frozenset({'בלון אמצעי T10SB', 'טאקר-10 סיכות MICROVAL'})","frozenset({'בלון דו צדדי PDBS2', 'MICROVAL 14X10-LEFT'})",0.07893333333333333,0.06826666666666667,0.06293333333333333,0.7972972972972973,11.679159628378377,1.0,0.05754481777777777,4.59655111111111,0.9927374795128222,0.7468354430379746,0.7824455823883414,0.8595861486486486
"frozenset({'בלון דו צדדי PDBS2', 'MICROVAL 14X10-LEFT'})","frozenset({'בלון אמצעי T10SB', 'טאקר-10 סיכות MICROVAL'})",0.06826666666666667,0.07893333333333333,0.06293333333333333,0.9218749999999999,11.679159628378377,1.0,0.05754481777777777,11.789653333333318,0.9813724253684282,0.7468354430379746,0.9151798639258829,0.8595861486486486
"frozenset({'MICROVAL 16X11-LEFT', 'טאקר-10 סיכות MICROVAL'})","frozenset({'טרוקר אקסל ללא סכין 11 B11LT', 'MICROVAL 16X11-RIGHT'})",0.07146666666666666,0.07413333333333333,0.06186666666666667,0.8656716417910448,11.677225383872008,1.0,0.05656860444444445,6.892562962962965,0.9847392501336926,0.7388535031847133,0.8549160877639453,0.8501020079458821
"frozenset({'טרוקר אקסל ללא סכין 11 B11LT', 'MICROVAL 16X11-RIGHT'})","frozenset({'MICROVAL 16X11-LEFT', 'טאקר-10 סיכות MICROVAL'})",0.07413333333333333,0.07146666666666666,0.06186666666666667,0.8345323741007195,11.677225383872008,1.0,0.05656860444444445,5.611571014492754,0.9875754806928334,0.7388535031847133,0.8217967842842326,0.8501020079458821
"frozenset({'MICROVAL 14X10-RIGHT', 'בלון דו צדדי PDBS2', 'MICROVAL 14X10-LEFT'})","frozenset({'בלון אמצעי T10SB', 'טאקר-10 סיכות MICROVAL'})",0.06773333333333334,0.07893333333333333,0.0624,0.921259842519685,11.671366248137902,1.0,0.05705358222222222,11.697546666666655,0.9807496723972696,0.740506329113924,0.9145119888386852,0.8559001915301128
"frozenset({'בלון אמצעי T10SB', 'טאקר-10 סיכות MICROVAL'})","frozenset({'MICROVAL 14X10-RIGHT', 'בלון דו צדדי PDBS2', 'MICROVAL 14X10-LEFT'})",0.07893333333333333,0.06773333333333334,0.0624,0.7905405405405406,11.6713662481379,1.0,0.05705358222222222,4.450821505376345,0.9926754066881455,0.740506329113924,0.7753223761518956,0.8559001915301128
frozenset({'MICROVAL 14X10-LEFT'}),"frozenset({'MICROVAL 14X10-RIGHT', 'טאקר-10 סיכות MICROVAL'})",0.0832,0.0736,0.07093333333333333,0.8525641025641026,11.583751393534003,1.0,0.06480981333333334,6.283408695652177,0.9965883294623994,0.8260869565217392,0.8408507152030469,0.9081661092530658
"frozenset({'MICROVAL 14X10-RIGHT', 'טאקר-10 סיכות MICROVAL'})",frozenset({'MICROVAL 14X10-LEFT'}),0.0736,0.0832,0.07093333333333333,0.963768115942029,11.583751393534003,1.0,0.06480981333333334,25.303680000000043,0.9862609892607166,0.8260869565217392,0.9604800566557908,0.9081661092530658
frozenset({'MICROVAL 14X10-LEFT'}),frozenset({'MICROVAL 14X10-RIGHT'}),0.0832,0.0832,0.08,0.9615384615384616,11.556952662721894,1.0,0.07307776,23.836800000000018,0.996369982547993,0.925925925925926,0.9580480601423009,0.9615384615384616
frozenset({'MICROVAL 14X10-RIGHT'}),frozenset({'MICROVAL 14X10-LEFT'}),0.0832,0.0832,0.08,0.9615384615384616,11.556952662721894,1.0,0.07307776,23.836800000000018,0.996369982547993,0.925925925925926,0.9580480601423009,0.9615384615384616
"frozenset({'MICROVAL 14X10-LEFT', 'טאקר-10 סיכות MICROVAL'})",frozenset({'MICROVAL 14X10-RIGHT'}),0.07413333333333333,0.0832,0.07093333333333333,0.9568345323741008,11.500415052573327,1.0,0.06476544000000001,21.239200000000025,0.9861534596860818,0.8209876543209877,0.9529172473539493,0.9046993174691017
frozenset({'MICROVAL 14X10-RIGHT'}),"frozenset({'MICROVAL 14X10-LEFT', 'טאקר-10 סיכות MICROVAL'})",0.0832,0.07413333333333333,0.07093333333333333,0.8525641025641026,11.500415052573327,1.0,0.06476544000000001,6.279791304347829,0.9959059953548793,0.8209876543209877,0.8407590393477491,0.9046993174691017
"frozenset({'MICROVAL 16X11-LEFT', 'טרוקר אקסל ללא סכין 11 B11LT'})",frozenset({'MICROVAL 16X11-RIGHT'}),0.07253333333333334,0.0864,0.07093333333333333,0.9779411764705882,11.318763616557733,1.0,0.06466645333333333,41.41653333333327,0.9829475932499449,0.806060606060606,0.9758550530544967,0.8994644153957879
frozenset({'MICROVAL 16X11-RIGHT'}),"frozenset({'MICROVAL 16X11-LEFT', 'טרוקר אקסל ללא סכין 11 B11LT'})",0.0864,0.07253333333333334,0.07093333333333333,0.8209876543209876,11.318763616557733,1.0,0.06466645333333333,5.181020689655172,0.997866821168508,0.806060606060606,0.8069878389027325,0.8994644153957879
"frozenset({'טרוקר ללא סכין 5 NB5STF', 'MICROVAL 16X11-LEFT'})",frozenset({'MICROVAL 16X11-RIGHT'}),0.07093333333333333,0.0864,0.06933333333333333,0.9774436090225563,11.313004734057364,1.0,0.06320469333333333,40.50293333333323,0.9812063940651768,0.7878787878787878,0.9753104301910643,0.8899563724125127
frozenset({'MICROVAL 16X11-RIGHT'}),"frozenset({'טרוקר ללא סכין 5 NB5STF', 'MICROVAL 16X11-LEFT'})",0.0864,0.07093333333333333,0.06933333333333333,0.802469135802469,11.313004734057364,1.0,0.06320469333333333,4.703399999999998,0.9978175939647044,0.7878787878787878,0.7873878470893395,0.8899563724125127
frozenset({'MICROVAL 16X11-RIGHT'}),"frozenset({'טרוקר ללא סכין 5 NB5STF', 'MICROVAL 16X11-LEFT', 'טרוקר אקסל ללא סכין 11 B11LT'})",0.0864,0.0688,0.0672,0.7777777777777777,11.304909560723512,1.0,0.06125567999999999,4.190399999999999,0.9977483112334251,0.7636363636363636,0.7613592974417716,0.8772609819121446
"frozenset({'טרוקר ללא סכין 5 NB5STF', 'MICROVAL 16X11-LEFT', 'טרוקר אקסל ללא סכין 11 B11LT'})",frozenset({'MICROVAL 16X11-RIGHT'}),0.0688,0.0864,0.0672,0.9767441860465116,11.304909560723512,1.0,0.06125567999999999,39.284799999999926,0.9788905252822777,0.7636363636363636,0.9745448621349733,0.8772609819121446
frozenset({'MICROVAL 16X11-LEFT'}),"frozenset({'טרוקר אקסל ללא סכין 11 B11LT', 'MICROVAL 16X11-RIGHT'})",0.0848,0.07413333333333333,0.07093333333333333,0.8364779874213837,11.283426089317226,1.0,0.06464682666666667,5.66203076923077,0.9958199695041801,0.8060606060606063,0.8233849230501695,0.8966562598977422
"frozenset({'טרוקר אקסל ללא סכין 11 B11LT', 'MICROVAL 16X11-RIGHT'})",frozenset({'MICROVAL 16X11-LEFT'}),0.07413333333333333,0.0848,0.07093333333333333,0.9568345323741008,11.283426089317226,1.0,0.06464682666666667,21.202133333333357,0.9843473892103533,0.8060606060606063,0.9528349348493234,0.8966562598977422
frozenset({'MICROVAL 16X11-RIGHT'}),frozenset({'MICROVAL 16X11-LEFT'}),0.0864,0.0848,0.08266666666666667,0.95679012345679,11.2829023992546,1.0,0.07533994666666667,21.18034285714282,0.9975594599175189,0.933734939759036,0.9527864111197444,0.9658164453761937
frozenset({'MICROVAL 16X11-LEFT'}),frozenset({'MICROVAL 16X11-RIGHT'}),0.0848,0.0864,0.08266666666666667,0.9748427672955975,11.2829023992546,1.0,0.07533994666666667,36.3156,0.995815474847733,0.933734939759036,0.9724636244478957,0.9658164453761937
"frozenset({'טרוקר ללא סכין 5 NB5STF', 'MICROVAL 16X11-LEFT', 'טאקר-10 סיכות MICROVAL'})",frozenset({'MICROVAL 16X11-RIGHT'}),0.06346666666666667,0.0864,0.06186666666666667,0.9747899159663865,11.2822906940554,1.0,0.05638314666666667,36.23946666666664,0.9731266200612678,0.703030303030303,0.9724057749194248,0.8454196493412179
"frozenset({'MICROVAL 16X11-LEFT', 'טרוקר אקסל ללא סכין 11 B11LT', 'טאקר-10 סיכות MICROVAL'})",frozenset({'MICROVAL 16X11-RIGHT'}),0.06346666666666667,0.0864,0.06186666666666667,0.9747899159663865,11.2822906940554,1.0,0.05638314666666667,36.23946666666664,0.9731266200612678,0.703030303030303,0.9724057749194248,0.8454196493412179
frozenset({'MICROVAL 16X11-RIGHT'}),"frozenset({'טרוקר ללא סכין 5 NB5STF', 'MICROVAL 16X11-LEFT', 'טאקר-10 סיכות MICROVAL'})",0.0864,0.06346666666666667,0.06186666666666667,0.7160493827160493,11.282290694055398,1.0,0.05638314666666667,3.298226086956521,0.9975542001328583,0.703030303030303,0.6968067155994263,0.8454196493412179
frozenset({'MICROVAL 16X11-RIGHT'}),"frozenset({'MICROVAL 16X11-LEFT', 'טרוקר אקסל ללא סכין 11 B11LT', 'טאקר-10 סיכות MICROVAL'})",0.0864,0.06346666666666667,0.06186666666666667,0.7160493827160493,11.282290694055398,1.0,0.05638314666666667,3.298226086956521,0.9975542001328583,0.703030303030303,0.6968067155994263,0.8454196493412179
frozenset({'MICROVAL 16X11-RIGHT'}),"frozenset({'טרוקר ללא סכין 5 NB5STF', 'MICROVAL 16X11-LEFT', 'טרוקר אקסל ללא סכין 11 B11LT', 'טאקר-10 סיכות MICROVAL'})",0.0864,0.06186666666666667,0.06026666666666667,0.6975308641975309,11.274744572158365,1.0,0.05492138666666667,3.1015836734693876,0.9974892673930227,0.6848484848484849,0.6775840650201083,0.8358343976160068
"frozenset({'טרוקר ללא סכין 5 NB5STF', 'MICROVAL 16X11-LEFT', 'טרוקר אקסל ללא סכין 11 B11LT', 'טאקר-10 סיכות MICROVAL'})",frozenset({'MICROVAL 16X11-RIGHT'}),0.06186666666666667,0.0864,0.06026666666666667,0.9741379310344828,11.274744572158365,1.0,0.05492138666666667,35.32586666666667,0.9714037038341374,0.6848484848484849,0.971692131167341,0.8358343976160068
frozenset({'MICROVAL 16X11-LEFT'}),"frozenset({'MICROVAL 16X11-RIGHT', 'טאקר-10 סיכות MICROVAL'})",0.0848,0.07253333333333334,0.06933333333333333,0.8176100628930817,11.272197558268589,1.0,0.06318250666666667,5.085075862068964,0.9957235072619688,0.7878787878787878,0.8033461000141048,0.8867462079171291
"frozenset({'MICROVAL 16X11-RIGHT', 'טאקר-10 סיכות MICROVAL'})",frozenset({'MICROVAL 16X11-LEFT'}),0.07253333333333334,0.0848,0.06933333333333333,0.9558823529411764,11.272197558268589,1.0,0.06318250666666667,20.744533333333305,0.9825540761710975,0.7878787878787878,0.9517945290004113,0.8867462079171291
frozenset({'MICROVAL 16X11-LEFT'}),"frozenset({'טרוקר ללא סכין 5 NB5STF', 'MICROVAL 16X11-RIGHT'})",0.0848,0.07253333333333334,0.06933333333333333,0.8176100628930817,11.272197558268589,1.0,0.06318250666666667,5.085075862068964,0.9957235072619688,0.7878787878787878,0.8033461000141048,0.8867462079171291
"frozenset({'טרוקר ללא סכין 5 NB5STF', 'MICROVAL 16X11-RIGHT'})",frozenset({'MICROVAL 16X11-LEFT'}),0.07253333333333334,0.0848,0.06933333333333333,0.9558823529411764,11.272197558268589,1.0,0.06318250666666667,20.744533333333305,0.9825540761710975,0.7878787878787878,0.9517945290004113,0.8867462079171291
frozenset({'MICROVAL 16X11-LEFT'}),"frozenset({'טרוקר ללא סכין 5 NB5STF', 'טרוקר אקסל ללא סכין 11 B11LT', 'MICROVAL 16X11-RIGHT'})",0.0848,0.0704,0.0672,0.7924528301886792,11.256432246998283,1.0,0.06123007999999999,4.478981818181817,0.9955877455877455,0.7636363636363636,0.7767349722339492,0.8734991423670668
"frozenset({'טרוקר ללא סכין 5 NB5STF', 'טרוקר אקסל ללא סכין 11 B11LT', 'MICROVAL 16X11-RIGHT'})",frozenset({'MICROVAL 16X11-LEFT'}),0.0704,0.0848,0.0672,0.9545454545454545,11.256432246998283,1.0,0.06123007999999999,20.134399999999967,0.9801655601999836,0.7636363636363636,0.9503337571519389,0.8734991423670668
"frozenset({'MICROVAL 16X11-LEFT', 'טאקר-10 סיכות MICROVAL'})",frozenset({'MICROVAL 16X11-RIGHT'}),0.07146666666666666,0.0864,0.06933333333333333,0.9701492537313433,11.22857932559425,1.0,0.06315861333333334,30.605600000000024,0.9810542128750055,0.783132530120482,0.9673262409493688,0.8863091947669062
frozenset({'MICROVAL 16X11-RIGHT'}),"frozenset({'MICROVAL 16X11-LEFT', 'טאקר-10 סיכות MICROVAL'})",0.0864,0.07146666666666666,0.06933333333333333,0.802469135802469,11.22857932559425,1.0,0.06315861333333334,4.700699999999998,0.9970901252862726,0.783132530120482,0.7872657263811772,0.8863091947669062
frozenset({'MICROVAL 16X11-LEFT'}),"frozenset({'MICROVAL 16X11-RIGHT', 'טרוקר אקסל ללא סכין 11 B11LT', 'טאקר-10 סיכות MICROVAL'})",0.0848,0.06506666666666666,0.06186666666666667,0.7295597484276729,11.212496133622023,1.0,0.056349013333333337,3.4570790697674414,0.9952073788280685,0.7030303030303032,0.7107384645190453,0.8401897102794103
"frozenset({'MICROVAL 16X11-RIGHT', 'טרוקר אקסל ללא סכין 11 B11LT', 'טאקר-10 סיכות MICROVAL'})",frozenset({'MICROVAL 16X11-LEFT'}),0.06506666666666666,0.0848,0.06186666666666667,0.9508196721311476,11.212496133622023,1.0,0.056349013333333337,18.60906666666669,0.9742018608493813,0.7030303030303032,0.9462627536398028,0.8401897102794103
frozenset({'MICROVAL 16X11-LEFT'}),"frozenset({'טרוקר ללא סכין 5 NB5STF', 'MICROVAL 16X11-RIGHT', 'טאקר-10 סיכות MICROVAL'})",0.0848,0.06506666666666666,0.06186666666666667,0.7295597484276729,11.212496133622023,1.0,0.056349013333333337,3.4570790697674414,0.9952073788280685,0.7030303030303032,0.7107384645190453,0.8401897102794103
"frozenset({'טרוקר ללא סכין 5 NB5STF', 'MICROVAL 16X11-RIGHT', 'טאקר-10 סיכות MICROVAL'})",frozenset({'MICROVAL 16X11-LEFT'}),0.06506666666666666,0.0848,0.06186666666666667,0.9508196721311476,11.212496133622023,1.0,0.056349013333333337,18.60906666666669,0.9742018608493813,0.7030303030303032,0.9462627536398028,0.8401897102794103
"frozenset({'טרוקר ללא סכין 5 NB5STF', 'MICROVAL 16X11-RIGHT', 'טרוקר אקסל ללא סכין 11 B11LT', 'טאקר-10 סיכות MICROVAL'})",frozenset({'MICROVAL 16X11-LEFT'}),0.06346666666666667,0.0848,0.06026666666666667,0.9495798319327731,11.19787537656572,1.0,0.05488469333333334,18.15146666666665,0.9724131674965227,0.6848484848484849,0.9449080331433272,0.8301358279160721
frozenset({'MICROVAL 16X11-LEFT'}),"frozenset({'טרוקר ללא סכין 5 NB5STF', 'MICROVAL 16X11-RIGHT', 'טרוקר אקסל ללא סכין 11 B11LT', 'טאקר-10 סיכות MICROVAL'})",0.0848,0.06346666666666667,0.06026666666666667,0.7106918238993711,11.19787537656572,1.0,0.05488469333333334,3.2371478260869573,0.9950801410978403,0.6848484848484849,0.6910860875918684,0.8301358279160721
"frozenset({'בלון אמצעי T10SB', 'בלון דו צדדי PDBS2', 'טאקר-10 סיכות MICROVAL'})","frozenset({'MICROVAL 14X10-RIGHT', 'MICROVAL 14X10-LEFT'})",0.07573333333333333,0.08,0.0624,0.823943661971831,10.299295774647888,1.0,0.05634133333333333,5.225600000000001,0.976889046710166,0.6685714285714285,0.8086344151867728,0.8019718309859154
"frozenset({'בלון דו צדדי PDBS2', 'טאקר-10 סיכות MICROVAL'})","frozenset({'MICROVAL 14X10-RIGHT', 'MICROVAL 14X10-LEFT'})",0.07573333333333333,0.08,0.0624,0.823943661971831,10.299295774647888,1.0,0.05634133333333333,5.225600000000001,0.976889046710166,0.6685714285714285,0.8086344151867728,0.8019718309859154
"frozenset({'MICROVAL 14X10-RIGHT', 'MICROVAL 14X10-LEFT'})","frozenset({'בלון דו צדדי PDBS2', 'טאקר-10 סיכות MICROVAL'})",0.08,0.07573333333333333,0.0624,0.7799999999999999,10.299295774647886,1.0,0.05634133333333333,4.201212121212119,0.9814195466369379,0.6685714285714285,0.7619734564339296,0.8019718309859154
"frozenset({'MICROVAL 14X10-RIGHT', 'MICROVAL 14X10-LEFT'})","frozenset({'בלון אמצעי T10SB', 'בלון דו צדדי PDBS2', 'טאקר-10 סיכות MICROVAL'})",0.08,0.07573333333333333,0.0624,0.7799999999999999,10.299295774647886,1.0,0.05634133333333333,4.201212121212119,0.9814195466369379,0.6685714285714285,0.7619734564339296,0.8019718309859154
"frozenset({'בלון אמצעי T10SB', 'טאקר-10 סיכות MICROVAL'})","frozenset({'MICROVAL 14X10-RIGHT', 'MICROVAL 14X10-LEFT'})",0.07893333333333333,0.08,0.06453333333333333,0.8175675675675677,10.219594594594595,1.0,0.05821866666666667,5.0429629629629655,0.9794608718122957,0.6836158192090397,0.8017038777908344,0.8121171171171171
"frozenset({'MICROVAL 14X10-RIGHT', 'MICROVAL 14X10-LEFT'})","frozenset({'בלון אמצעי T10SB', 'טאקר-10 סיכות MICROVAL'})",0.08,0.07893333333333333,0.06453333333333333,0.8066666666666666,10.219594594594595,1.0,0.05821866666666667,4.764137931034482,0.9805964786201941,0.6836158192090397,0.7900984365952519,0.8121171171171171
"frozenset({'בלון דו צדדי PDBS2', 'טאקר-10 סיכות MICROVAL'})",frozenset({'MICROVAL 14X10-RIGHT'}),0.07573333333333333,0.0832,0.06346666666666667,0.8380281690140846,10.07245395449621,1.0,0.05716565333333334,5.660243478260874,0.9745232195590297,0.6648044692737433,0.8233291546837745,0.8004243409172987
frozenset({'MICROVAL 14X10-RIGHT'}),"frozenset({'בלון אמצעי T10SB', 'בלון דו צדדי PDBS2', 'טאקר-10 סיכות MICROVAL'})",0.0832,0.07573333333333333,0.06346666666666667,0.7628205128205129,10.07245395449621,1.0,0.05716565333333334,3.8969081081081094,0.9824599997066888,0.6648044692737433,0.7433863020995163,0.8004243409172987
"frozenset({'בלון אמצעי T10SB', 'בלון דו צדדי PDBS2', 'טאקר-10 סיכות MICROVAL'})",frozenset({'MICROVAL 14X10-RIGHT'}),0.07573333333333333,0.0832,0.06346666666666667,0.8380281690140846,10.07245395449621,1.0,0.05716565333333334,5.660243478260874,0.9745232195590297,0.6648044692737433,0.8233291546837745,0.8004243409172987
frozenset({'MICROVAL 14X10-RIGHT'}),"frozenset({'בלון דו צדדי PDBS2', 'טאקר-10 סיכות MICROVAL'})",0.0832,0.07573333333333333,0.06346666666666667,0.7628205128205129,10.07245395449621,1.0,0.05716565333333334,3.8969081081081094,0.9824599997066888,0.6648044692737433,0.7433863020995163,0.8004243409172987
frozenset({'MICROVAL 14X10-RIGHT'}),"frozenset({'בלון אמצעי T10SB', 'טאקר-10 סיכות MICROVAL'})",0.0832,0.07893333333333333,0.0656,0.7884615384615385,9.988955301455304,1.0,0.05903274666666667,4.354133333333335,0.9815547893698832,0.6795580110497239,0.7703331700146988,0.80977130977131
"frozenset({'בלון אמצעי T10SB', 'טאקר-10 סיכות MICROVAL'})",frozenset({'MICROVAL 14X10-RIGHT'}),0.07893333333333333,0.0832,0.0656,0.8310810810810813,9.988955301455304,1.0,0.05903274666666667,5.427456000000006,0.9770079229454713,0.6795580110497239,0.8157516154898354,0.80977130977131
frozenset({'MICROVAL 14X10-LEFT'}),"frozenset({'בלון דו צדדי PDBS2', 'טאקר-10 סיכות MICROVAL'})",0.0832,0.07573333333333333,0.06293333333333333,0.7564102564102564,9.987811484290358,1.0,0.05663231999999999,3.7943578947368417,0.9815422841423374,0.6555555555555556,0.7364507967508545,0.793698085951607
frozenset({'MICROVAL 14X10-LEFT'}),"frozenset({'בלון אמצעי T10SB', 'בלון דו צדדי PDBS2', 'טאקר-10 סיכות MICROVAL'})",0.0832,0.07573333333333333,0.06293333333333333,0.7564102564102564,9.987811484290358,1.0,0.05663231999999999,3.7943578947368417,0.9815422841423374,0.6555555555555556,0.7364507967508545,0.793698085951607
"frozenset({'בלון אמצעי T10SB', 'בלון דו צדדי PDBS2', 'טאקר-10 סיכות MICROVAL'})",frozenset({'MICROVAL 14X10-LEFT'}),0.07573333333333333,0.0832,0.06293333333333333,0.8309859154929576,9.987811484290356,1.0,0.05663231999999999,5.424399999999997,0.9736129177384177,0.6555555555555556,0.8156478135830688,0.793698085951607
"frozenset({'בלון דו צדדי PDBS2', 'טאקר-10 סיכות MICROVAL'})",frozenset({'MICROVAL 14X10-LEFT'}),0.07573333333333333,0.0832,0.06293333333333333,0.8309859154929576,9.987811484290356,1.0,0.05663231999999999,5.424399999999997,0.9736129177384177,0.6555555555555556,0.8156478135830688,0.793698085951607
frozenset({'MICROVAL 14X10-LEFT'}),"frozenset({'בלון אמצעי T10SB', 'טאקר-10 סיכות MICROVAL'})",0.0832,0.07893333333333333,0.06506666666666666,0.782051282051282,9.907744282744284,1.0,0.058499413333333326,4.226070588235294,0.9806597430835693,0.6703296703296703,0.7633735691060531,0.8031878031878033
"frozenset({'בלון אמצעי T10SB', 'טאקר-10 סיכות MICROVAL'})",frozenset({'MICROVAL 14X10-LEFT'}),0.07893333333333333,0.0832,0.06506666666666666,0.8243243243243243,9.907744282744284,1.0,0.058499413333333326,5.218707692307693,0.9761170227913466,0.6703296703296703,0.8083816801094288,0.8031878031878033
frozenset({'שרוול לטרוקר 5 - CFS02'}),"frozenset({'טרוקר CFF03 - 5X100', 'בלון דו צדדי PDBS2'})",0.0992,0.06826666666666667,0.06453333333333333,0.6505376344086021,9.529359879032258,1.0,0.05776128,2.666190769230769,0.9936291707646463,0.6269430051813472,0.6249330649777498,0.797925067204301
"frozenset({'טרוקר CFF03 - 5X100', 'בלון דו צדדי PDBS2'})",frozenset({'שרוול לטרוקר 5 - CFS02'}),0.06826666666666667,0.0992,0.06453333333333333,0.9453124999999999,9.529359879032258,1.0,0.05776128,16.471771428571397,0.9606409098005081,0.6269430051813472,0.9392900754884546,0.797925067204301
frozenset({'טרוקר CFF03 - 5X100'}),frozenset({'שרוול לטרוקר 5 - CFS02'}),0.10346666666666667,0.0992,0.0976,0.943298969072165,9.509062188227471,1.0,0.08733610666666668,15.88683636363639,0.9981080738436334,0.9289340101522844,0.9370548058083538,0.9635849684070503
frozenset({'שרוול לטרוקר 5 - CFS02'}),frozenset({'טרוקר CFF03 - 5X100'}),0.0992,0.10346666666666667,0.0976,0.9838709677419356,9.509062188227471,1.0,0.08733610666666668,55.585066666667096,0.9933805045181454,0.9289340101522844,0.9820095565235748,0.9635849684070503
frozenset({'טרוקר CFF03 - 5X100'}),"frozenset({'בלון דו צדדי PDBS2', 'שרוול לטרוקר 5 - CFS02'})",0.10346666666666667,0.0656,0.06453333333333333,0.6237113402061856,9.507794820216242,1.0,0.05774592,2.4832,0.9980924380902749,0.6173469387755102,0.5972938144329897,0.8037255888022797
"frozenset({'בלון דו צדדי PDBS2', 'שרוול לטרוקר 5 - CFS02'})",frozenset({'טרוקר CFF03 - 5X100'}),0.0656,0.10346666666666667,0.06453333333333333,0.9837398373983739,9.507794820216242,1.0,0.05774592,55.136799999999695,0.9576446280991735,0.6173469387755102,0.9818632927554736,0.8037255888022797
"frozenset({'בלון אמצעי T10SB', 'שרוול לטרוקר 5 - CFS02'})",frozenset({'טרוקר CFF03 - 5X100'}),0.06346666666666667,0.10346666666666667,0.0624,0.9831932773109242,9.502512345144241,1.0,0.055833315555555554,53.343733333332814,0.9554007748768569,0.5969387755102041,0.98125365553717,0.7931430304080394
frozenset({'טרוקר CFF03 - 5X100'}),"frozenset({'בלון אמצעי T10SB', 'שרוול לטרוקר 5 - CFS02'})",0.10346666666666667,0.06346666666666667,0.0624,0.6030927835051546,9.502512345144241,1.0,0.055833315555555554,2.359577489177489,0.9980272222984895,0.5969387755102041,0.5761953126834652,0.7931430304080394
"frozenset({'בלון אמצעי T10SB', 'בלון דו צדדי PDBS2', 'שרוול לטרוקר 5 - CFS02'})",frozenset({'טרוקר CFF03 - 5X100'}),0.06133333333333333,0.10346666666666667,0.06026666666666667,0.982608695652174,9.496862393545497,1.0,0.053920711111111116,51.55066666666696,0.9531627111826227,0.576530612244898,0.9806016087732459,0.7825414612281489
frozenset({'טרוקר CFF03 - 5X100'}),"frozenset({'בלון אמצעי T10SB', 'בלון דו צדדי PDBS2', 'שרוול לטרוקר 5 - CFS02'})",0.10346666666666667,0.06133333333333333,0.06026666666666667,0.5824742268041238,9.496862393545497,1.0,0.053920711111111116,2.248164609053498,0.997957389459498,0.576530612244898,0.5551927132146205,0.7825414612281489
frozenset({'שרוול לטרוקר 5 - CFS02'}),"frozenset({'בלון אמצעי T10SB', 'טרוקר CFF03 - 5X100', 'בלון דו צדדי PDBS2'})",0.0992,0.064,0.06026666666666667,0.6075268817204301,9.49260752688172,1.0,0.05391786666666667,2.384876712328767,0.993178138606391,0.5854922279792746,0.5806911129491775,0.7745967741935484
"frozenset({'בלון אמצעי T10SB', 'טרוקר CFF03 - 5X100', 'בלון דו צדדי PDBS2'})",frozenset({'שרוול לטרוקר 5 - CFS02'}),0.064,0.0992,0.06026666666666667,0.9416666666666667,9.49260752688172,1.0,0.05391786666666667,15.442285714285712,0.9558278496331595,0.5854922279792746,0.935242747187685,0.7745967741935484
frozenset({'שרוול לטרוקר 5 - CFS02'}),"frozenset({'בלון אמצעי T10SB', 'טרוקר CFF03 - 5X100'})",0.0992,0.06666666666666667,0.0624,0.6290322580645161,9.435483870967742,1.0,0.055786666666666665,2.5159420289855072,0.9924701310136478,0.6030927835051546,0.6025345622119815,0.782516129032258
"frozenset({'בלון אמצעי T10SB', 'טרוקר CFF03 - 5X100'})",frozenset({'שרוול לטרוקר 5 - CFS02'}),0.06666666666666667,0.0992,0.0624,0.9359999999999999,9.435483870967742,1.0,0.055786666666666665,14.074999999999989,0.9578754578754578,0.6030927835051546,0.9289520426287744,0.782516129032258
"frozenset({'טרוקר ללא סכין 5 NB5STF', 'MICROVAL 16X11-RIGHT'})","frozenset({'טרוקר אקסל ללא סכין 11 B11LT', 'טאקר-10 סיכות MICROVAL'})",0.07253333333333334,0.10026666666666667,0.06346666666666667,0.875,8.726728723404255,1.0,0.05619399111111111,7.197866666666666,0.9546537418877844,0.5804878048780489,0.8610699466508595,0.7539893617021276
"frozenset({'טרוקר אקסל ללא סכין 11 B11LT', 'טאקר-10 סיכות MICROVAL'})","frozenset({'טרוקר ללא סכין 5 NB5STF', 'MICROVAL 16X11-RIGHT'})",0.10026666666666667,0.07253333333333334,0.06346666666666667,0.6329787234042553,8.726728723404255,1.0,0.05619399111111111,2.527010628019324,0.9840799390295537,0.5804878048780489,0.6042755068332253,0.7539893617021276
"frozenset({'טרוקר אקסל ללא סכין 11 B11LT', 'טאקר-10 סיכות MICROVAL'})","frozenset({'טרוקר ללא סכין 5 NB5STF', 'MICROVAL 16X11-LEFT'})",0.10026666666666667,0.07093333333333333,0.06186666666666667,0.6170212765957447,8.69860822268437,1.0,0.05475441777777778,2.425896296296296,0.9836682133148009,0.5658536585365853,0.5877812248088526,0.744600863861782
"frozenset({'טרוקר ללא סכין 5 NB5STF', 'MICROVAL 16X11-LEFT'})","frozenset({'טרוקר אקסל ללא סכין 11 B11LT', 'טאקר-10 סיכות MICROVAL'})",0.07093333333333333,0.10026666666666667,0.06186666666666667,0.8721804511278195,8.698608222684369,1.0,0.05475441777777778,7.039090196078428,0.9526109505522784,0.5658536585365853,0.8579361860489991,0.744600863861782
"frozenset({'טרוקר ללא סכין 5 NB5STF', 'MICROVAL 16X11-LEFT', 'MICROVAL 16X11-RIGHT'})","frozenset({'טרוקר אקסל ללא סכין 11 B11LT', 'טאקר-10 סיכות MICROVAL'})",0.06933333333333333,0.10026666666666667,0.06026666666666667,0.8692307692307694,8.669189852700493,1.0,0.05331484444444445,6.880313725490202,0.9505540482288206,0.551219512195122,0.8546577903424379,0.7351472995090017
"frozenset({'טרוקר אקסל ללא סכין 11 B11LT', 'טאקר-10 סיכות MICROVAL'})","frozenset({'טרוקר ללא סכין 5 NB5STF', 'MICROVAL 16X11-LEFT', 'MICROVAL 16X11-RIGHT'})",0.10026666666666667,0.06933333333333333,0.06026666666666667,0.601063829787234,8.669189852700491,1.0,0.05331484444444445,2.332871111111111,0.9832346260576716,0.551219512195122,0.5713436566481741,0.7351472995090017
frozenset({'MICROVAL 16X11-RIGHT'}),"frozenset({'טרוקר ללא סכין 5 NB5STF', 'טרוקר אקסל ללא סכין 11 B11LT', 'טאקר-10 סיכות MICROVAL'})",0.0864,0.08586666666666666,0.06346666666666667,0.7345679012345679,8.55475040257649,1.0,0.05604778666666667,3.443944186046512,0.9666220253425364,0.5833333333333334,0.7096352478499504,0.7368491680085884
"frozenset({'טרוקר ללא סכין 5 NB5STF', 'טרוקר אקסל ללא סכין 11 B11LT', 'טאקר-10 סיכות MICROVAL'})",frozenset({'MICROVAL 16X11-RIGHT'}),0.08586666666666666,0.0864,0.06346666666666667,0.7391304347826088,8.55475040257649,1.0,0.05604778666666667,3.502133333333334,0.9660580685016129,0.5833333333333334,0.7144597578618748,0.7368491680085884
"frozenset({'טרוקר ללא סכין 5 NB5STF', 'טרוקר אקסל ללא סכין 11 B11LT', 'טאקר-10 סיכות MICROVAL'})",frozenset({'MICROVAL 16X11-LEFT'}),0.08586666666666666,0.0848,0.06186666666666667,0.7204968944099379,8.496425641626626,1.0,0.054585173333333334,3.2743822222222225,0.9651802599283787,0.5686274509803922,0.6945988793814881,0.7250283214188054
frozenset({'MICROVAL 16X11-LEFT'}),"frozenset({'טרוקר ללא סכין 5 NB5STF', 'טרוקר אקסל ללא סכין 11 B11LT', 'טאקר-10 סיכות MICROVAL'})",0.0848,0.08586666666666666,0.06186666666666667,0.7295597484276729,8.496425641626626,1.0,0.054585173333333334,3.3801674418604644,0.9640553412105136,0.5686274509803922,0.7041566676207041,0.7250283214188054
"frozenset({'MICROVAL 16X11-LEFT', 'MICROVAL 16X11-RIGHT'})","frozenset({'טרוקר ללא סכין 5 NB5STF', 'טרוקר אקסל ללא סכין 11 B11LT', 'טאקר-10 סיכות MICROVAL'})",0.08266666666666667,0.08586666666666666,0.06026666666666667,0.7290322580645162,8.49028250851533,1.0,0.05316835555555556,3.373587301587303,0.9617205186252316,0.5566502463054188,0.7035796288628751,0.7154478060508918
"frozenset({'טרוקר ללא סכין 5 NB5STF', 'טרוקר אקסל ללא סכין 11 B11LT', 'טאקר-10 סיכות MICROVAL'})","frozenset({'MICROVAL 16X11-LEFT', 'MICROVAL 16X11-RIGHT'})",0.08586666666666666,0.08266666666666667,0.06026666666666667,0.7018633540372672,8.490282508515328,1.0,0.05316835555555556,3.07688888888889,0.9650871015375719,0.5566502463054188,0.6749963888487651,0.7154478060508918
"frozenset({'טרוקר אקסל OPTI-סכין-5X100', 'בלון דו צדדי PDBS2'})","frozenset({'בלון אמצעי T10SB', 'שרוול אקסל OPTI-5X100'})",0.10133333333333333,0.08586666666666666,0.0736,0.7263157894736842,8.458646616541355,1.0,0.06489884444444444,3.3401025641025646,0.9812067260138475,0.6478873239436621,0.7006079960695204,0.7917293233082707
"frozenset({'בלון אמצעי T10SB', 'שרוול אקסל OPTI-5X100'})","frozenset({'טרוקר אקסל OPTI-סכין-5X100', 'בלון דו צדדי PDBS2'})",0.08586666666666666,0.10133333333333333,0.0736,0.8571428571428572,8.458646616541355,1.0,0.06489884444444444,6.29066666666667,0.9646052119797742,0.6478873239436621,0.8410343365832981,0.7917293233082707
"frozenset({'בלון אמצעי T10SB', 'טרוקר אקסל OPTI-סכין-5X100'})","frozenset({'שרוול אקסל OPTI-5X100', 'בלון דו צדדי PDBS2'})",0.10186666666666666,0.08746666666666666,0.0736,0.7225130890052356,8.260439279785468,1.0,0.06469006222222222,3.2885635220125784,0.9786309339392061,0.6359447004608295,0.6959158631705533,0.781988251819691
"frozenset({'שרוול אקסל OPTI-5X100', 'בלון דו צדדי PDBS2'})","frozenset({'בלון אמצעי T10SB', 'טרוקר אקסל OPTI-סכין-5X100'})",0.08746666666666666,0.10186666666666666,0.0736,0.8414634146341463,8.260439279785468,1.0,0.06469006222222222,5.665148717948717,0.9631878975766354,0.6359447004608295,0.8234821273390881,0.781988251819691
"frozenset({'שרוול אקסל OPTI-5X100', 'טרוקר אקסל ללא סכין 11 B11LT'})",frozenset({'טרוקר אקסל OPTI-5X100'}),0.06346666666666667,0.09866666666666667,0.0512,0.8067226890756303,8.176243470361118,1.0,0.044937955555555555,4.663420289855073,0.9371737376613515,0.46153846153846145,0.7855651136194123,0.6628208039972746
frozenset({'טרוקר אקסל OPTI-5X100'}),"frozenset({'שרוול אקסל OPTI-5X100', 'טרוקר אקסל ללא סכין 11 B11LT'})",0.09866666666666667,0.06346666666666667,0.0512,0.518918918918919,8.176243470361117,1.0,0.044937955555555555,1.9467265917602998,0.9737734220907298,0.46153846153846145,0.4863171827864311,0.6628208039972746
"frozenset({'טאקר נספג-12 סיכות-ETHICON', 'בלון דו צדדי PDBS2', '3DMAX LARGE 10.8X16-RIGHT'})","frozenset({'בלון אמצעי T10SB', '3DMAX LARGE 10.8X16-LEFT'})",0.0704,0.12106666666666667,0.06933333333333333,0.9848484848484848,8.134761714056868,1.0,0.060810239999999995,58.00959999999963,0.9434926519263869,0.5676855895196505,0.9827614739629301,0.7787678547590442
"frozenset({'בלון אמצעי T10SB', '3DMAX LARGE 10.8X16-LEFT'})","frozenset({'טאקר נספג-12 סיכות-ETHICON', 'בלון דו צדדי PDBS2', '3DMAX LARGE 10.8X16-RIGHT'})",0.12106666666666667,0.0704,0.06933333333333333,0.5726872246696035,8.134761714056868,1.0,0.060810239999999995,2.175455670103093,0.9978808812546676,0.5676855895196505,0.5403261883278867,0.7787678547590442
"frozenset({'DEXTILE RIGHT ANT. MESH 16X12C', 'טרוקר אקסל ללא סכין 11 B11LT'})",frozenset({'CAPSURE טאקר 30'}),0.058666666666666666,0.12106666666666667,0.05706666666666667,0.9727272727272728,8.034641569883862,1.0,0.04996408888888889,32.22755555555561,0.9301051070927431,0.46521739130434786,0.9689706531332746,0.7220464557468963
"frozenset({'טרוקר אקסל ללא סכין 11 B11LT', 'DEXTILE RIGHT ANT. MESH 16X12C', 'DEXTILE LEFT ANT. MESH 16X12CM'})",frozenset({'CAPSURE טאקר 30'}),0.058133333333333335,0.12106666666666667,0.05653333333333333,0.9724770642201834,8.032574869660106,1.0,0.04949532444444444,31.93457777777771,0.9295444347101434,0.46086956521739125,0.9686859802262402,0.7197187083215455
"frozenset({'טרוקר אקסל ללא סכין 11 B11LT', 'DEXTILE LEFT ANT. MESH 16X12CM'})",frozenset({'CAPSURE טאקר 30'}),0.058133333333333335,0.12106666666666667,0.05653333333333333,0.9724770642201834,8.032574869660106,1.0,0.04949532444444444,31.93457777777771,0.9295444347101434,0.46086956521739125,0.9686859802262402,0.7197187083215455
"frozenset({'3DMAX LARGE 10.8X16-LEFT', 'בלון דו צדדי PDBS2', 'טאקר נספג-12 סיכות-ETHICON'})","frozenset({'בלון אמצעי T10SB', '3DMAX LARGE 10.8X16-RIGHT'})",0.07253333333333334,0.12053333333333334,0.06933333333333333,0.9558823529411764,7.930439875065069,1.0,0.06059064888888888,19.934577777777747,0.9422479762905295,0.5603448275862069,0.949835907680234,0.7655517959396148
"frozenset({'בלון אמצעי T10SB', '3DMAX LARGE 10.8X16-RIGHT'})","frozenset({'3DMAX LARGE 10.8X16-LEFT', 'בלון דו צדדי PDBS2', 'טאקר נספג-12 סיכות-ETHICON'})",0.12053333333333334,0.07253333333333334,0.06933333333333333,0.575221238938053,7.930439875065068,1.0,0.06059064888888888,2.1834111111111105,0.9936744880347064,0.5603448275862069,0.5420010483087115,0.7655517959396148
"frozenset({'3DMAX LARGE 10.8X16-RIGHT', 'טרוקר אקסל ללא סכין 11 B11LT'})","frozenset({'3DMAX LARGE 10.8X16-LEFT', 'LIQUIBAND FIX8 טאקר דבק'})",0.09813333333333334,0.07466666666666667,0.05706666666666667,0.5815217391304348,7.788237577639752,1.0,0.04973937777777778,2.2111861471861474,0.9664413580417494,0.4930875576036866,0.5477540408470117,0.6729037267080745
"frozenset({'3DMAX LARGE 10.8X16-LEFT', 'LIQUIBAND FIX8 טאקר דבק'})","frozenset({'3DMAX LARGE 10.8X16-RIGHT', 'טרוקר אקסל ללא סכין 11 B11LT'})",0.07466666666666667,0.09813333333333334,0.05706666666666667,0.7642857142857142,7.788237577639751,1.0,0.04973937777777778,3.8261010101010093,0.9419321823911229,0.4930875576036866,0.738637323646194,0.6729037267080745
"frozenset({'3DMAX LARGE 10.8X16-RIGHT', 'LIQUIBAND FIX8 טאקר דבק'})","frozenset({'3DMAX LARGE 10.8X16-LEFT', 'טרוקר אקסל ללא סכין 11 B11LT'})",0.07733333333333334,0.09706666666666666,0.05706666666666667,0.7379310344827587,7.602311481621827,1.0,0.04956017777777778,3.4454035087719306,0.9412511479660741,0.4863636363636364,0.7097582337006335,0.6629215611974233
"frozenset({'3DMAX LARGE 10.8X16-LEFT', 'טרוקר אקסל ללא סכין 11 B11LT'})","frozenset({'3DMAX LARGE 10.8X16-RIGHT', 'LIQUIBAND FIX8 טאקר דבק'})",0.09706666666666666,0.07733333333333334,0.05706666666666667,0.5879120879120879,7.602311481621826,1.0,0.04956017777777778,2.2390044444444444,0.9618219054821667,0.4863636363636364,0.5533729276503843,0.6629215611974233
frozenset({'MICROVAL 16X11-RIGHT'}),"frozenset({'טרוקר אקסל ללא סכין 11 B11LT', 'טאקר-10 סיכות MICROVAL'})",0.0864,0.10026666666666667,0.06506666666666666,0.7530864197530863,7.510835303388494,1.0,0.056403626666666665,3.6439199999999983,0.9488386781889697,0.5350877192982455,0.7255702649893522,0.7010112949829261
"frozenset({'טרוקר אקסל ללא סכין 11 B11LT', 'טאקר-10 סיכות MICROVAL'})",frozenset({'MICROVAL 16X11-RIGHT'}),0.10026666666666667,0.0864,0.06506666666666666,0.6489361702127658,7.510835303388493,1.0,0.056403626666666665,2.6023757575757567,0.9634621551497955,0.5350877192982455,0.6157357379736929,0.7010112949829261
"frozenset({'בלון אמצעי T10SB', 'טאקר נספג-12 סיכות-ETHICON', '3DMAX LARGE 10.8X16-RIGHT'})","frozenset({'3DMAX LARGE 10.8X16-LEFT', 'בלון דו צדדי PDBS2'})",0.07146666666666666,0.1296,0.06933333333333333,0.9701492537313433,7.485719550396168,1.0,0.06007125333333333,29.158400000000025,0.9330976892148631,0.5263157894736842,0.9657045654082528,0.752564338799828
"frozenset({'3DMAX LARGE 10.8X16-LEFT', 'בלון דו צדדי PDBS2'})","frozenset({'בלון אמצעי T10SB', 'טאקר נספג-12 סיכות-ETHICON', '3DMAX LARGE 10.8X16-RIGHT'})",0.1296,0.07146666666666666,0.06933333333333333,0.5349794238683128,7.485719550396167,1.0,0.06007125333333333,1.9967575221238938,0.995418552036199,0.5263157894736842,0.4991880641890215,0.752564338799828
frozenset({'MICROVAL 16X11-LEFT'}),"frozenset({'טרוקר אקסל ללא סכין 11 B11LT', 'טאקר-10 סיכות MICROVAL'})",0.0848,0.10026666666666667,0.06346666666666667,0.7484276729559749,7.464371738257728,1.0,0.05496405333333334,3.5764400000000007,0.9462743139213727,0.5219298245614036,0.7203923454608494,0.690703198180115
"frozenset({'טרוקר אקסל ללא סכין 11 B11LT', 'טאקר-10 סיכות MICROVAL'})",frozenset({'MICROVAL 16X11-LEFT'}),0.10026666666666667,0.0848,0.06346666666666667,0.6329787234042553,7.464371738257728,1.0,0.05496405333333334,2.4935884057971016,0.9625410330107147,0.5219298245614036,0.5989715072161881,0.690703198180115
"frozenset({'MICROVAL 16X11-LEFT', 'MICROVAL 16X11-RIGHT'})","frozenset({'טרוקר אקסל ללא סכין 11 B11LT', 'טאקר-10 סיכות MICROVAL'})",0.08266666666666667,0.10026666666666667,0.06186666666666667,0.7483870967741936,7.4639670555936855,1.0,0.053577955555555556,3.575863247863248,0.944065757818765,0.5110132158590308,0.7203472474520528,0.6827041866849691
"frozenset({'טרוקר אקסל ללא סכין 11 B11LT', 'טאקר-10 סיכות MICROVAL'})","frozenset({'MICROVAL 16X11-LEFT', 'MICROVAL 16X11-RIGHT'})",0.10026666666666667,0.08266666666666667,0.06186666666666667,0.6170212765957447,7.4639670555936855,1.0,0.053577955555555556,2.395259259259259,0.9625329599574843,0.5110132158590308,0.5825086590796635,0.6827041866849691
"frozenset({'3DMAX LARGE 10.8X16-LEFT', 'בלון דו צדדי PDBS2'})","frozenset({'בלון אמצעי T10SB', '3DMAX LARGE 10.8X16-RIGHT'})",0.1296,0.12053333333333334,0.11573333333333333,0.8930041152263375,7.408773079864525,1.0,0.10011221333333332,8.219630769230772,0.9938245459474111,0.8611111111111112,0.8783400339899229,0.92659055318839
"frozenset({'בלון אמצעי T10SB', '3DMAX LARGE 10.8X16-RIGHT'})","frozenset({'3DMAX LARGE 10.8X16-LEFT', 'בלון דו צדדי PDBS2'})",0.12053333333333334,0.1296,0.11573333333333333,0.9601769911504424,7.408773079864525,1.0,0.10011221333333332,21.85671111111108,0.9835789320716648,0.8611111111111112,0.9542474622592397,0.92659055318839
"frozenset({'בלון דו צדדי PDBS2', '3DMAX LARGE 10.8X16-RIGHT'})","frozenset({'בלון אמצעי T10SB', '3DMAX LARGE 10.8X16-LEFT'})",0.12906666666666666,0.12106666666666667,0.11573333333333333,0.8966942148760331,7.4066152109804495,1.0,0.10010766222222221,8.508074666666667,0.9931708060424256,0.8611111111111112,0.8824645952017973,0.9263206757199548
"frozenset({'בלון אמצעי T10SB', '3DMAX LARGE 10.8X16-LEFT'})","frozenset({'בלון דו צדדי PDBS2', '3DMAX LARGE 10.8X16-RIGHT'})",0.12106666666666667,0.12906666666666666,0.11573333333333333,0.9559471365638765,7.406615210980449,1.0,0.10010766222222221,19.770186666666614,0.9841310232204376,0.8611111111111112,0.949418788155094,0.9263206757199548
"frozenset({'בלון אמצעי T10SB', '3DMAX LARGE 10.8X16-LEFT', 'טאקר נספג-12 סיכות-ETHICON'})","frozenset({'בלון דו צדדי PDBS2', '3DMAX LARGE 10.8X16-RIGHT'})",0.0736,0.12906666666666666,0.06933333333333333,0.9420289855072463,7.298778296802012,1.0,0.059834026666666665,15.023599999999991,0.9315530755945265,0.52,0.9334380574562687,0.7396095340759372
"frozenset({'בלון דו צדדי PDBS2', '3DMAX LARGE 10.8X16-RIGHT'})","frozenset({'בלון אמצעי T10SB', '3DMAX LARGE 10.8X16-LEFT', 'טאקר נספג-12 סיכות-ETHICON'})",0.12906666666666666,0.0736,0.06933333333333333,0.5371900826446281,7.298778296802012,1.0,0.059834026666666665,2.0016857142857143,0.9908803994535776,0.52,0.5004210736664811,0.7396095340759372
"frozenset({'טרוקר ללא סכין 5 NB5STF', 'טאקר-10 סיכות MICROVAL'})","frozenset({'טרוקר אקסל ללא סכין 11 B11LT', 'MICROVAL 16X11-RIGHT'})",0.11733333333333333,0.07413333333333333,0.06346666666666667,0.540909090909091,7.296435578809681,1.0,0.054768355555555565,2.016739273927393,0.9776587372108965,0.49583333333333335,0.5041500837871807,0.69851209941138
"frozenset({'טרוקר אקסל ללא סכין 11 B11LT', 'MICROVAL 16X11-RIGHT'})","frozenset({'טרוקר ללא סכין 5 NB5STF', 'טאקר-10 סיכות MICROVAL'})",0.07413333333333333,0.11733333333333333,0.06346666666666667,0.8561151079136692,7.296435578809681,1.0,0.054768355555555565,6.134533333333339,0.9320421717073927,0.49583333333333335,0.8369884153100482,0.69851209941138
"frozenset({'טרוקר ללא סכין 5 NB5STF', 'טאקר-10 סיכות MICROVAL'})","frozenset({'MICROVAL 16X11-LEFT', 'טרוקר אקסל ללא סכין 11 B11LT'})",0.11733333333333333,0.07253333333333334,0.06186666666666667,0.5272727272727273,7.269385026737968,1.0,0.05335608888888889,1.9619487179487183,0.9770809459318678,0.48333333333333334,0.49030268179204356,0.6901069518716578
"frozenset({'MICROVAL 16X11-LEFT', 'טרוקר אקסל ללא סכין 11 B11LT'})","frozenset({'טרוקר ללא סכין 5 NB5STF', 'טאקר-10 סיכות MICROVAL'})",0.07253333333333334,0.11733333333333333,0.06186666666666667,0.8529411764705882,7.269385026737968,1.0,0.05335608888888889,6.002133333333332,0.9298843965021515,0.48333333333333334,0.8333925715301226,0.6901069518716578
"frozenset({'טרוקר ללא סכין 5 NB5STF', 'טאקר-10 סיכות MICROVAL'})","frozenset({'MICROVAL 16X11-LEFT', 'טרוקר אקסל ללא סכין 11 B11LT', 'MICROVAL 16X11-RIGHT'})",0.11733333333333333,0.07093333333333333,0.06026666666666667,0.5136363636363637,7.241114149008887,1.0,0.05194382222222223,1.9102305295950157,0.9764724754698821,0.4708333333333333,0.476502974637303,0.6816302118933698
"frozenset({'MICROVAL 16X11-LEFT', 'טרוקר אקסל ללא סכין 11 B11LT', 'MICROVAL 16X11-RIGHT'})","frozenset({'טרוקר ללא סכין 5 NB5STF', 'טאקר-10 סיכות MICROVAL'})",0.07093333333333333,0.11733333333333333,0.06026666666666667,0.849624060150376,7.241114149008886,1.0,0.05194382222222223,5.869733333333334,0.9277049063735102,0.4708333333333333,0.8296345092338097,0.6816302118933698
frozenset({'DEXTILE LEFT ANT. MESH 16X12CM'}),frozenset({'CAPSURE טאקר 30'}),0.0672,0.12106666666666667,0.05706666666666667,0.8492063492063493,7.014369624501784,1.0,0.04893098666666667,5.828715789473688,0.9192061685449096,0.434959349593496,0.8284356218215443,0.6602859939864345
"frozenset({'DEXTILE RIGHT ANT. MESH 16X12C', 'DEXTILE LEFT ANT. MESH 16X12CM'})",frozenset({'CAPSURE טאקר 30'}),0.0672,0.12106666666666667,0.05706666666666667,0.8492063492063493,7.014369624501784,1.0,0.04893098666666667,5.828715789473688,0.9192061685449096,0.434959349593496,0.8284356218215443,0.6602859939864345
frozenset({'DEXTILE RIGHT ANT. MESH 16X12C'}),frozenset({'CAPSURE טאקר 30'}),0.06826666666666667,0.12106666666666667,0.0576,0.8437499999999999,6.969300660792951,1.0,0.04933518222222222,5.625173333333329,0.9192690114269966,0.4372469635627529,0.8222277002427183,0.659760462555066
frozenset({'טרוקר אקסל OPTI-סכין-5X100'}),"frozenset({'בלון אמצעי T10SB', 'שרוול אקסל OPTI-5X100'})",0.13173333333333334,0.08586666666666666,0.07573333333333333,0.5748987854251012,6.695249830261273,1.0,0.0644218311111111,2.1503898412698415,0.9796994497698723,0.5338345864661653,0.5349680412322432,0.7284431815324264
"frozenset({'בלון אמצעי T10SB', 'שרוול אקסל OPTI-5X100'})",frozenset({'טרוקר אקסל OPTI-סכין-5X100'}),0.08586666666666666,0.13173333333333334,0.07573333333333333,0.8819875776397517,6.695249830261273,1.0,0.0644218311111111,7.357417543859656,0.9305430012983384,0.5338345864661653,0.8640827445175272,0.7284431815324264
frozenset({'טרוקר אקסל OPTI-סכין-5X100'}),"frozenset({'בלון אמצעי T10SB', 'שרוול אקסל OPTI-5X100', 'בלון דו צדדי PDBS2'})",0.13173333333333334,0.08373333333333334,0.0736,0.5587044534412955,6.6724257974677,1.0,0.06256952888888889,2.076310703363914,0.9791110280240716,0.5187969924812029,0.5183765135054884,0.7188426725805204
"frozenset({'בלון אמצעי T10SB', 'שרוול אקסל OPTI-5X100', 'בלון דו צדדי PDBS2'})",frozenset({'טרוקר אקסל OPTI-סכין-5X100'}),0.08373333333333334,0.13173333333333334,0.0736,0.8789808917197451,6.6724257974677,1.0,0.06256952888888889,7.174624561403504,0.9278188321438815,0.5187969924812029,0.8606198845052347,0.7188426725805204
frozenset({'טרוקר אקסל OPTI-סכין-5X100'}),"frozenset({'שרוול אקסל OPTI-5X100', 'בלון דו צדדי PDBS2'})",0.13173333333333334,0.08746666666666666,0.07573333333333333,0.5748987854251012,6.572775748000395,1.0,0.06421105777777777,2.1466260317460315,0.9764940997335364,0.5278810408921932,0.5341526725143569,0.7203762219808433
"frozenset({'שרוול אקסל OPTI-5X100', 'בלון דו צדדי PDBS2'})",frozenset({'טרוקר אקסל OPTI-סכין-5X100'}),0.08746666666666666,0.13173333333333334,0.07573333333333333,0.8658536585365854,6.572775748000394,1.0,0.06421105777777777,6.472533333333333,0.9291247190918744,0.5278810408921932,0.8455009887936717,0.7203762219808433
"frozenset({'טרוקר ללא סכין 5 NB5STF', 'טאקר-10 סיכות MICROVAL'})",frozenset({'MICROVAL 16X11-RIGHT'}),0.11733333333333333,0.0864,0.06506666666666666,0.5545454545454546,6.418350168350168,1.0,0.054929066666666665,2.050938775510204,0.9564162250507652,0.46923076923076923,0.5124184047126253,0.6538159371492704
frozenset({'MICROVAL 16X11-RIGHT'}),"frozenset({'טרוקר ללא סכין 5 NB5STF', 'טאקר-10 סיכות MICROVAL'})",0.0864,0.11733333333333333,0.06506666666666666,0.7530864197530863,6.418350168350168,1.0,0.054929066666666665,3.574799999999999,0.9240331888260459,0.46923076923076923,0.7202640707172429,0.6538159371492704
"frozenset({'טרוקר ללא סכין 5 NB5STF', 'טאקר-10 סיכות MICROVAL'})",frozenset({'MICROVAL 16X11-LEFT'}),0.11733333333333333,0.0848,0.06346666666666667,0.540909090909091,6.378644939965696,1.0,0.0535168,1.99350495049505,0.9553174744217928,0.45769230769230773,0.4983709472345837,0.644668381932533
frozenset({'MICROVAL 16X11-LEFT'}),"frozenset({'טרוקר ללא סכין 5 NB5STF', 'טאקר-10 סיכות MICROVAL'})",0.0848,0.11733333333333333,0.06346666666666667,0.7484276729559749,6.378644939965695,1.0,0.0535168,3.508600000000001,0.9213580537109949,0.45769230769230773,0.7149860343156815,0.644668381932533
"frozenset({'MICROVAL 16X11-LEFT', 'MICROVAL 16X11-RIGHT'})","frozenset({'טרוקר ללא סכין 5 NB5STF', 'טאקר-10 סיכות MICROVAL'})",0.08266666666666667,0.11733333333333333,0.06186666666666667,0.7483870967741936,6.378299120234605,1.0,0.05216711111111111,3.5080341880341885,0.919206094627105,0.44787644787644787,0.7149400643212163,0.6378299120234605
"frozenset({'טרוקר ללא סכין 5 NB5STF', 'טאקר-10 סיכות MICROVAL'})","frozenset({'MICROVAL 16X11-LEFT', 'MICROVAL 16X11-RIGHT'})",0.11733333333333333,0.08266666666666667,0.06186666666666667,0.5272727272727273,6.378299120234605,1.0,0.05216711111111111,1.9405128205128208,0.9553078445671422,0.44787644787644787,0.48467230443974635,0.6378299120234605
"frozenset({'3DMAX LARGE 10.8X16-LEFT', 'שרוול אקסל 10-11  CB11LT'})","frozenset({'טאקר נספג-12 סיכות-ETHICON', '3DMAX LARGE 10.8X16-RIGHT'})",0.0672,0.1312,0.0512,0.761904761904762,5.807200929152149,1.0,0.04238336,3.648960000000001,0.8874356775300172,0.3478260869565217,0.7259493115846708,0.5760743321718932
"frozenset({'שרוול אקסל 10-11  CB11LT', '3DMAX LARGE 10.8X16-RIGHT'})","frozenset({'3DMAX LARGE 10.8X16-LEFT', 'טאקר נספג-12 סיכות-ETHICON'})",0.06666666666666667,0.13333333333333333,0.0512,0.768,5.76,1.0,0.04231111111111111,3.7356321839080464,0.8854166666666666,0.3440860215053763,0.7323076923076923,0.5760000000000001
"frozenset({'בלון אמצעי T10SB', 'LIQUIBAND FIX8 טאקר דבק'})","frozenset({'טרוקר ללא סכין 5 NB5STF', 'בלון דו צדדי PDBS2'})",0.05973333333333333,0.1568,0.0528,0.8839285714285714,5.637299562682216,1.0,0.043433813333333335,7.264492307692305,0.8748689389642311,0.32247557003257327,0.8623441312008674,0.6103316326530612
"frozenset({'טאקר נספג-12 סיכות-ETHICON', 'בלון דו צדדי PDBS2'})","frozenset({'בלון אמצעי T10SB', '3DMAX LARGE 10.8X16-LEFT'})",0.10666666666666667,0.12106666666666667,0.07253333333333334,0.68,5.616740088105727,1.0,0.05961955555555556,2.746666666666667,0.9201053555750658,0.46735395189003437,0.6359223300970874,0.6395594713656387
"frozenset({'בלון אמצעי T10SB', '3DMAX LARGE 10.8X16-LEFT'})","frozenset({'טאקר נספג-12 סיכות-ETHICON', 'בלון דו צדדי PDBS2'})",0.12106666666666667,0.10666666666666667,0.07253333333333334,0.5991189427312775,5.616740088105726,1.0,0.05961955555555556,2.228424908424908,0.9351798972015991,0.46735395189003437,0.5512525478335196,0.6395594713656387
"frozenset({'בלון אמצעי T10SB', '3DMAX LARGE 10.8X16-LEFT', '3DMAX LARGE 10.8X16-RIGHT'})","frozenset({'טאקר נספג-12 סיכות-ETHICON', 'בלון דו צדדי PDBS2'})",0.1168,0.10666666666666667,0.06933333333333333,0.593607305936073,5.565068493150684,1.0,0.056874666666666664,2.198202247191011,0.9287904124860646,0.4498269896193771,0.5450828051523205,0.6218036529680364
"frozenset({'טאקר נספג-12 סיכות-ETHICON', 'בלון דו צדדי PDBS2'})","frozenset({'בלון אמצעי T10SB', '3DMAX LARGE 10.8X16-LEFT', '3DMAX LARGE 10.8X16-RIGHT'})",0.10666666666666667,0.1168,0.06933333333333333,0.6499999999999999,5.565068493150684,1.0,0.056874666666666664,2.5234285714285707,0.9182548794489094,0.4498269896193771,0.6037137681159419,0.6218036529680364
"frozenset({'טאקר נספג-12 סיכות-ETHICON', 'בלון דו צדדי PDBS2'})","frozenset({'בלון אמצעי T10SB', '3DMAX LARGE 10.8X16-RIGHT'})",0.10666666666666667,0.12053333333333334,0.0704,0.66,5.475663716814159,1.0,0.057543111111111114,2.586666666666667,0.9149706015377658,0.44897959183673475,0.6134020618556701,0.6220353982300886
"frozenset({'בלון אמצעי T10SB', '3DMAX LARGE 10.8X16-RIGHT'})","frozenset({'טאקר נספג-12 סיכות-ETHICON', 'בלון דו צדדי PDBS2'})",0.12053333333333334,0.10666666666666667,0.0704,0.584070796460177,5.475663716814159,1.0,0.057543111111111114,2.1478014184397165,0.929397063417682,0.44897959183673475,0.5344076079778101,0.6220353982300886
"frozenset({'MICROVAL 16X11-RIGHT', 'טאקר-10 סיכות MICROVAL'})","frozenset({'טרוקר ללא סכין 5 NB5STF', 'טרוקר אקסל ללא סכין 11 B11LT'})",0.07253333333333334,0.1616,0.06346666666666667,0.875,5.41460396039604,1.0,0.051745280000000005,6.7072,0.8790766450340919,0.37187500000000007,0.8509064885496184,0.6338696369636964
"frozenset({'MICROVAL 16X11-LEFT', 'MICROVAL 16X11-RIGHT', 'טאקר-10 סיכות MICROVAL'})","frozenset({'טרוקר ללא סכין 5 NB5STF', 'טרוקר אקסל ללא סכין 11 B11LT'})",0.06933333333333333,0.1616,0.06026666666666667,0.8692307692307694,5.37890327494288,1.0,0.049062400000000006,6.411294117647065,0.874736922179679,0.353125,0.8440252495596009,0.6210840314800712
"frozenset({'בלון דו צדדי PDBS2', 'LIQUIBAND FIX8 טאקר דבק'})","frozenset({'טרוקר ללא סכין 5 NB5STF', 'בלון אמצעי T10SB'})",0.06453333333333333,0.15253333333333333,0.0528,0.8181818181818182,5.363954227590591,1.0,0.042956515555555554,4.6610666666666685,0.8696946661598884,0.3214285714285714,0.7854568339149838,0.5821678321678322
"frozenset({'MICROVAL 16X11-LEFT', 'טאקר-10 סיכות MICROVAL'})","frozenset({'טרוקר ללא סכין 5 NB5STF', 'טרוקר אקסל ללא סכין 11 B11LT'})",0.07146666666666666,0.1616,0.06186666666666667,0.8656716417910448,5.356878971479238,1.0,0.05031765333333334,6.2414222222222255,0.8759234684782824,0.3613707165109035,0.8397801070980974,0.6242549628097138
"frozenset({'3DMAX LARGE 10.8X16-LEFT', 'בלון דו צדדי PDBS2'})","frozenset({'בלון אמצעי T10SB', 'טאקר נספג-12 סיכות-ETHICON'})",0.1296,0.1056,0.07253333333333334,0.5596707818930042,5.299912707320116,1.0,0.05884757333333334,2.0312074766355144,0.9321204584775086,0.44590163934426236,0.507682001222053,0.6232697343808455
"frozenset({'בלון אמצעי T10SB', 'טאקר נספג-12 סיכות-ETHICON'})","frozenset({'3DMAX LARGE 10.8X16-LEFT', 'בלון דו צדדי PDBS2'})",0.1056,0.1296,0.07253333333333334,0.686868686868687,5.299912707320115,1.0,0.05884757333333334,2.779664516129033,0.9071082815952858,0.44590163934426236,0.6402443553178847,0.6232697343808455
"frozenset({'בלון אמצעי T10SB', 'טאקר נספג-12 סיכות-ETHICON'})","frozenset({'3DMAX LARGE 10.8X16-LEFT', 'בלון דו צדדי PDBS2', '3DMAX LARGE 10.8X16-RIGHT'})",0.1056,0.12533333333333332,0.06933333333333333,0.6565656565656566,5.238555770470665,1.0,0.05609813333333333,2.546823529411765,0.9046374019540389,0.429042904290429,0.6073540280857355,0.6048785729636794
"frozenset({'3DMAX LARGE 10.8X16-LEFT', 'בלון דו צדדי PDBS2', '3DMAX LARGE 10.8X16-RIGHT'})","frozenset({'בלון אמצעי T10SB', 'טאקר נספג-12 סיכות-ETHICON'})",0.12533333333333332,0.1056,0.06933333333333333,0.5531914893617021,5.238555770470664,1.0,0.05609813333333333,2.001752380952381,0.9250469043151969,0.429042904290429,0.5004377117192556,0.6048785729636794
"frozenset({'בלון אמצעי T10SB', 'טאקר נספג-12 סיכות-ETHICON'})","frozenset({'3DMAX LARGE 10.8X16-RIGHT', 'בלון דו צדדי PDBS2'})",0.1056,0.12906666666666666,0.0704,0.6666666666666667,5.1652892561983474,1.0,0.056770560000000005,2.6128000000000005,0.9016100178890878,0.4285714285714286,0.6172688303735457,0.6060606060606062
"frozenset({'3DMAX LARGE 10.8X16-RIGHT', 'בלון דו צדדי PDBS2'})","frozenset({'בלון אמצעי T10SB', 'טאקר נספג-12 סיכות-ETHICON'})",0.12906666666666666,0.1056,0.0704,0.5454545454545455,5.1652892561983474,1.0,0.056770560000000005,1.9676800000000003,0.9259032455603184,0.4285714285714286,0.49178728248495696,0.6060606060606062
frozenset({'MICROVAL 16X11-RIGHT'}),"frozenset({'טרוקר ללא סכין 5 NB5STF', 'טרוקר אקסל ללא סכין 11 B11LT'})",0.0864,0.1616,0.0704,0.8148148148148148,5.042170883755042,1.0,0.056437760000000003,4.527359999999999,0.8774876612004457,0.39639639639639646,0.7791207237772123,0.6252291895856252
"frozenset({'MICROVAL 16X11-LEFT', 'MICROVAL 16X11-RIGHT'})","frozenset({'טרוקר ללא סכין 5 NB5STF', 'טרוקר אקסל ללא סכין 11 B11LT'})",0.08266666666666667,0.1616,0.0672,0.8129032258064516,5.030341743851804,1.0,0.05384106666666666,4.481103448275862,0.873408084163898,0.3795180722891566,0.7768406796355577,0.6143724049824337
frozenset({'MICROVAL 16X11-LEFT'}),"frozenset({'טרוקר ללא סכין 5 NB5STF', 'טרוקר אקסל ללא סכין 11 B11LT'})",0.0848,0.1616,0.0688,0.8113207547169812,5.020549224733794,1.0,0.055096320000000004,4.443520000000001,0.8750203285087007,0.38738738738738737,0.7749531902635749,0.6185316644872034
"frozenset({'3DMAX LARGE 10.8X16-RIGHT', '3DMAX LARGE 10.8X16-LEFT', 'טרוקר אקסל ללא סכין 11 B11LT'})",frozenset({'LIQUIBAND FIX8 טאקר דבק'}),0.096,0.1328,0.05706666666666667,0.5944444444444444,4.4762382864792505,1.0,0.044317866666666664,2.138301369863014,0.8590687288065503,0.3322981366459627,0.5323390733907339,0.5120816599732263
"frozenset({'3DMAX LARGE 10.8X16-LEFT', 'טרוקר אקסל ללא סכין 11 B11LT'})",frozenset({'LIQUIBAND FIX8 טאקר דבק'}),0.09706666666666666,0.1328,0.0576,0.5934065934065934,4.468423143121938,1.0,0.04470954666666667,2.132843243243243,0.859650849904837,0.33436532507739936,0.5311422894448724,0.5135707665828148
"frozenset({'3DMAX LARGE 10.8X16-RIGHT', 'טרוקר אקסל ללא סכין 11 B11LT'})",frozenset({'LIQUIBAND FIX8 טאקר דבק'}),0.09813333333333334,0.1328,0.058133333333333335,0.592391304347826,4.460777894185437,1.0,0.04510122666666667,2.1275306666666665,0.8602422973214915,0.3364197530864198,0.5299715225413123,0.5150711541819452
"frozenset({'טאקר נספג-12 סיכות-ETHICON', '3DMAX LARGE 10.8X16-RIGHT'})","frozenset({'בלון אמצעי T10SB', '3DMAX LARGE 10.8X16-LEFT'})",0.1312,0.12106666666666667,0.0704,0.5365853658536586,4.432147845707532,1.0,0.054516053333333335,1.8966456140350878,0.8913164797142697,0.3870967741935484,0.47275337437840403,0.5590415816052434
"frozenset({'בלון אמצעי T10SB', '3DMAX LARGE 10.8X16-LEFT'})","frozenset({'טאקר נספג-12 סיכות-ETHICON', '3DMAX LARGE 10.8X16-RIGHT'})",0.12106666666666667,0.1312,0.0704,0.5814977973568282,4.432147845707531,1.0,0.054516053333333335,2.075974736842105,0.8810403795233892,0.3870967741935484,0.5182985697016899,0.5590415816052434
"frozenset({'בלון אמצעי T10SB', 'MICROVAL 14X10-RIGHT'})",frozenset({'טאקר-10 סיכות MICROVAL'}),0.07093333333333333,0.20906666666666668,0.0656,0.9248120300751881,4.42352692956882,1.0,0.05077020444444445,10.519413333333349,0.8330253049947262,0.30597014925373134,0.9049376644578406,0.6192937701396348
"frozenset({'בלון אמצעי T10SB', 'MICROVAL 14X10-LEFT'})",frozenset({'טאקר-10 סיכות MICROVAL'}),0.0704,0.20906666666666668,0.06506666666666666,0.9242424242424241,4.420802411873839,1.0,0.05034837333333333,10.440319999999979,0.8323975057137214,0.30348258706467657,0.9042174952491876,0.6177334570191713
"frozenset({'בלון אמצעי T10SB', 'MICROVAL 14X10-RIGHT', 'MICROVAL 14X10-LEFT'})",frozenset({'טאקר-10 סיכות MICROVAL'}),0.06986666666666666,0.20906666666666668,0.06453333333333333,0.9236641221374047,4.418036298488861,1.0,0.04992654222222222,10.36122666666668,0.8317679505648646,0.30099502487562185,0.9034863310907847,0.6161687957625799
"frozenset({'בלון אמצעי T10SB', 'MICROVAL 14X10-RIGHT', 'בלון דו צדדי PDBS2'})",frozenset({'טאקר-10 סיכות MICROVAL'}),0.0688,0.20906666666666668,0.06346666666666667,0.9224806201550388,4.412375415282392,1.0,0.04908288,10.20304000000001,0.8305033353547604,0.2960199004975124,0.9019899951387038,0.6130260243632337
"frozenset({'MICROVAL 14X10-RIGHT', 'בלון דו צדדי PDBS2'})",frozenset({'טאקר-10 סיכות MICROVAL'}),0.0688,0.20906666666666668,0.06346666666666667,0.9224806201550388,4.412375415282392,1.0,0.04908288,10.20304000000001,0.8305033353547604,0.2960199004975124,0.9019899951387038,0.6130260243632337
"frozenset({'בלון דו צדדי PDBS2', 'MICROVAL 14X10-LEFT'})",frozenset({'טאקר-10 סיכות MICROVAL'}),0.06826666666666667,0.20906666666666668,0.06293333333333333,0.9218749999999999,4.4094786352040805,1.0,0.04866104888888888,10.12394666666665,0.8298681516983107,0.2935323383084577,0.9012242919757248,0.6114477040816326
"frozenset({'בלון אמצעי T10SB', 'בלון דו צדדי PDBS2', 'MICROVAL 14X10-LEFT'})",frozenset({'טאקר-10 סיכות MICROVAL'}),0.06826666666666667,0.20906666666666668,0.06293333333333333,0.9218749999999999,4.4094786352040805,1.0,0.04866104888888888,10.12394666666665,0.8298681516983107,0.2935323383084577,0.9012242919757248,0.6114477040816326
"frozenset({'בלון אמצעי T10SB', 'MICROVAL 14X10-RIGHT', 'בלון דו צדדי PDBS2', 'MICROVAL 14X10-LEFT'})",frozenset({'טאקר-10 סיכות MICROVAL'}),0.06773333333333334,0.20906666666666668,0.0624,0.921259842519685,4.40653623654186,1.0,0.048239217777777774,10.044853333333322,0.8292309648144888,0.29104477611940294,0.9004465304952186,0.6098646151373934
"frozenset({'MICROVAL 14X10-RIGHT', 'בלון דו צדדי PDBS2', 'MICROVAL 14X10-LEFT'})",frozenset({'טאקר-10 סיכות MICROVAL'}),0.06773333333333334,0.20906666666666668,0.0624,0.921259842519685,4.40653623654186,1.0,0.048239217777777774,10.044853333333322,0.8292309648144888,0.29104477611940294,0.9004465304952186,0.6098646151373934
"frozenset({'3DMAX LARGE 10.8X16-LEFT', 'שרוול אקסל 10-11  CB11LT'})",frozenset({'טאקר נספג-12 סיכות-ETHICON'}),0.0672,0.17653333333333332,0.05226666666666667,0.7777777777777779,4.405840886203425,1.0,0.04040362666666667,3.7056000000000022,0.8287184513599608,0.27298050139275776,0.7301381692573404,0.536925142665324
"frozenset({'טאקר נספג-12 סיכות-ETHICON', '3DMAX LARGE 10.8X16-RIGHT'})","frozenset({'בלון אמצעי T10SB', '3DMAX LARGE 10.8X16-LEFT', 'בלון דו צדדי PDBS2'})",0.1312,0.12,0.06933333333333333,0.5284552845528454,4.403794037940378,1.0,0.05358933333333333,1.8662068965517236,0.8896444255560277,0.3812316715542522,0.4641537324464152,0.5531165311653116
"frozenset({'בלון אמצעי T10SB', '3DMAX LARGE 10.8X16-LEFT', 'בלון דו צדדי PDBS2'})","frozenset({'טאקר נספג-12 סיכות-ETHICON', '3DMAX LARGE 10.8X16-RIGHT'})",0.12,0.1312,0.06933333333333333,0.5777777777777777,4.403794037940378,1.0,0.05358933333333333,2.0576842105263156,0.8783216783216783,0.3812316715542522,0.5140167792101493,0.5531165311653116
"frozenset({'שרוול אקסל 10-11  CB11LT', '3DMAX LARGE 10.8X16-RIGHT'})",frozenset({'טאקר נספג-12 סיכות-ETHICON'}),0.06666666666666667,0.17653333333333332,0.05173333333333333,0.776,4.395770392749245,1.0,0.03996444444444444,3.6761904761904765,0.8276877761413843,0.2701949860724234,0.727979274611399,0.5345256797583082
"frozenset({'שרוול אקסל 10-11  CB11LT', '3DMAX LARGE 10.8X16-LEFT', '3DMAX LARGE 10.8X16-RIGHT'})",frozenset({'טאקר נספג-12 סיכות-ETHICON'}),0.06613333333333334,0.17653333333333332,0.0512,0.7741935483870968,4.385537471981289,1.0,0.039525262222222225,3.646780952380952,0.8266466780887113,0.26740947075208915,0.7257855590840715,0.5321118799337297
"frozenset({'3DMAX LARGE 10.8X16-LEFT', 'טאקר נספג-12 סיכות-ETHICON'})","frozenset({'בלון אמצעי T10SB', '3DMAX LARGE 10.8X16-RIGHT'})",0.13333333333333333,0.12053333333333334,0.0704,0.528,4.380530973451328,1.0,0.05432888888888889,1.8632768361581922,0.8904428904428905,0.38372093023255816,0.46331109763493034,0.5560353982300885
"frozenset({'בלון אמצעי T10SB', '3DMAX LARGE 10.8X16-RIGHT'})","frozenset({'3DMAX LARGE 10.8X16-LEFT', 'טאקר נספג-12 סיכות-ETHICON'})",0.12053333333333334,0.13333333333333333,0.0704,0.584070796460177,4.380530973451328,1.0,0.05432888888888889,2.0836879432624116,0.8774831394600953,0.38372093023255816,0.5200816882232812,0.5560353982300885
"frozenset({'3DMAX LARGE 10.8X16-LEFT', 'טאקר נספג-12 סיכות-ETHICON'})","frozenset({'בלון אמצעי T10SB', 'בלון דו צדדי PDBS2', '3DMAX LARGE 10.8X16-RIGHT'})",0.13333333333333333,0.11946666666666667,0.06933333333333333,0.52,4.352678571428572,1.0,0.05340444444444444,1.8344444444444445,0.8887573964497042,0.377906976744186,0.45487583282858873,0.5501785714285714
"frozenset({'בלון אמצעי T10SB', 'בלון דו צדדי PDBS2', '3DMAX LARGE 10.8X16-RIGHT'})","frozenset({'3DMAX LARGE 10.8X16-LEFT', 'טאקר נספג-12 סיכות-ETHICON'})",0.11946666666666667,0.13333333333333333,0.06933333333333333,0.5803571428571428,4.352678571428571,1.0,0.05340444444444444,2.0652482269503545,0.8747612169780552,0.377906976744186,0.5157967032967032,0.5501785714285714
"frozenset({'טרוקר אקסל OPTI-סכין-5X100', 'בלון דו צדדי PDBS2'})",frozenset({'שרוול אקסל OPTI-5X100'}),0.10133333333333333,0.17173333333333332,0.07573333333333333,0.7473684210526316,4.351912389669827,1.0,0.05833102222222222,3.2785555555555557,0.8570652401053204,0.38378378378378375,0.6949876300538855,0.5941811049362538
"frozenset({'בלון אמצעי T10SB', 'טרוקר אקסל OPTI-סכין-5X100'})",frozenset({'שרוול אקסל OPTI-5X100'}),0.10186666666666666,0.17173333333333332,0.07573333333333333,0.743455497382199,4.329127508048519,1.0,0.058239431111111115,3.228549659863946,0.8562276270449299,0.3827493261455526,0.6902633983204269,0.5922246431010374
"frozenset({'בלון אמצעי T10SB', 'טרוקר אקסל OPTI-סכין-5X100', 'בלון דו צדדי PDBS2'})",frozenset({'שרוול אקסל OPTI-5X100'}),0.0992,0.17173333333333332,0.0736,0.7419354838709677,4.320276497695853,1.0,0.056564053333333336,3.209533333333334,0.8531675547661338,0.372972972972973,0.6884282242485927,0.5852534562211982
"frozenset({'טרוקר ללא סכין 5 NB5STF', 'טרוקר אקסל ללא סכין 11 B11LT', 'MICROVAL 16X11-RIGHT'})",frozenset({'טאקר-10 סיכות MICROVAL'}),0.0704,0.20906666666666668,0.06346666666666667,0.9015151515151515,4.3120941558441555,1.0,0.04874837333333334,8.031015384615381,0.8262630353346158,0.2938271604938271,0.8754827438239442,0.6025432900432901
"frozenset({'טרוקר ללא סכין 5 NB5STF', 'MICROVAL 16X11-LEFT', 'טרוקר אקסל ללא סכין 11 B11LT'})",frozenset({'טאקר-10 סיכות MICROVAL'}),0.0688,0.20906666666666668,0.06186666666666667,0.8992248062015504,4.301139060275273,1.0,0.04748288,7.84849230769231,0.8242090295058656,0.2864197530864197,0.8725869936803149,0.5975715867742446
"frozenset({'טרוקר ללא סכין 5 NB5STF', 'MICROVAL 16X11-RIGHT'})",frozenset({'טאקר-10 סיכות MICROVAL'}),0.07253333333333334,0.20906666666666668,0.06506666666666666,0.8970588235294116,4.290778811524609,1.0,0.04990236444444444,7.683352380952366,0.8269214453379085,0.3004926108374384,0.8698484788386021,0.604141656662665
"frozenset({'טרוקר ללא סכין 5 NB5STF', 'MICROVAL 16X11-LEFT', 'טרוקר אקסל ללא סכין 11 B11LT', 'MICROVAL 16X11-RIGHT'})",frozenset({'טאקר-10 סיכות MICROVAL'}),0.0672,0.20906666666666668,0.06026666666666667,0.896825396825397,4.289662293488824,1.0,0.04621738666666667,7.665969230769241,0.8221284476084945,0.27901234567901234,0.8695533506727036,0.592545351473923
frozenset({'טרוקר אקסל OPTI-5X100'}),frozenset({'שרוול אקסל OPTI-5X100'}),0.09866666666666667,0.17173333333333332,0.07253333333333334,0.7351351351351352,4.2806781937216725,1.0,0.055588977777777784,3.127129251700681,0.8502871562826315,0.36657681940700815,0.680217886914603,0.5787476917911701
"frozenset({'טרוקר ללא סכין 5 NB5STF', 'MICROVAL 16X11-LEFT'})",frozenset({'טאקר-10 סיכות MICROVAL'}),0.07093333333333333,0.20906666666666668,0.06346666666666667,0.8947368421052632,4.279672395273899,1.0,0.04863687111111112,7.513866666666666,0.8248463564530291,0.29310344827586204,0.8669127302409768,0.5991541353383458
"frozenset({'טרוקר ללא סכין 5 NB5STF', 'MICROVAL 16X11-LEFT', 'MICROVAL 16X11-RIGHT'})",frozenset({'טאקר-10 סיכות MICROVAL'}),0.06933333333333333,0.20906666666666668,0.06186666666666667,0.8923076923076924,4.268053375196232,1.0,0.04737137777777778,7.344380952380956,0.8227447880644205,0.28571428571428575,0.8638414855542302,0.5941130298273156
frozenset({'טרוקר אקסל OPTI-סכין-5X100'}),frozenset({'שרוול אקסל OPTI-5X100'}),0.13173333333333334,0.17173333333333332,0.09653333333333333,0.7327935222672064,4.267043025624261,1.0,0.07391032888888889,3.0997252525252517,0.8818093583286953,0.46649484536082475,0.6773907625569943,0.6474526617547212
frozenset({'שרוול אקסל OPTI-5X100'}),frozenset({'טרוקר אקסל OPTI-סכין-5X100'}),0.17173333333333332,0.13173333333333334,0.09653333333333333,0.562111801242236,4.267043025624261,1.0,0.07391032888888889,1.9828501182033096,0.9243951290142408,0.46649484536082475,0.49567544676240327,0.6474526617547212
frozenset({'MICROVAL 14X10-LEFT'}),frozenset({'טאקר-10 סיכות MICROVAL'}),0.0832,0.20906666666666668,0.07413333333333333,0.891025641025641,4.261921114599685,1.0,0.05673898666666666,7.257976470588231,0.8348211483169484,0.3398533007334963,0.862220550858447,0.6228087388801674
"frozenset({'MICROVAL 14X10-RIGHT', 'MICROVAL 14X10-LEFT'})",frozenset({'טאקר-10 סיכות MICROVAL'}),0.08,0.20906666666666668,0.07093333333333333,0.8866666666666667,4.241071428571429,1.0,0.054208,6.978823529411767,0.8306636155606406,0.3251833740831296,0.8567093728927849,0.6129761904761905
frozenset({'MICROVAL 14X10-RIGHT'}),frozenset({'טאקר-10 סיכות MICROVAL'}),0.0832,0.20906666666666668,0.0736,0.8846153846153847,4.231259811616955,1.0,0.05620565333333333,6.85475555555556,0.832966588259099,0.3365853658536585,0.8541158773795323,0.6183281004709577
"frozenset({'טרוקר אקסל ללא סכין 11 B11LT', 'MICROVAL 16X11-RIGHT'})",frozenset({'טאקר-10 סיכות MICROVAL'}),0.07413333333333333,0.20906666666666668,0.06506666666666666,0.8776978417266187,4.198172074585229,1.0,0.04956785777777777,6.4670431372549,0.8227978393895898,0.2982885085574572,0.8453698268627177,0.5944611657612685
"frozenset({'MICROVAL 16X11-LEFT', 'טרוקר אקסל ללא סכין 11 B11LT'})",frozenset({'טאקר-10 סיכות MICROVAL'}),0.07253333333333334,0.20906666666666668,0.06346666666666667,0.875,4.185267857142857,1.0,0.04830236444444445,6.327466666666666,0.8205865439907993,0.29095354523227385,0.8419588671611598,0.5892857142857143
"frozenset({'MICROVAL 16X11-LEFT', 'טרוקר אקסל ללא סכין 11 B11LT', 'MICROVAL 16X11-RIGHT'})",frozenset({'טאקר-10 סיכות MICROVAL'}),0.07093333333333333,0.20906666666666668,0.06186666666666667,0.8721804511278195,4.171781494552707,1.0,0.047036871111111114,6.1878901960784285,0.8183419771170672,0.28361858190709044,0.8383940295783288,0.5840494092373791
"frozenset({'בלון אמצעי T10SB', 'סקשן איריגיישיין 5'})","frozenset({'טרוקר ללא סכין 5 NB5STF', 'בלון דו צדדי PDBS2'})",0.1184,0.1568,0.07733333333333334,0.6531531531531531,4.1655175583747015,1.0,0.05876821333333333,2.431044155844156,0.8619938669503724,0.39083557951482484,0.5886541190146504,0.5731752160323589
"frozenset({'טרוקר אקסל OPTI-5X100', 'טרוקר אקסל ללא סכין 11 B11LT'})",frozenset({'שרוול אקסל OPTI-5X100'}),0.072,0.17173333333333332,0.0512,0.7111111111111112,4.140786749482403,1.0,0.0388352,2.8670769230769246,0.8173491379310345,0.26592797783933525,0.651212706589397,0.5046238785369221
"frozenset({'טרוקר ללא סכין 5 NB5STF', 'בלון אמצעי T10SB'})","frozenset({'בלון דו צדדי PDBS2', 'סקשן איריגיישיין 5'})",0.15253333333333333,0.12373333333333333,0.07733333333333334,0.5069930069930071,4.097465034965036,1.0,0.05845987555555556,1.7773919621749412,0.8920075519194463,0.3887399463806971,0.43737789903340735,0.5659965034965035
"frozenset({'בלון דו צדדי PDBS2', 'סקשן איריגיישיין 5'})","frozenset({'טרוקר ללא סכין 5 NB5STF', 'בלון אמצעי T10SB'})",0.12373333333333333,0.15253333333333333,0.07733333333333334,0.625,4.097465034965035,1.0,0.05845987555555556,2.259911111111111,0.8626902008520999,0.3887399463806971,0.5575047199496539,0.5659965034965035
"frozenset({'טאקר נספג-12 סיכות-ETHICON', '3DMAX LARGE 10.8X16-RIGHT'})","frozenset({'3DMAX LARGE 10.8X16-LEFT', 'בלון דו צדדי PDBS2'})",0.1312,0.1296,0.06933333333333333,0.5284552845528454,4.0775870721670175,1.0,0.05232981333333333,1.8458482758620687,0.8687349482929593,0.36211699164345396,0.45824366331898597,0.5317173542105791
"frozenset({'3DMAX LARGE 10.8X16-LEFT', 'בלון דו צדדי PDBS2'})","frozenset({'טאקר נספג-12 סיכות-ETHICON', '3DMAX LARGE 10.8X16-RIGHT'})",0.1296,0.1312,0.06933333333333333,0.5349794238683128,4.0775870721670175,1.0,0.05232981333333333,1.868304424778761,0.8671380090497737,0.36211699164345396,0.4647553221320359,0.5317173542105791
frozenset({'MICROVAL 16X11-LEFT'}),frozenset({'טאקר-10 סיכות MICROVAL'}),0.0848,0.20906666666666668,0.07146666666666666,0.8427672955974842,4.031093569503272,1.0,0.05373781333333333,5.0303359999999975,0.8216000417492954,0.3213429256594724,0.8012061222152954,0.5923020151456808
"frozenset({'בלון דו צדדי PDBS2', '3DMAX LARGE 10.8X16-RIGHT'})","frozenset({'3DMAX LARGE 10.8X16-LEFT', 'טאקר נספג-12 סיכות-ETHICON'})",0.12906666666666666,0.13333333333333333,0.06933333333333333,0.5371900826446281,4.028925619834711,1.0,0.052124444444444445,1.8726190476190476,0.8632059918036649,0.35911602209944754,0.4659885568976478,0.528595041322314
"frozenset({'3DMAX LARGE 10.8X16-LEFT', 'טאקר נספג-12 סיכות-ETHICON'})","frozenset({'בלון דו צדדי PDBS2', '3DMAX LARGE 10.8X16-RIGHT'})",0.13333333333333333,0.12906666666666666,0.06933333333333333,0.52,4.028925619834711,1.0,0.052124444444444445,1.8144444444444445,0.8674556213017752,0.35911602209944754,0.4488671157379057,0.528595041322314
frozenset({'MICROVAL 16X11-RIGHT'}),frozenset({'טאקר-10 סיכות MICROVAL'}),0.0864,0.20906666666666668,0.07253333333333334,0.8395061728395062,4.015495086923658,1.0,0.05446997333333334,4.928123076923079,0.8219841351601938,0.3253588516746412,0.7970829899353165,0.5932224741748552
"frozenset({'MICROVAL 16X11-LEFT', 'MICROVAL 16X11-RIGHT'})",frozenset({'טאקר-10 סיכות MICROVAL'}),0.08266666666666667,0.20906666666666668,0.06933333333333333,0.8387096774193548,4.011685319289005,1.0,0.052050488888888885,4.903786666666664,0.8183810375670841,0.31175059952038364,0.7960759576273029,0.5851711652402896
"frozenset({'DYNAMESH ENDOLAP 3D 10*15CM', 'בלון דו צדדי PDBS2'})","frozenset({'טרוקר ללא סכין 5 NB5STF', 'בלון אמצעי T10SB'})",0.10293333333333334,0.15253333333333333,0.058666666666666666,0.5699481865284974,3.736548425667597,1.0,0.04296590222222222,1.970615261044177,0.8164090368608798,0.2981029810298103,0.49254427296471537,0.477281785571941
"frozenset({'בלון אמצעי T10SB', 'DYNAMESH ENDOLAP 3D 10*15CM'})","frozenset({'טרוקר ללא סכין 5 NB5STF', 'בלון דו צדדי PDBS2'})",0.104,0.1568,0.058666666666666666,0.5641025641025641,3.5975928833071693,1.0,0.042359466666666665,1.9344,0.8058441558441558,0.2902374670184697,0.48304383788254757,0.4691261119832548
"frozenset({'בלון אמצעי T10SB', '3DMAX LARGE 10.8X16-LEFT'})",frozenset({'טאקר נספג-12 סיכות-ETHICON'}),0.12106666666666667,0.17653333333333332,0.0736,0.6079295154185022,3.443709490663721,1.0,0.052227697777777776,2.100302621722846,0.8073598213029407,0.3285714285714286,0.5238781356280385,0.5124239722107616
"frozenset({'בלון אמצעי T10SB', '3DMAX LARGE 10.8X16-LEFT', 'בלון דו צדדי PDBS2'})",frozenset({'טאקר נספג-12 סיכות-ETHICON'}),0.12,0.17653333333333332,0.07253333333333334,0.6044444444444446,3.4239677744209476,1.0,0.051349333333333344,2.0817977528089893,0.8044786096256686,0.3238095238095239,0.5196459412780657,0.5076602886874791
"frozenset({'בלון אמצעי T10SB', '3DMAX LARGE 10.8X16-LEFT', '3DMAX LARGE 10.8X16-RIGHT'})",frozenset({'טאקר נספג-12 סיכות-ETHICON'}),0.1168,0.17653333333333332,0.0704,0.6027397260273973,3.4143111368621453,1.0,0.04978090666666667,2.0728643678160923,0.8006285682916119,0.31578947368421056,0.5175757683299028,0.500765633406448
"frozenset({'בלון אמצעי T10SB', '3DMAX LARGE 10.8X16-LEFT', 'בלון דו צדדי PDBS2', '3DMAX LARGE 10.8X16-RIGHT'})",frozenset({'טאקר נספג-12 סיכות-ETHICON'}),0.11573333333333333,0.17653333333333332,0.06933333333333333,0.5990783410138248,3.393570662842664,1.0,0.04890254222222222,2.0539340996168582,0.797638489375522,0.3110047846889952,0.513129462047229,0.49591379286340787
"frozenset({'בלון אמצעי T10SB', '3DMAX LARGE 10.8X16-RIGHT'})",frozenset({'טאקר נספג-12 סיכות-ETHICON'}),0.12053333333333334,0.17653333333333332,0.07146666666666666,0.5929203539823008,3.358687805790979,1.0,0.05018851555555555,2.0228637681159416,0.7985119882696886,0.31678486997635935,0.5056513366041542,0.49887709542015346
"frozenset({'בלון אמצעי T10SB', 'בלון דו צדדי PDBS2', '3DMAX LARGE 10.8X16-RIGHT'})",frozenset({'טאקר נספג-12 סיכות-ETHICON'}),0.11946666666666667,0.17653333333333332,0.0704,0.5892857142857143,3.3380988347000433,1.0,0.04931015111111112,2.0049623188405796,0.7954591340418112,0.31205673758865254,0.5012375092524056,0.49403862753560646
"frozenset({'3DMAX LARGE 10.8X16-LEFT', 'בלון דו צדדי PDBS2'})",frozenset({'טאקר נספג-12 סיכות-ETHICON'}),0.1296,0.17653333333333332,0.07253333333333334,0.5596707818930042,3.170340531871248,1.0,0.04965461333333334,1.8701158878504678,0.7865078935986158,0.31050228310502287,0.4652737798247299,0.485273457411759
"frozenset({'3DMAX LARGE 10.8X16-LEFT', 'בלון דו צדדי PDBS2', '3DMAX LARGE 10.8X16-RIGHT'})",frozenset({'טאקר נספג-12 סיכות-ETHICON'}),0.12533333333333332,0.17653333333333332,0.06933333333333333,0.5531914893617021,3.1336375907951406,1.0,0.04720782222222222,1.8429968253968254,0.7784474671669794,0.29816513761467894,0.457405467974865,0.4729703670373465
"frozenset({'MICROVAL 16X11-RIGHT', 'טרוקר אקסל ללא סכין 11 B11LT', 'טאקר-10 סיכות MICROVAL'})",frozenset({'טרוקר ללא סכין 5 NB5STF'}),0.06506666666666666,0.31466666666666665,0.06346666666666667,0.975409836065574,3.0998193942761887,1.0,0.04299235555555556,27.870222222222445,0.7245442386880594,0.2006745362563238,0.9641194106015184,0.5885523756599056
"frozenset({'MICROVAL 16X11-LEFT', 'טרוקר אקסל ללא סכין 11 B11LT', 'טאקר-10 סיכות MICROVAL'})",frozenset({'טרוקר ללא סכין 5 NB5STF'}),0.06346666666666667,0.31466666666666665,0.06186666666666667,0.9747899159663865,3.0978493092152117,1.0,0.041895822222222226,27.184888888888867,0.7230873458487158,0.19561551433389546,0.9632148579276069,0.585700042728956
"frozenset({'MICROVAL 16X11-RIGHT', 'MICROVAL 16X11-LEFT', 'טרוקר אקסל ללא סכין 11 B11LT', 'טאקר-10 סיכות MICROVAL'})",frozenset({'טרוקר ללא סכין 5 NB5STF'}),0.06186666666666667,0.31466666666666665,0.06026666666666667,0.9741379310344828,3.0957773232028054,1.0,0.040799288888888896,26.49955555555556,0.7216238107935423,0.19055649241146713,0.9622635180464243,0.5828316773816482
"frozenset({'בלון דו צדדי PDBS2', '3DMAX LARGE 10.8X16-RIGHT'})",frozenset({'טאקר נספג-12 סיכות-ETHICON'}),0.12906666666666666,0.17653333333333332,0.0704,0.5454545454545455,3.089810491623181,1.0,0.04761543111111112,1.811626666666667,0.7765870585833845,0.2993197278911565,0.4480098916627415,0.47212304312002207
"frozenset({'אנדו קליפ 5 EL5ML', '3DMAX LARGE 10.8X16-RIGHT'})",frozenset({'3DMAX LARGE 10.8X16-LEFT'}),0.0784,0.32266666666666666,0.07786666666666667,0.9931972789115646,3.078090740428403,1.0,0.0525696,99.56799999999988,0.7325556506849316,0.2409240924092409,0.9899566125662863,0.6172597964805757
"frozenset({'3DMAX LARGE 10.8X16-RIGHT', 'שרוול אקסל 10-11  CB11LT'})",frozenset({'3DMAX LARGE 10.8X16-LEFT'}),0.06666666666666667,0.32266666666666666,0.06613333333333334,0.992,3.074380165289256,1.0,0.04462222222222223,84.66666666666659,0.7229262672811061,0.20462046204620463,0.9881889763779528,0.5984793388429752
"frozenset({'שרוול אקסל 10-11  CB11LT', 'טאקר נספג-12 סיכות-ETHICON', '3DMAX LARGE 10.8X16-RIGHT'})",frozenset({'3DMAX LARGE 10.8X16-LEFT'}),0.05173333333333333,0.32266666666666666,0.0512,0.9896907216494846,3.067223310897163,1.0,0.03450737777777778,65.70133333333357,0.7107412354705661,0.15841584158415842,0.9847796087344752,0.574184203799949
"frozenset({'3DMAX LARGE 10.8X16-LEFT', 'LIQUIBAND FIX8 טאקר דבק'})",frozenset({'3DMAX LARGE 10.8X16-RIGHT'}),0.07466666666666667,0.32426666666666665,0.07413333333333333,0.9928571428571427,3.0618538533834583,1.0,0.04992142222222222,94.60266666666406,0.727738270478718,0.22824302134646962,0.989429473446837,0.6107377819548871
"frozenset({'3DMAX LARGE 10.8X16-LEFT', 'טרוקר אקסל ללא סכין 11 B11LT', 'LIQUIBAND FIX8 טאקר דבק'})",frozenset({'3DMAX LARGE 10.8X16-RIGHT'}),0.0576,0.32426666666666665,0.05706666666666667,0.9907407407407408,3.0553271198830414,1.0,0.03838890666666667,72.97920000000055,0.7138187645780112,0.17569786535303777,0.9862974655792338,0.583363791423002
"frozenset({'בלון אמצעי T10SB', 'טאקר נספג-12 סיכות-ETHICON', '3DMAX LARGE 10.8X16-RIGHT'})",frozenset({'3DMAX LARGE 10.8X16-LEFT'}),0.07146666666666666,0.32266666666666666,0.0704,0.9850746268656717,3.0529172320217097,1.0,0.047340088888888895,45.381333333333544,0.7242006509668774,0.21746293245469525,0.9779645081678224,0.6016282225237449
"frozenset({'בלון אמצעי T10SB', 'טאקר נספג-12 סיכות-ETHICON', 'בלון דו צדדי PDBS2', '3DMAX LARGE 10.8X16-RIGHT'})",frozenset({'3DMAX LARGE 10.8X16-LEFT'}),0.0704,0.32266666666666666,0.06933333333333333,0.9848484848484848,3.0522163786626595,1.0,0.046617599999999995,44.70399999999971,0.7232887594333377,0.214168039538715,0.9776306370794559,0.599862258953168
"frozenset({'טאקר נספג-12 סיכות-ETHICON', 'בלון דו צדדי PDBS2', '3DMAX LARGE 10.8X16-RIGHT'})",frozenset({'3DMAX LARGE 10.8X16-LEFT'}),0.0704,0.32266666666666666,0.06933333333333333,0.9848484848484848,3.0522163786626595,1.0,0.046617599999999995,44.70399999999971,0.7232887594333377,0.214168039538715,0.9776306370794559,0.599862258953168
"frozenset({'3DMAX LARGE 10.8X16-LEFT', 'טרוקר אקסל ללא סכין 11 B11LT'})",frozenset({'3DMAX LARGE 10.8X16-RIGHT'}),0.09706666666666666,0.32426666666666665,0.096,0.989010989010989,3.0499927703875076,1.0,0.06452451555555555,61.49173333333355,0.7443853776990219,0.29508196721311475,0.9837376514566728,0.6425318102949682
"frozenset({'טאקר נספג-12 סיכות-ETHICON', '3DMAX LARGE 10.8X16-RIGHT'})",frozenset({'3DMAX LARGE 10.8X16-LEFT'}),0.1312,0.32266666666666666,0.12906666666666666,0.9837398373983739,3.0487804878048776,1.0,0.0867328,41.65599999999977,0.7734806629834254,0.3973727422003284,0.9759938544267331,0.691869918699187
"frozenset({'3DMAX LARGE 10.8X16-RIGHT', 'טרוקר אקסל ללא סכין 11 B11LT', 'LIQUIBAND FIX8 טאקר דבק'})",frozenset({'3DMAX LARGE 10.8X16-LEFT'}),0.058133333333333335,0.32266666666666666,0.05706666666666667,0.981651376146789,3.042307983925999,1.0,0.03830897777777778,36.91466666666666,0.7127358939892677,0.17627677100494235,0.9729104962797082,0.5792554401395102
"frozenset({'3DMAX LARGE 10.8X16-LEFT', 'שרוול אקסל 10-11  CB11LT'})",frozenset({'3DMAX LARGE 10.8X16-RIGHT'}),0.0672,0.32426666666666665,0.06613333333333334,0.9841269841269842,3.0349310776942358,1.0,0.044342613333333336,42.57120000000015,0.71880706025563,0.2032786885245902,0.9765099409929718,0.5940371762740184
"frozenset({'3DMAX LARGE 10.8X16-RIGHT', 'טרוקר אקסל ללא סכין 11 B11LT'})",frozenset({'3DMAX LARGE 10.8X16-LEFT'}),0.09813333333333334,0.32266666666666666,0.096,0.9782608695652174,3.031800215594682,1.0,0.06433564444444445,31.157333333333355,0.7430843025165911,0.2955665024630542,0.967904827114002,0.6378907653611211
"frozenset({'3DMAX LARGE 10.8X16-LEFT', 'מספריים לאפ'})",frozenset({'3DMAX LARGE 10.8X16-RIGHT'}),0.0608,0.32426666666666665,0.05973333333333333,0.9824561403508771,3.0297783933518008,1.0,0.04001792,38.516799999999876,0.7133122414212704,0.18360655737704917,0.9740373032027582,0.5833333333333333
frozenset({'3DMAX LARGE 10.8X16-RIGHT'}),frozenset({'3DMAX LARGE 10.8X16-LEFT'}),0.32426666666666665,0.32266666666666666,0.31626666666666664,0.975328947368421,3.022713679860809,1.0,0.2116366222222222,27.45457777777774,0.9902892333738393,0.9564516129032256,0.9635762018234563,0.9777471183123096
frozenset({'3DMAX LARGE 10.8X16-LEFT'}),frozenset({'3DMAX LARGE 10.8X16-RIGHT'}),0.32266666666666666,0.32426666666666665,0.31626666666666664,0.9801652892561983,3.022713679860809,1.0,0.2116366222222222,34.068222222222104,0.9879499674682318,0.9564516129032256,0.970647132877168,0.9777471183123096
"frozenset({'שרוול אקסל 10-11  CB11LT', '3DMAX LARGE 10.8X16-LEFT', 'טאקר נספג-12 סיכות-ETHICON'})",frozenset({'3DMAX LARGE 10.8X16-RIGHT'}),0.05226666666666667,0.32426666666666665,0.0512,0.9795918367346939,3.0209452201933407,1.0,0.03425166222222223,33.11093333333329,0.7058713187019323,0.15737704918032788,0.9697984955623923,0.5687432867883996
"frozenset({'טרוקר ללא סכין 5 NB5STF', 'בלון אמצעי T10SB', 'בלון דו צדדי PDBS2'})",frozenset({'סקשן איריגיישיין 5'}),0.15146666666666667,0.16906666666666667,0.07733333333333334,0.5105633802816901,3.019893810814413,1.0,0.051725368888888894,1.697734292565947,0.7882572227399813,0.31798245614035087,0.4109796778101213,0.48398831474652326
"frozenset({'טרוקר אקסל ללא סכין 11 B11LT', 'MICROVAL 16X11-RIGHT'})",frozenset({'טרוקר ללא סכין 5 NB5STF'}),0.07413333333333333,0.31466666666666665,0.0704,0.9496402877697843,3.017924643336179,1.0,0.04707271111111112,13.608761904761929,0.7221844016198856,0.221105527638191,0.9265179296251715,0.5866845506645532
"frozenset({'CAPSURE טאקר 30', 'DEXTILE RIGHT ANT. MESH 16X12C'})",frozenset({'טרוקר אקסל ללא סכין 11 B11LT'}),0.0576,0.32853333333333334,0.05706666666666667,0.9907407407407408,3.015647546897547,1.0,0.03814314666666667,72.51840000000054,0.7092490043317519,0.17341977309562398,0.9862103962580532,0.5822210197210198
"frozenset({'CAPSURE טאקר 30', 'DEXTILE RIGHT ANT. MESH 16X12C', 'DEXTILE LEFT ANT. MESH 16X12CM'})",frozenset({'טרוקר אקסל ללא סכין 11 B11LT'}),0.05706666666666667,0.32853333333333334,0.05653333333333333,0.9906542056074765,3.015384148561718,1.0,0.0377850311111111,71.84693333333247,0.7088171262699564,0.17179902755267423,0.9860815214567263,0.5813660638426993
"frozenset({'CAPSURE טאקר 30', 'DEXTILE LEFT ANT. MESH 16X12CM'})",frozenset({'טרוקר אקסל ללא סכין 11 B11LT'}),0.05706666666666667,0.32853333333333334,0.05653333333333333,0.9906542056074765,3.015384148561718,1.0,0.0377850311111111,71.84693333333247,0.7088171262699564,0.17179902755267423,0.9860815214567263,0.5813660638426993
"frozenset({'MICROVAL 16X11-LEFT', 'טרוקר אקסל ללא סכין 11 B11LT'})",frozenset({'טרוקר ללא סכין 5 NB5STF'}),0.07253333333333334,0.31466666666666665,0.0688,0.9485294117647058,3.0143943170488536,1.0,0.04597617777777778,13.31504761904761,0.7205201242806389,0.21608040201005024,0.9248970016021972,0.583586739780658
"frozenset({'MICROVAL 16X11-LEFT', 'טרוקר אקסל ללא סכין 11 B11LT', 'MICROVAL 16X11-RIGHT'})",frozenset({'טרוקר ללא סכין 5 NB5STF'}),0.07093333333333333,0.31466666666666665,0.0672,0.9473684210526315,3.0107047279214987,1.0,0.04487964444444444,13.02133333333332,0.7188416889909427,0.21105527638190952,0.923202949006758,0.580463871543265
"frozenset({'בלון דו צדדי PDBS2', '3DMAX LARGE 10.8X16-RIGHT'})",frozenset({'3DMAX LARGE 10.8X16-LEFT'}),0.12906666666666666,0.32266666666666666,0.12533333333333332,0.9710743801652892,3.0095280377023426,1.0,0.08368782222222221,23.41638095238094,0.7666740498495133,0.38398692810457513,0.9572948526062341,0.6797520661157025
"frozenset({'בלון אמצעי T10SB', '3DMAX LARGE 10.8X16-RIGHT'})",frozenset({'3DMAX LARGE 10.8X16-LEFT'}),0.12053333333333334,0.32266666666666666,0.1168,0.9690265486725663,3.003181452497623,1.0,0.07790791111111112,21.868190476190442,0.758436689179273,0.357843137254902,0.9542714793394188,0.6655050098734733
"frozenset({'בלון אמצעי T10SB', 'בלון דו צדדי PDBS2', '3DMAX LARGE 10.8X16-RIGHT'})",frozenset({'3DMAX LARGE 10.8X16-LEFT'}),0.11946666666666667,0.32266666666666666,0.11573333333333333,0.96875,3.0023243801652892,1.0,0.07718542222222222,21.674666666666667,0.7574099763584141,0.35457516339869277,0.953863188976378,0.6637138429752066
"frozenset({'טרוקר ללא סכין 5 NB5STF', 'בלון אמצעי T10SB'})",frozenset({'סקשן איריגיישיין 5'}),0.15253333333333333,0.16906666666666667,0.07733333333333334,0.5069930069930071,2.99877567227725,1.0,0.05154503111111111,1.6854392434988181,0.7864976888522385,0.3165938864628821,0.40668285501404894,0.4822031281021818
"frozenset({'3DMAX LARGE 10.8X16-LEFT', 'טאקר נספג-12 סיכות-ETHICON'})",frozenset({'3DMAX LARGE 10.8X16-RIGHT'}),0.13333333333333333,0.32426666666666665,0.12906666666666666,0.968,2.9851973684210527,1.0,0.08583111111111111,21.116666666666646,0.7673235855054037,0.39285714285714285,0.9526440410418311,0.6830131578947368
"frozenset({'3DMAX LARGE 10.8X16-LEFT', 'בלון דו צדדי PDBS2'})",frozenset({'3DMAX LARGE 10.8X16-RIGHT'}),0.1296,0.32426666666666665,0.12533333333333332,0.9670781893004115,2.982354613385315,1.0,0.08330837333333332,20.525399999999955,0.763665519399249,0.38149350649350644,0.9512798776150525,0.6767956735975742
"frozenset({'3DMAX LARGE 10.8X16-LEFT', 'אנדו קליפ 5 EL5ML'})",frozenset({'3DMAX LARGE 10.8X16-RIGHT'}),0.08053333333333333,0.32426666666666665,0.07786666666666667,0.9668874172185431,2.9817662948762638,1.0,0.051752391111111115,20.407146666666698,0.7228411149604298,0.23817292006525287,0.9509975590250737,0.6035094980829557
"frozenset({'טרוקר ללא סכין 5 NB5STF', 'בלון דו צדדי PDBS2'})",frozenset({'סקשן איריגיישיין 5'}),0.1568,0.16906666666666667,0.07893333333333333,0.5034013605442177,2.9775317066889846,1.0,0.05242367999999999,1.673249315068493,0.7876557772193447,0.31965442764578833,0.4023604306934584,0.4851391660765252
"frozenset({'בלון אמצעי T10SB', '3DMAX LARGE 10.8X16-LEFT'})",frozenset({'3DMAX LARGE 10.8X16-RIGHT'}),0.12106666666666667,0.32426666666666665,0.1168,0.9647577092511013,2.9751985277069326,1.0,0.07754211555555555,19.173933333333306,0.7553337101564924,0.35551948051948057,0.947845860178228,0.662477538836077
"frozenset({'בלון אמצעי T10SB', '3DMAX LARGE 10.8X16-LEFT', 'בלון דו צדדי PDBS2'})",frozenset({'3DMAX LARGE 10.8X16-RIGHT'}),0.12,0.32426666666666665,0.11573333333333333,0.9644444444444444,2.974232456140351,1.0,0.07682133333333332,19.004999999999995,0.7542940930037704,0.35227272727272724,0.9473822678242567,0.6606761695906432
"frozenset({'3DMAX LARGE 10.8X16-RIGHT', 'LIQUIBAND FIX8 טאקר דבק'})",frozenset({'3DMAX LARGE 10.8X16-LEFT'}),0.07733333333333334,0.32266666666666666,0.07413333333333333,0.9586206896551723,2.9709318894271872,1.0,0.04918044444444444,16.368888888888858,0.7190086081423878,0.22749590834697214,0.938908498506652,0.5941863778854374
"frozenset({'טרוקר ללא סכין 5 NB5STF', 'MICROVAL 16X11-RIGHT', 'טאקר-10 סיכות MICROVAL'})",frozenset({'טרוקר אקסל ללא סכין 11 B11LT'}),0.06506666666666666,0.32853333333333334,0.06346666666666667,0.975409836065574,2.9689828614008946,1.0,0.04209009777777778,27.306311111111327,0.7093386127982282,0.19224555735056545,0.9633784294066332,0.5842958271236961
"frozenset({'טרוקר ללא סכין 5 NB5STF', 'MICROVAL 16X11-LEFT', 'טאקר-10 סיכות MICROVAL'})",frozenset({'טרוקר אקסל ללא סכין 11 B11LT'}),0.06346666666666667,0.32853333333333334,0.06186666666666667,0.9747899159663865,2.967095929280803,1.0,0.04101575111111111,26.634844444444422,0.7078980441442149,0.18739903069466882,0.9624551965345312,0.5815508021390374
"frozenset({'מספריים לאפ', '3DMAX LARGE 10.8X16-RIGHT'})",frozenset({'3DMAX LARGE 10.8X16-LEFT'}),0.0624,0.32266666666666666,0.05973333333333333,0.9572649572649573,2.9667302394575126,1.0,0.039598933333333336,15.849600000000015,0.7070483910287665,0.18360655737704917,0.9369069250959016,0.5711944621035531
"frozenset({'טרוקר ללא סכין 5 NB5STF', 'MICROVAL 16X11-LEFT', 'MICROVAL 16X11-RIGHT', 'טאקר-10 סיכות MICROVAL'})",frozenset({'טרוקר אקסל ללא סכין 11 B11LT'}),0.06186666666666667,0.32853333333333334,0.06026666666666667,0.9741379310344828,2.965111397223466,1.0,0.039941404444444446,25.96337777777778,0.7064502658892069,0.1825525040387722,0.9614842102380105,0.5787897447380206
"frozenset({'טרוקר ללא סכין 5 NB5STF', 'MICROVAL 16X11-RIGHT'})",frozenset({'טרוקר אקסל ללא סכין 11 B11LT'}),0.07253333333333334,0.32853333333333334,0.0704,0.9705882352941176,2.9543067226890756,1.0,0.04657038222222222,22.82986666666666,0.7132451600536706,0.21290322580645163,0.9561977292902863,0.592436974789916
"frozenset({'טרוקר ללא סכין 5 NB5STF', 'MICROVAL 16X11-LEFT'})",frozenset({'טרוקר אקסל ללא סכין 11 B11LT'}),0.07093333333333333,0.32853333333333334,0.0688,0.9699248120300752,2.952287374279855,1.0,0.04549603555555555,22.32626666666667,0.7117676376614244,0.20806451612903226,0.9552097081464583,0.5896701982228298
"frozenset({'טרוקר ללא סכין 5 NB5STF', 'MICROVAL 16X11-LEFT', 'MICROVAL 16X11-RIGHT'})",frozenset({'טרוקר אקסל ללא סכין 11 B11LT'}),0.06933333333333333,0.32853333333333334,0.0672,0.9692307692307692,2.950174825174825,1.0,0.04442168888888888,21.822666666666667,0.7102833492518306,0.20322580645161287,0.9541760860267612,0.5868881118881119
"frozenset({'בלון אמצעי T10SB', '3DMAX LARGE 10.8X16-LEFT', 'טאקר נספג-12 סיכות-ETHICON'})",frozenset({'3DMAX LARGE 10.8X16-RIGHT'}),0.0736,0.32426666666666665,0.0704,0.9565217391304348,2.9497997711670485,1.0,0.04653397333333334,15.541866666666676,0.7135081383786047,0.2149837133550489,0.9356576644590097,0.5868135011441648
"frozenset({'טאקר נספג-12 סיכות-ETHICON', 'שרוול אקסל 10-11  CB11LT'})",frozenset({'3DMAX LARGE 10.8X16-LEFT'}),0.054933333333333334,0.32266666666666666,0.05226666666666667,0.9514563106796117,2.948728235577309,1.0,0.03454151111111112,13.953066666666674,0.6992847929239416,0.16065573770491806,0.9283311673419463,0.5567198908769959
"frozenset({'3DMAX LARGE 10.8X16-LEFT', 'בלון דו צדדי PDBS2', 'טאקר נספג-12 סיכות-ETHICON'})",frozenset({'3DMAX LARGE 10.8X16-RIGHT'}),0.07253333333333334,0.32426666666666665,0.06933333333333333,0.9558823529411764,2.947827979876161,1.0,0.04581319111111111,15.316622222222199,0.7124430486132614,0.21172638436482083,0.9347114536422303,0.5848490712074303
"frozenset({'בלון אמצעי T10SB', '3DMAX LARGE 10.8X16-LEFT', 'בלון דו צדדי PDBS2', 'טאקר נספג-12 סיכות-ETHICON'})",frozenset({'3DMAX LARGE 10.8X16-RIGHT'}),0.07253333333333334,0.32426666666666665,0.06933333333333333,0.9558823529411764,2.947827979876161,1.0,0.04581319111111111,15.316622222222199,0.7124430486132614,0.21172638436482083,0.9347114536422303,0.5848490712074303
"frozenset({'טאקר נספג-12 סיכות-ETHICON', 'שרוול אקסל 10-11  CB11LT'})","frozenset({'3DMAX LARGE 10.8X16-LEFT', '3DMAX LARGE 10.8X16-RIGHT'})",0.054933333333333334,0.31626666666666664,0.0512,0.9320388349514563,2.9470030616087364,1.0,0.033826417777777784,10.060647619047623,0.6990747272385253,0.16000000000000003,0.900602820229314,0.5469637682345815
"frozenset({'טאקר נספג-12 סיכות-ETHICON', 'שרוול אקסל 10-11  CB11LT'})",frozenset({'3DMAX LARGE 10.8X16-RIGHT'}),0.054933333333333334,0.32426666666666665,0.05173333333333333,0.941747572815534,2.904237991824221,1.0,0.03392028444444445,11.600088888888893,0.693787670754695,0.15798045602605865,0.9137937640324596,0.5506435232498723
"frozenset({'טרוקר אקסל ללא סכין 11 B11LT', 'LIQUIBAND FIX8 טאקר דבק'})","frozenset({'3DMAX LARGE 10.8X16-LEFT', '3DMAX LARGE 10.8X16-RIGHT'})",0.0624,0.31626666666666664,0.05706666666666667,0.9145299145299146,2.891641803952091,1.0,0.03733162666666667,7.999680000000008,0.697712991611113,0.17744610281923714,0.8749949997999921,0.5474841815482625
"frozenset({'טרוקר אקסל ללא סכין 11 B11LT', 'LIQUIBAND FIX8 טאקר דבק'})",frozenset({'3DMAX LARGE 10.8X16-RIGHT'}),0.0624,0.32426666666666665,0.058133333333333335,0.9316239316239318,2.873017881241566,1.0,0.03789909333333334,9.882600000000018,0.6953220402667754,0.17694805194805194,0.8988120535081865,0.5554501237067028
"frozenset({'טרוקר אקסל ללא סכין 11 B11LT', 'LIQUIBAND FIX8 טאקר דבק'})",frozenset({'3DMAX LARGE 10.8X16-LEFT'}),0.0624,0.32266666666666666,0.0576,0.9230769230769231,2.8607755880483157,1.0,0.0374656,8.805333333333339,0.6937334091770953,0.1758957654723127,0.8864324651726228,0.550794659885569
"frozenset({'MICROVAL 16X11-RIGHT', 'טאקר-10 סיכות MICROVAL'})",frozenset({'טרוקר ללא סכין 5 NB5STF'}),0.07253333333333334,0.31466666666666665,0.06506666666666666,0.8970588235294116,2.850822532402791,1.0,0.04224284444444444,6.657523809523798,0.6999971719190414,0.2019867549668874,0.8497940032043944,0.5519192422731803
"frozenset({'MICROVAL 16X11-LEFT', 'MICROVAL 16X11-RIGHT', 'טאקר-10 סיכות MICROVAL'})",frozenset({'טרוקר ללא סכין 5 NB5STF'}),0.06933333333333333,0.31466666666666665,0.06186666666666667,0.8923076923076924,2.835723598435463,1.0,0.04004977777777778,6.363809523809527,0.6955834403715049,0.19205298013245034,0.8428614187369052,0.5444589308996088
"frozenset({'MICROVAL 16X11-LEFT', 'טאקר-10 סיכות MICROVAL'})",frozenset({'טרוקר ללא סכין 5 NB5STF'}),0.07146666666666666,0.31466666666666665,0.06346666666666667,0.8880597014925374,2.8222236276245893,1.0,0.0409784888888889,6.1223111111111175,0.6953648777144403,0.19669421487603309,0.83666298855915,0.5448773083733873
"frozenset({'בלון אמצעי T10SB', 'בלון דו צדדי PDBS2', 'LIQUIBAND FIX8 טאקר דבק'})",frozenset({'טרוקר ללא סכין 5 NB5STF'}),0.05973333333333333,0.31466666666666665,0.0528,0.8839285714285714,2.8090950363196128,1.0,0.03400391111111111,5.904410256410255,0.6849264052894228,0.16417910447761197,0.8306350750416898,0.5258625907990315
"frozenset({'בלון אמצעי T10SB', 'LIQUIBAND FIX8 טאקר דבק'})",frozenset({'טרוקר ללא סכין 5 NB5STF'}),0.05973333333333333,0.31466666666666665,0.0528,0.8839285714285714,2.8090950363196128,1.0,0.03400391111111111,5.904410256410255,0.6849264052894228,0.16417910447761197,0.8306350750416898,0.5258625907990315
"frozenset({'MICROVAL 16X11-RIGHT', 'טאקר-10 סיכות MICROVAL'})",frozenset({'טרוקר אקסל ללא סכין 11 B11LT'}),0.07253333333333334,0.32853333333333334,0.06506666666666666,0.8970588235294116,2.730495607333842,1.0,0.04123704888888888,6.522819047619035,0.6833303481367659,0.19365079365079363,0.8466920525160021,0.5475553857906799
"frozenset({'טרוקר אקסל ללא סכין 11 B11LT', 'טאקר-10 סיכות MICROVAL'})",frozenset({'טרוקר ללא סכין 5 NB5STF'}),0.10026666666666667,0.31466666666666665,0.08586666666666666,0.8563829787234042,2.7215560764514963,1.0,0.054316088888888885,4.771950617283949,0.7030562540729806,0.2609400324149108,0.7904420895769516,0.5646321673278037
"frozenset({'MICROVAL 16X11-LEFT', 'MICROVAL 16X11-RIGHT', 'טאקר-10 סיכות MICROVAL'})",frozenset({'טרוקר אקסל ללא סכין 11 B11LT'}),0.06933333333333333,0.32853333333333334,0.06186666666666667,0.8923076923076924,2.716033966033966,1.0,0.03908835555555555,6.235047619047622,0.6788854856239501,0.1841269841269841,0.8396163010936641,0.5403096903096903
"frozenset({'MICROVAL 16X11-LEFT', 'טאקר-10 סיכות MICROVAL'})",frozenset({'טרוקר אקסל ללא סכין 11 B11LT'}),0.07146666666666666,0.32853333333333334,0.06346666666666667,0.8880597014925374,2.703103799185889,1.0,0.03998748444444445,5.998435555555562,0.678548501537318,0.18858954041204437,0.8332898652092992,0.5406207598371778
"frozenset({'בלון דו צדדי PDBS2', 'LIQUIBAND FIX8 טאקר דבק'})",frozenset({'טרוקר ללא סכין 5 NB5STF'}),0.06453333333333333,0.31466666666666665,0.0544,0.8429752066115702,2.6789466311808376,1.0,0.03409351111111111,4.364491228070174,0.6699532720727973,0.16748768472906403,0.7708782197639643,0.5079282812718868
frozenset({'MICROVAL 16X11-RIGHT'}),frozenset({'טרוקר ללא סכין 5 NB5STF'}),0.0864,0.31466666666666665,0.07253333333333334,0.8395061728395062,2.6679221594475835,1.0,0.04534613333333334,4.270153846153848,0.684299989698156,0.2207792207792208,0.7658164000576453,0.5350073237078887
"frozenset({'MICROVAL 16X11-LEFT', 'MICROVAL 16X11-RIGHT'})",frozenset({'טרוקר ללא סכין 5 NB5STF'}),0.08266666666666667,0.31466666666666665,0.06933333333333333,0.8387096774193548,2.6653909240021867,1.0,0.04332088888888889,4.249066666666665,0.6811270125223614,0.21138211382113822,0.7646541985690974,0.5295243302351011
frozenset({'MICROVAL 16X11-LEFT'}),frozenset({'טרוקר ללא סכין 5 NB5STF'}),0.0848,0.31466666666666665,0.07093333333333333,0.8364779874213837,2.6582986888391433,1.0,0.0442496,4.191076923076924,0.681621010568379,0.21590909090909094,0.7613978415681668,0.5309508581174716
"frozenset({'DEXTILE RIGHT ANT. MESH 16X12C', 'DEXTILE LEFT ANT. MESH 16X12CM'})",frozenset({'טרוקר אקסל ללא סכין 11 B11LT'}),0.0672,0.32853333333333334,0.058133333333333335,0.8650793650793651,2.6331555349412494,1.0,0.03605589333333334,4.976752941176472,0.6649094371095411,0.1721958925750395,0.799065774045917,0.5210137085137085
frozenset({'DEXTILE LEFT ANT. MESH 16X12CM'}),frozenset({'טרוקר אקסל ללא סכין 11 B11LT'}),0.0672,0.32853333333333334,0.058133333333333335,0.8650793650793651,2.6331555349412494,1.0,0.03605589333333334,4.976752941176472,0.6649094371095411,0.1721958925750395,0.799065774045917,0.5210137085137085
frozenset({'DEXTILE RIGHT ANT. MESH 16X12C'}),frozenset({'טרוקר אקסל ללא סכין 11 B11LT'}),0.06826666666666667,0.32853333333333334,0.058666666666666666,0.8593749999999999,2.615792410714285,1.0,0.03623879111111111,4.77487407407407,0.6629650829994277,0.17350157728706622,0.7905703931691818,0.5189732142857142
"frozenset({'MICROVAL 16X11-LEFT', 'MICROVAL 16X11-RIGHT'})",frozenset({'טרוקר אקסל ללא סכין 11 B11LT'}),0.08266666666666667,0.32853333333333334,0.07093333333333333,0.8580645161290322,2.6118035190615836,1.0,0.04377457777777778,4.730787878787877,0.6727356181150551,0.2084639498432602,0.7886187194137692,0.5369868035190616
frozenset({'MICROVAL 16X11-RIGHT'}),frozenset({'טרוקר אקסל ללא סכין 11 B11LT'}),0.0864,0.32853333333333334,0.07413333333333333,0.8580246913580246,2.611682299182299,1.0,0.04574805333333333,4.729460869565215,0.6754652320175384,0.217527386541471,0.7885594092901479,0.5418370210036876
frozenset({'MICROVAL 16X11-LEFT'}),frozenset({'טרוקר אקסל ללא סכין 11 B11LT'}),0.0848,0.32853333333333334,0.07253333333333334,0.8553459119496856,2.6035285469247733,1.0,0.044673706666666674,4.641878260869566,0.6729740847387906,0.2128325508607199,0.784569964182415,0.5380625663644532
"frozenset({'טרוקר ללא סכין 5 NB5STF', 'טרוקר אקסל ללא סכין 11 B11LT'})",frozenset({'טאקר-10 סיכות MICROVAL'}),0.1616,0.20906666666666668,0.08586666666666666,0.5313531353135313,2.541548797736916,1.0,0.052081493333333326,1.6876957746478871,0.7234483903086624,0.3014981273408239,0.40747614882863875,0.4710337105139085
"frozenset({'3DMAX LARGE 10.8X16-LEFT', 'LIQUIBAND FIX8 טאקר דבק'})",frozenset({'טרוקר אקסל ללא סכין 11 B11LT'}),0.07466666666666667,0.32853333333333334,0.0576,0.7714285714285714,2.348098330241187,1.0,0.0330695111111111,2.9376666666666655,0.6204504216031592,0.16666666666666666,0.6595937819130828,0.47337662337662334
"frozenset({'3DMAX LARGE 10.8X16-LEFT', '3DMAX LARGE 10.8X16-RIGHT', 'LIQUIBAND FIX8 טאקר דבק'})",frozenset({'טרוקר אקסל ללא סכין 11 B11LT'}),0.07413333333333333,0.32853333333333334,0.05706666666666667,0.7697841726618706,2.343093058021116,1.0,0.03271139555555556,2.9166833333333346,0.6191104268056333,0.16512345679012344,0.6571448163153355,0.47174273568158465
frozenset({'טאקר נספג-12 סיכות-ETHICON'}),frozenset({'3DMAX LARGE 10.8X16-LEFT'}),0.17653333333333332,0.32266666666666666,0.13333333333333333,0.7552870090634441,2.340765523956955,1.0,0.07637191111111111,2.767868312757202,0.6955829015544042,0.36443148688046645,0.6387111354283133,0.584255074779656
frozenset({'טאקר נספג-12 סיכות-ETHICON'}),"frozenset({'3DMAX LARGE 10.8X16-LEFT', '3DMAX LARGE 10.8X16-RIGHT'})",0.17653333333333332,0.31626666666666664,0.12906666666666666,0.7311178247734139,2.31171318962926,1.0,0.07323505777777778,2.5428734082397004,0.6890629683552434,0.3548387096774194,0.6067440884946577,0.5696061299246497
frozenset({'טאקר נספג-12 סיכות-ETHICON'}),frozenset({'3DMAX LARGE 10.8X16-RIGHT'}),0.17653333333333332,0.32426666666666665,0.1312,0.7432024169184291,2.291948242963906,1.0,0.07395612444444447,2.631385098039217,0.6845328362610053,0.35497835497835506,0.6199720060947551,0.573903840038162
"frozenset({'3DMAX LARGE 10.8X16-RIGHT', 'LIQUIBAND FIX8 טאקר דבק'})",frozenset({'טרוקר אקסל ללא סכין 11 B11LT'}),0.07733333333333334,0.32853333333333334,0.058133333333333335,0.7517241379310344,2.288121361397223,1.0,0.032726755555555556,2.704518518518518,0.6101447738240441,0.16717791411042943,0.6302484182849003,0.4643360949395432
"frozenset({'טרוקר ללא סכין 5 NB5STF', 'DYNAMESH ENDOLAP 3D 10*15CM'})","frozenset({'בלון אמצעי T10SB', 'בלון דו צדדי PDBS2'})",0.058666666666666666,0.44853333333333334,0.058666666666666666,1.0,2.2294887039239,1.0,0.03235271111111111,inf,0.5858356940509916,0.13079667063020214,1.0,0.5653983353151011
"frozenset({'טרוקר ללא סכין 5 NB5STF', 'טאקר-10 סיכות MICROVAL'})",frozenset({'טרוקר אקסל ללא סכין 11 B11LT'}),0.11733333333333333,0.32853333333333334,0.08586666666666666,0.7318181818181818,2.227530991735537,1.0,0.04731875555555555,2.503774011299435,0.6243268094049651,0.23851851851851846,0.6006029316196115,0.4965909090909091
frozenset({'טרוקר אקסל OPTI-5X100'}),frozenset({'טרוקר אקסל ללא סכין 11 B11LT'}),0.09866666666666667,0.32853333333333334,0.072,0.7297297297297297,2.2211740961740962,1.0,0.03958471111111111,2.4844266666666663,0.60997150997151,0.2027027027027027,0.5974926475323615,0.4744427869427869
"frozenset({'טרוקר ללא סכין 5 NB5STF', 'DYNAMESH ENDOLAP 3D 10*15CM'})",frozenset({'בלון אמצעי T10SB'}),0.058666666666666666,0.4554666666666667,0.058666666666666666,1.0,2.1955503512880563,1.0,0.03194595555555556,inf,0.5784702549575071,0.1288056206088993,1.0,0.5644028103044496
"frozenset({'MICROVAL 14X10-RIGHT', 'בלון דו צדדי PDBS2', 'MICROVAL 14X10-LEFT'})",frozenset({'בלון אמצעי T10SB'}),0.06773333333333334,0.4554666666666667,0.06773333333333334,1.0,2.1955503512880563,1.0,0.036883057777777783,inf,0.584096109839817,0.148711943793911,1.0,0.5743559718969555
"frozenset({'בלון דו צדדי PDBS2', 'MICROVAL 14X10-LEFT'})",frozenset({'בלון אמצעי T10SB'}),0.06826666666666667,0.4554666666666667,0.06826666666666667,1.0,2.1955503512880563,1.0,0.03717347555555556,inf,0.5844304522037779,0.14988290398126464,1.0,0.5749414519906323
"frozenset({'MICROVAL 14X10-RIGHT', 'בלון דו צדדי PDBS2', 'טאקר-10 סיכות MICROVAL'})",frozenset({'בלון אמצעי T10SB'}),0.06346666666666667,0.4554666666666667,0.06346666666666667,1.0,2.1955503512880563,1.0,0.03455971555555556,inf,0.5814350797266515,0.13934426229508198,1.0,0.569672131147541
"frozenset({'MICROVAL 14X10-RIGHT', 'בלון דו צדדי PDBS2'})",frozenset({'בלון אמצעי T10SB'}),0.0688,0.4554666666666667,0.0688,1.0,2.1955503512880563,1.0,0.03746389333333333,inf,0.5847651775486826,0.15105386416861827,1.0,0.5755269320843092
"frozenset({'3DMAX LARGE 10.8X16-RIGHT', 'טאקר נספג-12 סיכות-ETHICON', 'בלון דו צדדי PDBS2'})",frozenset({'בלון אמצעי T10SB'}),0.0704,0.4554666666666667,0.0704,1.0,2.1955503512880563,1.0,0.03833514666666667,inf,0.5857716580608147,0.15456674473067916,1.0,0.5772833723653396
"frozenset({'MICROVAL 14X10-LEFT', 'בלון דו צדדי PDBS2', 'טאקר-10 סיכות MICROVAL'})",frozenset({'בלון אמצעי T10SB'}),0.06293333333333333,0.4554666666666667,0.06293333333333333,1.0,2.1955503512880563,1.0,0.03426929777777778,inf,0.5811041548093341,0.13817330210772832,1.0,0.5690866510538641
"frozenset({'3DMAX LARGE 10.8X16-LEFT', 'בלון דו צדדי PDBS2', 'טאקר נספג-12 סיכות-ETHICON'})",frozenset({'בלון אמצעי T10SB'}),0.07253333333333334,0.4554666666666667,0.07253333333333334,1.0,2.1955503512880563,1.0,0.039496817777777776,inf,0.5871190339275445,0.1592505854800937,1.0,0.5796252927400468
"frozenset({'3DMAX LARGE 10.8X16-LEFT', 'בלון דו צדדי PDBS2', 'טאקר נספג-12 סיכות-ETHICON', '3DMAX LARGE 10.8X16-RIGHT'})",frozenset({'בלון אמצעי T10SB'}),0.06933333333333333,0.4554666666666667,0.06933333333333333,1.0,2.1955503512880563,1.0,0.037754311111111105,inf,0.5851002865329512,0.15222482435597187,1.0,0.5761124121779859
"frozenset({'בלון דו צדדי PDBS2', 'טאקר-10 סיכות MICROVAL'})",frozenset({'בלון אמצעי T10SB'}),0.07573333333333333,0.4554666666666667,0.07573333333333333,1.0,2.1955503512880563,1.0,0.04123932444444444,inf,0.5891517599538372,0.16627634660421545,1.0,0.5831381733021077
"frozenset({'MICROVAL 14X10-RIGHT', 'טאקר-10 סיכות MICROVAL', 'בלון דו צדדי PDBS2', 'MICROVAL 14X10-LEFT'})",frozenset({'בלון אמצעי T10SB'}),0.0624,0.4554666666666667,0.0624,1.0,2.1955503512880563,1.0,0.033978879999999996,inf,0.5807736063708759,0.1370023419203747,1.0,0.5685011709601874
"frozenset({'טרוקר ללא סכין 5 NB5STF', 'DYNAMESH ENDOLAP 3D 10*15CM', 'בלון דו צדדי PDBS2'})",frozenset({'בלון אמצעי T10SB'}),0.058666666666666666,0.4554666666666667,0.058666666666666666,1.0,2.1955503512880563,1.0,0.03194595555555556,inf,0.5784702549575071,0.1288056206088993,1.0,0.5644028103044496
"frozenset({'DYNAMESH ENDOLAP 3D 10*15CM', 'בלון דו צדדי PDBS2'})",frozenset({'בלון אמצעי T10SB'}),0.10293333333333334,0.4554666666666667,0.1024,0.9948186528497409,2.1841744427321594,1.0,0.05551729777777778,105.09493333333296,0.6043710364645264,0.22456140350877193,0.9904847934312089,0.609821504410819
"frozenset({'טאקר נספג - 15 סיכות', 'בלון דו צדדי PDBS2'})",frozenset({'בלון אמצעי T10SB'}),0.05386666666666667,0.4554666666666667,0.05333333333333334,0.9900990099009902,2.1738122289980755,1.0,0.028798862222222225,54.997866666667235,0.5707215332581735,0.1169590643274854,0.9818174765566666,0.5535975143181766
"frozenset({'בלון אמצעי T10SB', 'טאקר נספג-12 סיכות-ETHICON'})",frozenset({'3DMAX LARGE 10.8X16-LEFT'}),0.1056,0.32266666666666666,0.0736,0.696969696969697,2.1600300525920364,1.0,0.0395264,2.2352000000000003,0.6004511161235125,0.20751879699248119,0.5526127415891197,0.462534435261708
"frozenset({'בלון דו צדדי PDBS2', 'PROGRIP ANTMCL 15X10CM-RIGHT'})",frozenset({'בלון אמצעי T10SB'}),0.06133333333333333,0.4554666666666667,0.06026666666666667,0.982608695652174,2.157366866917829,1.0,0.03233137777777778,31.310666666666847,0.5715255430410299,0.13200934579439252,0.968062002299536,0.5574635984115671
"frozenset({'PROGRIP ANTMCL 15X10CM-LEFT', 'בלון דו צדדי PDBS2'})",frozenset({'בלון אמצעי T10SB'}),0.06026666666666667,0.4554666666666667,0.0592,0.9823008849557522,2.15669105303517,1.0,0.03175054222222222,30.766133333333283,0.5707222546042069,0.12967289719626168,0.9674967280039524,0.5561387328760026
"frozenset({'בלון דו צדדי PDBS2', 'PROGRIP ANTMCL 15X10CM-LEFT', 'PROGRIP ANTMCL 15X10CM-RIGHT'})",frozenset({'בלון אמצעי T10SB'}),0.06026666666666667,0.4554666666666667,0.0592,0.9823008849557522,2.15669105303517,1.0,0.03175054222222222,30.766133333333283,0.5707222546042069,0.12967289719626168,0.9674967280039524,0.5561387328760026
"frozenset({'טאקר נספג-12 סיכות-ETHICON', 'בלון דו צדדי PDBS2'})",frozenset({'בלון אמצעי T10SB'}),0.10666666666666667,0.4554666666666667,0.10453333333333334,0.98,2.151639344262295,1.0,0.05595022222222222,27.22666666666664,0.5991471215351812,0.22843822843822845,0.9632713026444661,0.6047540983606557
"frozenset({'טרוקר ללא סכין 5 NB5STF', 'בלון דו צדדי PDBS2', 'סקשן איריגיישיין 5'})",frozenset({'בלון אמצעי T10SB'}),0.07893333333333333,0.4554666666666667,0.07733333333333334,0.9797297297297298,2.1510459522754606,1.0,0.041381831111111114,26.86364444444457,0.5809675937943014,0.16919486581096851,0.9627749688964187,0.5747594784480031
"frozenset({'בלון אמצעי T10SB', 'טאקר נספג-12 סיכות-ETHICON', 'בלון דו צדדי PDBS2'})",frozenset({'3DMAX LARGE 10.8X16-LEFT'}),0.10453333333333334,0.32266666666666666,0.07253333333333334,0.6938775510204082,2.150446955641761,1.0,0.03880391111111112,2.212622222222222,0.5974319447850612,0.20451127819548873,0.548047565482886,0.4593354697250801
"frozenset({'טרוקר אקסל OPTI-סכין-5X100', 'בלון דו צדדי PDBS2'})",frozenset({'בלון אמצעי T10SB'}),0.10133333333333333,0.4554666666666667,0.0992,0.9789473684210526,2.14932823862936,1.0,0.05304604444444444,25.86533333333325,0.5950352573306531,0.2167832167832168,0.9613382133099643,0.5983729816344139
"frozenset({'טרוקר אקסל OPTI-5X100', 'שרוול אקסל OPTI-5X100'})",frozenset({'טרוקר אקסל ללא סכין 11 B11LT'}),0.07253333333333334,0.32853333333333334,0.0512,0.7058823529411764,2.1485867074102365,1.0,0.027370382222222222,2.282986666666666,0.5763848955338318,0.14634146341463417,0.561977292902864,0.43086325439266615
"frozenset({'שרוול אקסל OPTI-5X100', 'טרוקר אקסל OPTI-סכין-5X100', 'בלון דו צדדי PDBS2'})",frozenset({'בלון אמצעי T10SB'}),0.07573333333333333,0.4554666666666667,0.0736,0.971830985915493,2.1337038625193787,1.0,0.039105991111111106,19.33093333333336,0.5748680766368113,0.16083916083916083,0.9482694403443187,0.566711745885147
"frozenset({'טרוקר ללא סכין 5 NB5STF', 'בלון דו צדדי PDBS2', 'LIQUIBAND FIX8 טאקר דבק'})",frozenset({'בלון אמצעי T10SB'}),0.0544,0.4554666666666667,0.0528,0.9705882352941176,2.1309753409560543,1.0,0.028022613333333335,18.51413333333333,0.5612640790305765,0.11551925320886815,0.9459872097712738,0.5432566469210635
"frozenset({'טרוקר ללא סכין 5 NB5STF', 'בלון דו צדדי PDBS2'})",frozenset({'בלון אמצעי T10SB'}),0.1568,0.4554666666666667,0.15146666666666667,0.9659863945578232,2.1208717679109115,1.0,0.08004949333333333,16.009280000000032,0.626773926290189,0.3287037037037036,0.9375362289871876,0.6492695438831271
"frozenset({'אנדו קליפ 5 176630', 'בלון דו צדדי PDBS2'})",frozenset({'בלון אמצעי T10SB'}),0.0576,0.4554666666666667,0.055466666666666664,0.9629629629629629,2.1142336716107204,1.0,0.029231786666666662,14.702399999999978,0.5592268512472247,0.1212121212121212,0.9319838937860484,0.5423714112238702
"frozenset({'בלון אמצעי T10SB', 'טאקר נספג-12 סיכות-ETHICON'})","frozenset({'3DMAX LARGE 10.8X16-LEFT', '3DMAX LARGE 10.8X16-RIGHT'})",0.1056,0.31626666666666664,0.0704,0.6666666666666667,2.1079258010118047,1.0,0.037002240000000006,2.0512000000000006,0.5876565295169948,0.20030349013657062,0.512480499219969,0.4446318156267567
"frozenset({'טאקר נספג-12 סיכות-ETHICON', 'בלון דו צדדי PDBS2'})",frozenset({'3DMAX LARGE 10.8X16-LEFT'}),0.10666666666666667,0.32266666666666666,0.07253333333333334,0.68,2.107438016528926,1.0,0.03811555555555556,2.116666666666667,0.5882352941176471,0.203288490284006,0.5275590551181103,0.45239669421487605
"frozenset({'שרוול אקסל OPTI-5X100', 'בלון דו צדדי PDBS2'})",frozenset({'בלון אמצעי T10SB'}),0.08746666666666666,0.4554666666666667,0.08373333333333334,0.9573170731707318,2.1018378362940537,1.0,0.04389518222222223,12.757638095238116,0.5744731542250034,0.18234610917537747,0.9216155849119707,0.5705789112926258
"frozenset({'בלון אמצעי T10SB', 'טאקר נספג-12 סיכות-ETHICON', 'בלון דו צדדי PDBS2'})","frozenset({'3DMAX LARGE 10.8X16-LEFT', '3DMAX LARGE 10.8X16-RIGHT'})",0.10453333333333334,0.31626666666666664,0.06933333333333333,0.6632653061224489,2.0971710775372543,1.0,0.036272924444444445,2.030480808080808,0.5842397031199891,0.19726858877086498,0.5075058104364991,0.4412447947138383
"frozenset({'בלון דו צדדי PDBS2', 'סקשן איריגיישיין 5'})",frozenset({'בלון אמצעי T10SB'}),0.12373333333333333,0.4554666666666667,0.11786666666666666,0.9525862068965517,2.091450981183881,1.0,0.06151025777777777,11.484703030303027,0.5955527770357171,0.25549132947976877,0.9129276571312777,0.6056842041508519
"frozenset({'בלון אמצעי T10SB', 'טאקר נספג-12 סיכות-ETHICON'})",frozenset({'3DMAX LARGE 10.8X16-RIGHT'}),0.1056,0.32426666666666665,0.07146666666666666,0.6767676767676768,2.0870713716108455,1.0,0.037224106666666666,2.09055,0.5823565535471125,0.19940476190476192,0.5216569802205162,0.44858120680489105
"frozenset({'בלון אמצעי T10SB', 'אנדו קליפ 5 176630'})",frozenset({'בלון דו צדדי PDBS2'}),0.055466666666666664,0.47946666666666665,0.055466666666666664,1.0,2.085650723025584,1.0,0.02887224888888889,inf,0.5511010728402033,0.1156840934371524,1.0,0.5578420467185762
"frozenset({'בלון אמצעי T10SB', 'טאקר נספג - 15 סיכות'})",frozenset({'בלון דו צדדי PDBS2'}),0.05333333333333334,0.47946666666666665,0.05333333333333334,1.0,2.085650723025584,1.0,0.02776177777777778,inf,0.5498591549295775,0.11123470522803117,1.0,0.5556173526140156
"frozenset({'טרוקר ללא סכין 5 NB5STF', 'DYNAMESH ENDOLAP 3D 10*15CM'})",frozenset({'בלון דו צדדי PDBS2'}),0.058666666666666666,0.47946666666666665,0.058666666666666666,1.0,2.085650723025584,1.0,0.030537955555555555,inf,0.5529745042492918,0.12235817575083424,1.0,0.5611790878754171
"frozenset({'טרוקר ללא סכין 5 NB5STF', 'בלון אמצעי T10SB', 'סקשן איריגיישיין 5'})",frozenset({'בלון דו צדדי PDBS2'}),0.07733333333333334,0.47946666666666665,0.07733333333333334,1.0,2.085650723025584,1.0,0.04025457777777778,inf,0.5641618497109826,0.16129032258064518,1.0,0.5806451612903226
"frozenset({'בלון אמצעי T10SB', 'מספריים לאפ'})",frozenset({'בלון דו צדדי PDBS2'}),0.07146666666666666,0.47946666666666665,0.07146666666666666,1.0,2.085650723025584,1.0,0.03720078222222222,inf,0.5605973578403217,0.14905450500556175,1.0,0.5745272525027809
"frozenset({'טרוקר ללא סכין 5 NB5STF', 'בלון אמצעי T10SB', 'LIQUIBAND FIX8 טאקר דבק'})",frozenset({'בלון דו צדדי PDBS2'}),0.0528,0.47946666666666665,0.0528,1.0,2.085650723025584,1.0,0.02748416,inf,0.5495495495495496,0.11012235817575083,1.0,0.5550611790878754
"frozenset({'בלון אמצעי T10SB', 'LIQUIBAND FIX8 טאקר דבק'})",frozenset({'בלון דו צדדי PDBS2'}),0.05973333333333333,0.47946666666666665,0.05973333333333333,1.0,2.085650723025584,1.0,0.031093191111111113,inf,0.5536018150879184,0.12458286985539486,1.0,0.5622914349276974
"frozenset({'טרוקר ללא סכין 5 NB5STF', 'בלון אמצעי T10SB', 'DYNAMESH ENDOLAP 3D 10*15CM'})",frozenset({'בלון דו צדדי PDBS2'}),0.058666666666666666,0.47946666666666665,0.058666666666666666,1.0,2.085650723025584,1.0,0.030537955555555555,inf,0.5529745042492918,0.12235817575083424,1.0,0.5611790878754171
"frozenset({'בלון אמצעי T10SB', 'PROGRIP ANTMCL 15X10CM-LEFT'})",frozenset({'בלון דו צדדי PDBS2'}),0.0592,0.47946666666666665,0.0592,1.0,2.085650723025584,1.0,0.030815573333333336,inf,0.5532879818594105,0.1234705228031146,1.0,0.5617352614015573
"frozenset({'בלון אמצעי T10SB', 'PROGRIP ANTMCL 15X10CM-RIGHT'})",frozenset({'בלון דו צדדי PDBS2'}),0.06026666666666667,0.47946666666666665,0.06026666666666667,1.0,2.085650723025584,1.0,0.03137080888888889,inf,0.5539160045402952,0.1256952169076752,1.0,0.5628476084538376
"frozenset({'בלון אמצעי T10SB', 'PROGRIP ANTMCL 15X10CM-LEFT', 'PROGRIP ANTMCL 15X10CM-RIGHT'})",frozenset({'בלון דו צדדי PDBS2'}),0.0592,0.47946666666666665,0.0592,1.0,2.085650723025584,1.0,0.030815573333333336,inf,0.5532879818594105,0.1234705228031146,1.0,0.5617352614015573
"frozenset({'בלון אמצעי T10SB', 'בלון דו צדדי PDBS2', 'סקשן איריגיישיין 5'})",frozenset({'טרוקר ללא סכין 5 NB5STF'}),0.11786666666666666,0.31466666666666665,0.07733333333333334,0.656108597285068,2.0850908812025466,1.0,0.04024462222222223,1.992877192982457,0.5899387065838303,0.21771771771771775,0.498212933781714,0.4509356545747374
"frozenset({'בלון אמצעי T10SB', 'טאקר נספג-12 סיכות-ETHICON', 'בלון דו צדדי PDBS2'})",frozenset({'3DMAX LARGE 10.8X16-RIGHT'}),0.10453333333333334,0.32426666666666665,0.0704,0.673469387755102,2.0768998388829214,1.0,0.03650332444444445,2.069433333333333,0.5790423592686845,0.19642857142857148,0.5167759289982765,0.4452873254564984
"frozenset({'בלון אמצעי T10SB', 'סקשן איריגיישיין 5'})",frozenset({'בלון דו צדדי PDBS2'}),0.1184,0.47946666666666665,0.11786666666666666,0.9954954954954954,2.076255899948892,1.0,0.06109781333333333,115.55839999999833,0.5879807179049199,0.24555555555555555,0.9913463668586621,0.6206620970247221
"frozenset({'בלון אמצעי T10SB', 'סקשן איריגיישיין 5'})",frozenset({'טרוקר ללא סכין 5 NB5STF'}),0.1184,0.31466666666666665,0.07733333333333334,0.6531531531531531,2.0756985799358683,1.0,0.0400768,1.9758961038961038,0.5878340321672195,0.21739130434782608,0.49390051530129353,0.44945793250877997
"frozenset({'טרוקר ללא סכין 5 NB5STF', 'בלון אמצעי T10SB'})",frozenset({'בלון דו צדדי PDBS2'}),0.15253333333333333,0.47946666666666665,0.15146666666666667,0.993006993006993,2.071065752934496,1.0,0.07833201777777778,74.43626666666682,0.6102385236529307,0.31520532741398444,0.986565688409951,0.6544567779273007
"frozenset({'בלון אמצעי T10SB', '3DMAX LARGE 10.8X16-LEFT'})",frozenset({'בלון דו צדדי PDBS2'}),0.12106666666666667,0.47946666666666665,0.12,0.9911894273127753,2.067274945730204,1.0,0.061952568888888886,59.080533333332866,0.5873840345199568,0.2497225305216426,0.9830739510363254,0.6207337570379227
"frozenset({'בלון אמצעי T10SB', '3DMAX LARGE 10.8X16-RIGHT'})",frozenset({'בלון דו צדדי PDBS2'}),0.12053333333333334,0.47946666666666665,0.11946666666666667,0.9911504424778761,2.0671936369811097,1.0,0.06167495111111111,58.82026666666657,0.5870061942302696,0.2486126526082131,0.9829990570143624,0.620158091094333
"frozenset({'בלון אמצעי T10SB', '3DMAX LARGE 10.8X16-LEFT', '3DMAX LARGE 10.8X16-RIGHT'})",frozenset({'בלון דו צדדי PDBS2'}),0.1168,0.47946666666666665,0.11573333333333333,0.9908675799086757,2.0666036844591402,1.0,0.05973162666666666,56.99839999999931,0.584368530020704,0.24084350721420647,0.9824556478778349,0.6161234451267517
"frozenset({'בלון אמצעי T10SB', 'טאקר נספג-12 סיכות-ETHICON'})",frozenset({'בלון דו צדדי PDBS2'}),0.1056,0.47946666666666665,0.10453333333333334,0.98989898989899,2.064583544005124,1.0,0.05390165333333334,51.53280000000023,0.576521485159359,0.2175360710321865,0.9805948832588179,0.6039595060729654
"frozenset({'טרוקר CFF03 - 5X100', 'בלון דו צדדי PDBS2'})",frozenset({'בלון אמצעי T10SB'}),0.06826666666666667,0.4554666666666667,0.064,0.9375,2.0583284543325524,1.0,0.03290680888888889,8.712533333333333,0.5518412516695287,0.13921113689095127,0.8852228207639569,0.5390076112412178
"frozenset({'בלון אמצעי T10SB', '3DMAX LARGE 10.8X16-LEFT', 'טאקר נספג-12 סיכות-ETHICON'})",frozenset({'בלון דו צדדי PDBS2'}),0.0736,0.47946666666666665,0.07253333333333334,0.9855072463768116,2.0554239009527495,1.0,0.037244586666666676,35.916800000000116,0.554277151275018,0.15094339622641512,0.9721578759800431,0.568393222743467
"frozenset({'טאקר נספג-12 סיכות-ETHICON', 'בלון דו צדדי PDBS2'})","frozenset({'3DMAX LARGE 10.8X16-LEFT', '3DMAX LARGE 10.8X16-RIGHT'})",0.10666666666666667,0.31626666666666664,0.06933333333333333,0.6499999999999999,2.055227655986509,1.0,0.03559822222222222,1.953523809523809,0.5747416762342136,0.196078431372549,0.48810452418096717,0.4346121416526138
"frozenset({'בלון אמצעי T10SB', 'טאקר נספג-12 סיכות-ETHICON', '3DMAX LARGE 10.8X16-RIGHT'})",frozenset({'בלון דו צדדי PDBS2'}),0.07146666666666666,0.47946666666666665,0.0704,0.9850746268656717,2.054521607756546,1.0,0.03613411555555556,34.87573333333349,0.552773571441004,0.14650388457269703,0.9713267678003429,0.5659522188833364
"frozenset({'בלון אמצעי T10SB', '3DMAX LARGE 10.8X16-LEFT', 'טאקר נספג-12 סיכות-ETHICON', '3DMAX LARGE 10.8X16-RIGHT'})",frozenset({'בלון דו צדדי PDBS2'}),0.0704,0.47946666666666665,0.06933333333333333,0.9848484848484848,2.0540499544948934,1.0,0.03557887999999999,34.355199999999776,0.5520190652720772,0.144284128745838,0.9708923248882265,0.5647268008224626
frozenset({'בלון דו צדדי PDBS2'}),frozenset({'בלון אמצעי T10SB'}),0.47946666666666665,0.4554666666666667,0.44853333333333334,0.935483870967742,2.0539019415275366,1.0,0.23015224888888888,8.440266666666673,0.9857617297908423,0.9221491228070174,0.8815203311111814,0.9601306942660723
frozenset({'בלון אמצעי T10SB'}),frozenset({'בלון דו צדדי PDBS2'}),0.4554666666666667,0.47946666666666665,0.44853333333333334,0.9847775175644028,2.0539019415275366,1.0,0.23015224888888888,34.19503589743586,0.9423148367050559,0.9221491228070174,0.9707559891734174,0.9601306942660723
"frozenset({'בלון אמצעי T10SB', 'DYNAMESH ENDOLAP 3D 10*15CM'})",frozenset({'בלון דו צדדי PDBS2'}),0.104,0.47946666666666665,0.1024,0.9846153846153847,2.0535637888251905,1.0,0.052535466666666676,33.834666666666784,0.5725911458333334,0.21286031042128603,0.9704445145018916,0.5990930093266023
"frozenset({'בלון דו צדדי PDBS2', 'שרוול לטרוקר 5 - CFS02'})",frozenset({'בלון אמצעי T10SB'}),0.0656,0.4554666666666667,0.06133333333333333,0.9349593495934958,2.052750328440052,1.0,0.03145471999999999,8.372199999999983,0.5488534842167956,0.1334106728538283,0.8805570817706215,0.5348098855695816
"frozenset({'טרוקר CFF03 - 5X100', 'בלון דו צדדי PDBS2', 'שרוול לטרוקר 5 - CFS02'})",frozenset({'בלון אמצעי T10SB'}),0.06453333333333333,0.4554666666666667,0.06026666666666667,0.9338842975206613,2.0503899974838875,1.0,0.030873884444444447,8.23606666666668,0.5476281773140533,0.13109048723897912,0.8785828186593926,0.5331013993458107
"frozenset({'בלון אמצעי T10SB', 'אנדו קליפ 5 EL5ML'})",frozenset({'בלון דו צדדי PDBS2'}),0.07893333333333333,0.47946666666666665,0.07733333333333334,0.9797297297297298,2.043374019180471,1.0,0.03948743111111112,25.679644444444563,0.5543717429067748,0.1607538802660754,0.9610586508639789,0.5705100261551875
"frozenset({'טאקר נספג-12 סיכות-ETHICON', 'בלון דו צדדי PDBS2'})",frozenset({'3DMAX LARGE 10.8X16-RIGHT'}),0.10666666666666667,0.32426666666666665,0.0704,0.66,2.0353618421052633,1.0,0.03581155555555556,1.987450980392157,0.5694255992763456,0.19526627218934914,0.4968429360694555,0.4385526315789474
"frozenset({'בלון אמצעי T10SB', 'שרוול אקסל OPTI-5X100'})",frozenset({'בלון דו צדדי PDBS2'}),0.08586666666666666,0.47946666666666665,0.08373333333333334,0.9751552795031058,2.033833313757868,1.0,0.0425631288888889,20.951466666666814,0.5560650766635205,0.17386489479512734,0.9522706445372167,0.5748968833555573
"frozenset({'3DMAX LARGE 10.8X16-LEFT', 'בלון דו צדדי PDBS2'})",frozenset({'בלון אמצעי T10SB'}),0.1296,0.4554666666666667,0.12,0.9259259259259259,2.0329169919333854,1.0,0.060971519999999994,7.3512,0.58375,0.25802752293577985,0.863967787572097,0.5946959840402464
"frozenset({'בלון דו צדדי PDBS2', 'LIQUIBAND FIX8 טאקר דבק'})",frozenset({'בלון אמצעי T10SB'}),0.06453333333333333,0.4554666666666667,0.05973333333333333,0.9256198347107438,2.032244953258366,1.0,0.03034055111111111,7.32094814814815,0.542973204104903,0.12977983777520277,0.8634056709918165,0.5283836878471752
"frozenset({'3DMAX LARGE 10.8X16-RIGHT', 'בלון דו צדדי PDBS2'})",frozenset({'בלון אמצעי T10SB'}),0.12906666666666666,0.4554666666666667,0.11946666666666667,0.9256198347107438,2.032244953258366,1.0,0.06068110222222222,7.32094814814815,0.5832057562767912,0.25688073394495414,0.8634056709918165,0.5939574583389785
"frozenset({'בלון אמצעי T10SB', 'טרוקר אקסל OPTI-סכין-5X100'})",frozenset({'בלון דו צדדי PDBS2'}),0.10186666666666666,0.47946666666666665,0.0992,0.9738219895287958,2.0310525365589456,1.0,0.05035832888888889,19.884373333333354,0.5652216943784639,0.20575221238938057,0.9497092524246847,0.5903592706264669
"frozenset({'3DMAX LARGE 10.8X16-LEFT', 'בלון דו צדדי PDBS2', '3DMAX LARGE 10.8X16-RIGHT'})",frozenset({'בלון אמצעי T10SB'}),0.12533333333333332,0.4554666666666667,0.11573333333333333,0.9234042553191489,2.0273805371468434,1.0,0.058648177777777775,7.109185185185185,0.5793666404405979,0.24885321100917432,0.8593369037447642,0.5887513079874434
"frozenset({'בלון דו צדדי PDBS2', 'סקשן איריגיישיין 5'})",frozenset({'טרוקר ללא סכין 5 NB5STF'}),0.12373333333333333,0.31466666666666665,0.07893333333333333,0.6379310344827586,2.027323202805377,1.0,0.03999857777777777,1.8928253968253965,0.5782928394005692,0.21958456973293763,0.47168925264993955,0.44438924605493857
"frozenset({'בלון אמצעי T10SB', 'שרוול אקסל OPTI-5X100', 'טרוקר אקסל OPTI-סכין-5X100'})",frozenset({'בלון דו צדדי PDBS2'}),0.07573333333333333,0.47946666666666665,0.0736,0.971830985915493,2.026899998433314,1.0,0.03728839111111111,18.478933333333355,0.5481488915092367,0.15282392026578073,0.9458843223274073,0.562667439565088
"frozenset({'בלון אמצעי T10SB', 'MICROVAL 14X10-RIGHT'})",frozenset({'בלון דו צדדי PDBS2'}),0.07093333333333333,0.47946666666666665,0.0688,0.9699248120300752,2.02292438549098,1.0,0.034789831111111114,17.30773333333333,0.544273266939008,0.14285714285714285,0.9422223591766302,0.5567087908871177
"frozenset({'בלון אמצעי T10SB', 'MICROVAL 14X10-LEFT'})",frozenset({'בלון דו צדדי PDBS2'}),0.0704,0.47946666666666665,0.06826666666666667,0.9696969696969697,2.0224491859642026,1.0,0.03451221333333333,17.177600000000012,0.5438360585197934,0.141749723145072,0.9417846497764533,0.5560386961944248
"frozenset({'בלון אמצעי T10SB', 'MICROVAL 14X10-RIGHT', 'MICROVAL 14X10-LEFT'})",frozenset({'בלון דו צדדי PDBS2'}),0.06986666666666666,0.47946666666666665,0.06773333333333334,0.969465648854962,2.0219667314828187,1.0,0.034234595555555566,17.04746666666676,0.5433973849599076,0.1406423034330011,0.9413402577900142,0.5553668622472808
"frozenset({'בלון אמצעי T10SB', 'MICROVAL 14X10-RIGHT', 'טאקר-10 סיכות MICROVAL'})",frozenset({'בלון דו צדדי PDBS2'}),0.0656,0.47946666666666665,0.06346666666666667,0.9674796747967479,2.0178246832523943,1.0,0.032013653333333336,16.006399999999967,0.5398296304823299,0.13178294573643412,0.9375249900039984,0.5499244870090525
"frozenset({'בלון אמצעי T10SB', 'MICROVAL 14X10-LEFT', 'טאקר-10 סיכות MICROVAL'})",frozenset({'בלון דו צדדי PDBS2'}),0.06506666666666666,0.47946666666666665,0.06293333333333333,0.9672131147540983,2.017268732106712,1.0,0.031736035555555556,15.876266666666648,0.5393755982480397,0.13067552602436322,0.9370128997581295,0.5492350334615875
"frozenset({'בלון אמצעי T10SB', 'MICROVAL 14X10-RIGHT', 'טאקר-10 סיכות MICROVAL', 'MICROVAL 14X10-LEFT'})",frozenset({'בלון דו צדדי PDBS2'}),0.06453333333333333,0.47946666666666665,0.0624,0.9669421487603306,2.0167035916858955,1.0,0.031458417777777775,15.746133333333331,0.5389195879503746,0.12956810631229235,0.9364923452106761,0.5485433769385635
"frozenset({'בלון אמצעי T10SB', 'שרוול לטרוקר 5 - CFS02'})",frozenset({'בלון דו צדדי PDBS2'}),0.06346666666666667,0.47946666666666665,0.06133333333333333,0.9663865546218486,2.0155448163692617,1.0,0.030903182222222218,15.485866666666618,0.5380013865504605,0.12735326688815063,0.9354249896679983,0.5471532328170422
"frozenset({'בלון אמצעי T10SB', 'טרוקר CFF03 - 5X100', 'שרוול לטרוקר 5 - CFS02'})",frozenset({'בלון דו צדדי PDBS2'}),0.0624,0.47946666666666665,0.06026666666666667,0.9658119658119659,2.0143464248024876,1.0,0.03034794666666667,15.225600000000053,0.5370745114621402,0.12513842746400888,0.9343211433375371,0.5457535913598206
"frozenset({'בלון אמצעי T10SB', 'טרוקר CFF03 - 5X100'})",frozenset({'בלון דו צדדי PDBS2'}),0.06666666666666667,0.47946666666666665,0.064,0.9600000000000001,2.002224694104561,1.0,0.03203555555555556,13.013333333333357,0.5363095238095239,0.1327433628318584,0.9231557377049183,0.5467408231368187
"frozenset({'מספריים לאפ', 'בלון דו צדדי PDBS2'})",frozenset({'בלון אמצעי T10SB'}),0.0784,0.4554666666666667,0.07146666666666666,0.9115646258503401,2.0013860345074796,1.0,0.03575808,6.157415384615385,0.542910447761194,0.15455594002306802,0.8375941953666873,0.5342366454778633
"frozenset({'בלון אמצעי T10SB', 'טאקר-10 סיכות MICROVAL'})",frozenset({'בלון דו צדדי PDBS2'}),0.07893333333333333,0.47946666666666665,0.07573333333333333,0.9594594594594595,2.001097315335358,1.0,0.03788743111111111,12.839822222222248,0.5431465457481426,0.1569060773480663,0.9221173017279577,0.5587063704416318
"frozenset({'MICROVAL 14X10-LEFT', 'MICROVAL 14X10-RIGHT', 'טאקר-10 סיכות MICROVAL'})",frozenset({'בלון אמצעי T10SB'}),0.07093333333333333,0.4554666666666667,0.06453333333333333,0.9097744360902256,1.9974555827507878,1.0,0.03222556444444444,6.035244444444444,0.5374889696463644,0.1397228637413395,0.8343066284712761,0.5257303093800074
"frozenset({'MICROVAL 14X10-RIGHT', 'טאקר-10 סיכות MICROVAL', 'MICROVAL 14X10-LEFT'})","frozenset({'בלון אמצעי T10SB', 'בלון דו צדדי PDBS2'})",0.07093333333333333,0.44853333333333334,0.0624,0.8796992481203006,1.9612795365345586,1.0,0.03058403555555555,4.584066666666662,0.5275496285829235,0.13652275379229872,0.7818530853245297,0.509409671622576
"frozenset({'MICROVAL 14X10-RIGHT', 'טאקר-10 סיכות MICROVAL'})",frozenset({'בלון אמצעי T10SB'}),0.0736,0.4554666666666667,0.0656,0.891304347826087,1.9569035739741372,1.0,0.03207765333333334,5.00970666666667,0.5278374545403485,0.14154200230149597,0.8003875143720991,0.5176662254352917
"frozenset({'MICROVAL 14X10-LEFT', 'טאקר-10 סיכות MICROVAL'})",frozenset({'בלון אמצעי T10SB'}),0.07413333333333333,0.4554666666666667,0.06506666666666666,0.8776978417266187,1.9270298047276464,1.0,0.03130140444444444,4.452360784313725,0.5195852534562212,0.14006888633754302,0.7754000521424192,0.5102774922918808
"frozenset({'MICROVAL 14X10-RIGHT', 'טאקר-10 סיכות MICROVAL'})","frozenset({'בלון אמצעי T10SB', 'בלון דו צדדי PDBS2'})",0.0736,0.44853333333333334,0.06346666666666667,0.8623188405797102,1.9225301142532183,1.0,0.03045461333333334,4.005389473684212,0.517975065673938,0.13837209302325582,0.7503363888655287,0.5019085284943735
"frozenset({'אנדו קליפ 5 EL5ML', 'בלון דו צדדי PDBS2'})",frozenset({'בלון אמצעי T10SB'}),0.08853333333333334,0.4554666666666667,0.07733333333333334,0.8734939759036144,1.9178000056431814,1.0,0.03700935111111111,4.3044063492063485,0.5250539738907608,0.16571428571428573,0.7676799263655995,0.5216416015349454
"frozenset({'MICROVAL 14X10-RIGHT', 'MICROVAL 14X10-LEFT'})",frozenset({'בלון אמצעי T10SB'}),0.08,0.4554666666666667,0.06986666666666666,0.8733333333333332,1.9174473067915687,1.0,0.033429333333333325,4.2989473684210475,0.5200796548290739,0.15005727376861397,0.7673849167482857,0.5133645589383293
"frozenset({'MICROVAL 14X10-LEFT', 'טאקר-10 סיכות MICROVAL'})","frozenset({'בלון אמצעי T10SB', 'בלון דו צדדי PDBS2'})",0.07413333333333333,0.44853333333333334,0.06293333333333333,0.8489208633093525,1.8926594752735266,1.0,0.029682062222222215,3.6501841269841253,0.5094069749277512,0.1368909512761021,0.7260412173162822,0.4946150095381483
"frozenset({'MICROVAL 14X10-RIGHT', 'MICROVAL 14X10-LEFT'})","frozenset({'בלון אמצעי T10SB', 'בלון דו צדדי PDBS2'})",0.08,0.44853333333333334,0.06773333333333334,0.8466666666666667,1.8876337693222354,1.0,0.03185066666666667,3.596521739130435,0.5111263266004793,0.14699074074074076,0.721953578336557,0.4988386841062228
frozenset({'סקשן איריגיישיין 5'}),frozenset({'טרוקר ללא סכין 5 NB5STF'}),0.16906666666666667,0.31466666666666665,0.10026666666666667,0.5930599369085173,1.8847243757685932,1.0,0.04706702222222223,1.6841136950904392,0.5649291235353564,0.2614742698191933,0.4062158612478366,0.45585200235256373
frozenset({'MICROVAL 14X10-RIGHT'}),frozenset({'בלון אמצעי T10SB'}),0.0832,0.4554666666666667,0.07093333333333333,0.8525641025641026,1.8718474148802018,1.0,0.03303850666666667,3.6933565217391324,0.5080371084780012,0.15165336374002283,0.7292435771867702,0.5041509037410677
frozenset({'MICROVAL 14X10-LEFT'}),frozenset({'בלון אמצעי T10SB'}),0.0832,0.4554666666666667,0.0704,0.8461538461538463,1.857773374166817,1.0,0.03250517333333334,3.539466666666669,0.5036226135702575,0.15034168564920275,0.7174715588035864,0.5003602954422627
frozenset({'MICROVAL 14X10-RIGHT'}),"frozenset({'בלון אמצעי T10SB', 'בלון דו צדדי PDBS2'})",0.0832,0.44853333333333334,0.0688,0.826923076923077,1.8436156590139945,1.0,0.03148202666666667,3.186251851851853,0.49911387096337784,0.1486175115207373,0.6861516143431038,0.49015594987652067
"frozenset({'MICROVAL 14X10-LEFT', 'MICROVAL 14X10-RIGHT', 'טאקר-10 סיכות MICROVAL'})",frozenset({'בלון דו צדדי PDBS2'}),0.07093333333333333,0.47946666666666665,0.0624,0.8796992481203006,1.8347453728871677,1.0,0.02838983111111111,4.326933333333329,0.4897013944086275,0.12786885245901639,0.7688894367065203,0.5049219266185485
frozenset({'MICROVAL 14X10-LEFT'}),"frozenset({'בלון אמצעי T10SB', 'בלון דו צדדי PDBS2'})",0.0832,0.44853333333333334,0.06826666666666667,0.8205128205128206,1.829324064758072,1.0,0.03094869333333334,3.0724571428571443,0.49449171029668415,0.1472957422324511,0.6745276000595151,0.4863562913503461
"frozenset({'בלון אמצעי T10SB', 'DYNAMESH ENDOLAP 3D 10*15CM', 'בלון דו צדדי PDBS2'})",frozenset({'טרוקר ללא סכין 5 NB5STF'}),0.1024,0.31466666666666665,0.058666666666666666,0.5729166666666666,1.820709745762712,1.0,0.026444799999999997,1.6046829268292682,0.5021876519202723,0.1636904761904762,0.37682392996108943,0.3796786723163842
"frozenset({'DYNAMESH ENDOLAP 3D 10*15CM', 'בלון דו צדדי PDBS2'})",frozenset({'טרוקר ללא סכין 5 NB5STF'}),0.10293333333333334,0.31466666666666665,0.058666666666666666,0.5699481865284974,1.8112760165100554,1.0,0.02627697777777778,1.5936064257028113,0.49929737325694523,0.16344725111441308,0.37249249007076474,0.37819443224729954
"frozenset({'MICROVAL 14X10-RIGHT', 'טאקר-10 סיכות MICROVAL'})",frozenset({'בלון דו צדדי PDBS2'}),0.0736,0.47946666666666665,0.06346666666666667,0.8623188405797102,1.798495913333656,1.0,0.02817792000000001,3.7807157894736854,0.4792528410327863,0.12962962962962965,0.7354998218104065,0.49734406990053365
frozenset({'LIQUIBAND FIX8 טאקר דבק'}),frozenset({'3DMAX LARGE 10.8X16-RIGHT'}),0.1328,0.32426666666666665,0.07733333333333334,0.5823293172690763,1.7958346544071022,1.0,0.034270720000000005,1.6178615384615385,0.5110192136404124,0.20365168539325848,0.38190013408012485,0.41040807968716975
"frozenset({'בלון אמצעי T10SB', 'DYNAMESH ENDOLAP 3D 10*15CM'})",frozenset({'טרוקר ללא סכין 5 NB5STF'}),0.104,0.31466666666666665,0.058666666666666666,0.5641025641025641,1.7926988265971318,1.0,0.025941333333333337,1.5722352941176472,0.4935064935064936,0.16296296296296298,0.36396288536366356,0.37527162103433287
frozenset({'טאקר-10 סיכות MICROVAL'}),frozenset({'טרוקר ללא סכין 5 NB5STF'}),0.20906666666666668,0.31466666666666665,0.11733333333333333,0.5612244897959183,1.7835524040124524,1.0,0.051547022222222225,1.5619224806201548,0.5554465763501503,0.2887139107611548,0.3597633605971571,0.46705292286406086
frozenset({'CAPSURE טאקר 30'}),frozenset({'טרוקר אקסל ללא סכין 11 B11LT'}),0.12106666666666667,0.32853333333333334,0.07093333333333333,0.5859030837004405,1.783390068081698,1.0,0.031158897777777778,1.6215205673758866,0.4997764435360245,0.18732394366197183,0.3832949022544289,0.40090608730476573
"frozenset({'MICROVAL 14X10-LEFT', 'טאקר-10 סיכות MICROVAL'})",frozenset({'בלון דו צדדי PDBS2'}),0.07413333333333333,0.47946666666666665,0.06293333333333333,0.8489208633093525,1.770552412352654,1.0,0.02738887111111111,3.445434920634919,0.4700509646176677,0.12826086956521737,0.7097608798207335,0.4900889077392146
"frozenset({'MICROVAL 14X10-RIGHT', 'MICROVAL 14X10-LEFT'})",frozenset({'בלון דו צדדי PDBS2'}),0.08,0.47946666666666665,0.06773333333333334,0.8466666666666667,1.7658509454949944,1.0,0.029376000000000006,3.3947826086956523,0.47141389934953787,0.13774403470715835,0.7054303278688525,0.4939673711531331
"frozenset({'טרוקר ללא סכין 5 NB5STF', 'LIQUIBAND FIX8 טאקר דבק'})","frozenset({'בלון אמצעי T10SB', 'בלון דו צדדי PDBS2'})",0.06666666666666667,0.44853333333333334,0.0528,0.792,1.7657550535077289,1.0,0.022897777777777777,2.6512820512820516,0.46464646464646464,0.11418685121107267,0.6228239845261122,0.454858501783591
frozenset({'LIQUIBAND FIX8 טאקר דבק'}),"frozenset({'3DMAX LARGE 10.8X16-LEFT', '3DMAX LARGE 10.8X16-RIGHT'})",0.1328,0.31626666666666664,0.07413333333333333,0.5582329317269076,1.7650703996424144,1.0,0.03213312,1.5477236363636362,0.49982744431760867,0.197724039829303,0.3538898182433321,0.3963171403997101
frozenset({'CAPSURE טאקר 30'}),frozenset({'טרוקר ללא סכין 5 NB5STF'}),0.12106666666666667,0.31466666666666665,0.0672,0.5550660792951542,1.7639811842007018,1.0,0.02910435555555555,1.5403036303630362,0.4927569733394976,0.18234442836468884,0.3507773530571316,0.3843127006645262
frozenset({'LIQUIBAND FIX8 טאקר דבק'}),frozenset({'3DMAX LARGE 10.8X16-LEFT'}),0.1328,0.32266666666666666,0.07466666666666667,0.5622489959839357,1.7425072189584785,1.0,0.03181653333333334,1.547302752293578,0.4913679493937798,0.19607843137254902,0.3537140688739209,0.39682697733081085
"frozenset({'טרוקר ללא סכין 5 NB5STF', 'LIQUIBAND FIX8 טאקר דבק'})",frozenset({'בלון אמצעי T10SB'}),0.06666666666666667,0.4554666666666667,0.0528,0.792,1.7388758782201406,1.0,0.022435555555555556,2.6179487179487184,0.4552669552669553,0.1125,0.6180215475024486,0.4539625292740047
frozenset({'PROGRIP ANTMCL 15X10CM-RIGHT'}),"frozenset({'בלון אמצעי T10SB', 'בלון דו צדדי PDBS2'})",0.07786666666666667,0.44853333333333334,0.06026666666666667,0.773972602739726,1.7255631749547993,1.0,0.025340871111111114,2.439822222222222,0.455985095482068,0.12929061784897028,0.5901340716992131,0.4541682276481032
frozenset({'MICROVAL 14X10-RIGHT'}),frozenset({'בלון דו צדדי PDBS2'}),0.0832,0.47946666666666665,0.0688,0.826923076923077,1.7246727132711561,1.0,0.028908373333333334,3.007525925925927,0.4583113492160125,0.13930885529157666,0.6675007881462801,0.48520792333361856
"frozenset({'שרוול אקסל OPTI-5X100', 'טרוקר אקסל OPTI-סכין-5X100'})",frozenset({'בלון אמצעי T10SB'}),0.09653333333333333,0.4554666666666667,0.07573333333333333,0.7845303867403315,1.7224759662038893,1.0,0.031765617777777776,2.527193162393162,0.4642566140645526,0.15901455767077266,0.6043040892635863,0.47540336667227345
"frozenset({'טרוקר ללא סכין 5 NB5STF', 'סקשן איריגיישיין 5'})","frozenset({'בלון אמצעי T10SB', 'בלון דו צדדי PDBS2'})",0.10026666666666667,0.44853333333333334,0.07733333333333334,0.7712765957446809,1.7195524578136465,1.0,0.032360391111111116,2.411063565891473,0.46508595139300546,0.164027149321267,0.5852452775834397,0.4718451944240646
"frozenset({'PROGRIP ANTMCL 15X10CM-LEFT', 'PROGRIP ANTMCL 15X10CM-RIGHT'})","frozenset({'בלון אמצעי T10SB', 'בלון דו צדדי PDBS2'})",0.0768,0.44853333333333334,0.0592,0.7708333333333335,1.7185642092746733,1.0,0.024752640000000006,2.4064000000000014,0.4529017752587944,0.12700228832951946,0.5844414893617024,0.4514095323028142
frozenset({'MICROVAL 14X10-LEFT'}),frozenset({'בלון דו צדדי PDBS2'}),0.0832,0.47946666666666665,0.06826666666666667,0.8205128205128206,1.7113031573543256,1.0,0.028375040000000004,2.9001142857142868,0.45337041884816753,0.13807982740021577,0.6551860025220684,0.48144662160235024
frozenset({'PROGRIP ANTMCL 15X10CM-LEFT'}),"frozenset({'בלון אמצעי T10SB', 'בלון דו צדדי PDBS2'})",0.07733333333333334,0.44853333333333334,0.0592,0.7655172413793103,1.706712042314158,1.0,0.02451342222222222,2.351843137254902,0.4487840441597667,0.12685714285714286,0.5748015740678983,0.44875148632580264
"frozenset({'טרוקר ללא סכין 5 NB5STF', 'LIQUIBAND FIX8 טאקר דבק'})",frozenset({'בלון דו צדדי PDBS2'}),0.06666666666666667,0.47946666666666665,0.0544,0.816,1.7018909899888766,1.0,0.022435555555555556,2.828985507246376,0.44187675070028015,0.1106290672451193,0.6465163934426229,0.46472969966629585
"frozenset({'שרוול אקסל OPTI-5X100', 'טרוקר אקסל OPTI-סכין-5X100'})","frozenset({'בלון אמצעי T10SB', 'בלון דו צדדי PDBS2'})",0.09653333333333333,0.44853333333333334,0.0736,0.7624309392265194,1.6998311665276145,1.0,0.03030158222222222,2.3212899224806205,0.45569614838389544,0.15610859728506785,0.5692050396999263,0.46326065391765925
frozenset({'PROGRIP ANTMCL 15X10CM-RIGHT'}),frozenset({'בלון אמצעי T10SB'}),0.07786666666666667,0.4554666666666667,0.06026666666666667,0.773972602739726,1.6992958198325365,1.0,0.02480099555555556,2.4091474747474746,0.44627054361567636,0.1273957158962796,0.5849154065984195,0.4531455519553431
frozenset({'טרוקר אקסל OPTI-סכין-5X100'}),frozenset({'בלון אמצעי T10SB'}),0.13173333333333334,0.4554666666666667,0.10186666666666666,0.7732793522267205,1.6977737534251767,1.0,0.041866524444444435,2.401780952380951,0.47334924167384895,0.20989010989010984,0.5836422971842321,0.4984663740056319
"frozenset({'טרוקר ללא סכין 5 NB5STF', 'סקשן איריגיישיין 5'})",frozenset({'בלון אמצעי T10SB'}),0.10026666666666667,0.4554666666666667,0.07733333333333334,0.7712765957446809,1.6933766007274902,1.0,0.031665208888888886,2.3807503875968994,0.4550947407150011,0.1616499442586399,0.5799643653489487,0.4705329114554786
"frozenset({'PROGRIP ANTMCL 15X10CM-LEFT', 'PROGRIP ANTMCL 15X10CM-RIGHT'})",frozenset({'בלון אמצעי T10SB'}),0.0768,0.4554666666666667,0.0592,0.7708333333333335,1.6924033957845437,1.0,0.024220160000000004,2.376145454545456,0.4431589301606633,0.12514092446448705,0.5791503428011756,0.4504049570647932
frozenset({'PROGRIP ANTMCL 15X10CM-LEFT'}),frozenset({'בלון אמצעי T10SB'}),0.07733333333333334,0.4554666666666667,0.0592,0.7655172413793103,1.6807316482274084,1.0,0.02397724444444444,2.322274509803921,0.4389678696037077,0.125,0.5693876861765004,0.44774691108778164
frozenset({'טרוקר אקסל OPTI-סכין-5X100'}),"frozenset({'בלון אמצעי T10SB', 'בלון דו צדדי PDBS2'})",0.13173333333333334,0.44853333333333334,0.0992,0.7530364372469635,1.678886230485204,1.0,0.040113208888888884,2.2329879781420754,0.4657175503949697,0.2062084257206208,0.5521695549691068,0.4871008583381072
frozenset({'אנדו קליפ 5 176630'}),"frozenset({'בלון אמצעי T10SB', 'בלון דו צדדי PDBS2'})",0.07413333333333333,0.44853333333333334,0.055466666666666664,0.7482014388489209,1.6681066561732778,1.0,0.022215395555555552,2.190110476190476,0.4325870701878766,0.11872146118721462,0.5434020288604706,0.43593187281328327
frozenset({'PROGRIP ANTMCL 15X10CM-RIGHT'}),frozenset({'בלון דו צדדי PDBS2'}),0.07786666666666667,0.47946666666666665,0.06133333333333333,0.7876712328767123,1.642807076355768,1.0,0.023998862222222223,2.4515440860215043,0.4243267030452385,0.12365591397849461,0.5920938131596676,0.45779557194447407
frozenset({'אנדו קליפ 5 176630'}),frozenset({'בלון אמצעי T10SB'}),0.07413333333333333,0.4554666666666667,0.055466666666666664,0.7482014388489209,1.6427139318989772,1.0,0.02170140444444444,2.162575238095238,0.42257842963488124,0.11698537682789649,0.5375883426461573,0.4349906491668492
"frozenset({'טרוקר ללא סכין 5 NB5STF', 'סקשן איריגיישיין 5'})",frozenset({'בלון דו צדדי PDBS2'}),0.10026666666666667,0.47946666666666665,0.07893333333333333,0.7872340425531914,1.641895250041417,1.0,0.03085880888888888,2.4465066666666653,0.4345151316105672,0.15761448349307772,0.5912539239623299,0.47593070314533875
frozenset({'DYNAMESH ENDOLAP 3D 10*15CM'}),frozenset({'בלון אמצעי T10SB'}),0.1392,0.4554666666666667,0.104,0.7471264367816092,1.6403537107324557,1.0,0.04059904,2.153381818181818,0.4535030025736346,0.2119565217391304,0.5356141713668141,0.4877318366577835
frozenset({'DYNAMESH ENDOLAP 3D 10*15CM'}),"frozenset({'בלון אמצעי T10SB', 'בלון דו צדדי PDBS2'})",0.1392,0.44853333333333334,0.1024,0.7356321839080461,1.6400836442658577,1.0,0.039964160000000006,2.085982608695653,0.45338638475836435,0.210989010989011,0.5206096178216503,0.48196591359492674
"frozenset({'PROGRIP ANTMCL 15X10CM-LEFT', 'PROGRIP ANTMCL 15X10CM-RIGHT'})",frozenset({'בלון דו צדדי PDBS2'}),0.0768,0.47946666666666665,0.06026666666666667,0.7847222222222223,1.636656470152021,1.0,0.023443626666666675,2.4179612903225816,0.42135856812012096,0.12150537634408602,0.5864284494535522,0.4552087195649488
"frozenset({'שרוול אקסל OPTI-5X100', 'טרוקר אקסל OPTI-סכין-5X100'})",frozenset({'בלון דו צדדי PDBS2'}),0.09653333333333333,0.47946666666666665,0.07573333333333333,0.7845303867403315,1.6362563683405134,1.0,0.029448817777777782,2.4158085470085466,0.4303964281557112,0.1513859275053305,0.5860599130513541,0.4712418340820679
frozenset({'PROGRIP ANTMCL 15X10CM-LEFT'}),frozenset({'בלון דו צדדי PDBS2'}),0.07733333333333334,0.47946666666666665,0.06026666666666667,0.7793103448275862,1.6253691841509723,1.0,0.023187911111111112,2.3586666666666667,0.4170034272852831,0.12137486573576801,0.5760316563029961,0.45250278086763074
frozenset({'אנדו קליפ 5 176630'}),frozenset({'בלון דו צדדי PDBS2'}),0.07413333333333333,0.47946666666666665,0.0576,0.7769784172661871,1.620505597746497,1.0,0.02205553777777778,2.3340043010752693,0.41356780167264046,0.11612903225806451,0.571551774973464,0.44855594945623034
frozenset({'טרוקר אקסל OPTI-סכין-5X100'}),frozenset({'בלון דו צדדי PDBS2'}),0.13173333333333334,0.47946666666666665,0.10133333333333333,0.7692307692307692,1.60434671001968,1.0,0.03817159111111111,2.2556444444444437,0.4338452088452089,0.19874476987447698,0.5566677175283732,0.49028835458201414
frozenset({'LIQUIBAND FIX8 טאקר דבק'}),frozenset({'טרוקר ללא סכין 5 NB5STF'}),0.1328,0.31466666666666665,0.06666666666666667,0.5020080321285141,1.5953645088829898,1.0,0.024878933333333332,1.3761935483870968,0.4303321033210332,0.17507002801120447,0.27335802353382405,0.35693621945408754
frozenset({'טרוקר ללא סכין 5 NB5STF'}),frozenset({'טרוקר אקסל ללא סכין 11 B11LT'}),0.31466666666666665,0.32853333333333334,0.1616,0.5135593220338983,1.5631878714505834,1.0,0.05822151111111111,1.3803670150987224,0.525702764829012,0.33554817275747506,0.27555498714341486,0.5027212194585076
frozenset({'סקשן איריגיישיין 5'}),"frozenset({'בלון אמצעי T10SB', 'בלון דו צדדי PDBS2'})",0.16906666666666667,0.44853333333333334,0.11786666666666666,0.6971608832807571,1.5543123140920565,1.0,0.04203463111111111,1.8209888888888888,0.42919045765832753,0.2358591248665955,0.4508478299336746,0.47997164259162706
frozenset({'DYNAMESH ENDOLAP 3D 10*15CM'}),frozenset({'בלון דו צדדי PDBS2'}),0.1392,0.47946666666666665,0.10293333333333334,0.7394636015325671,1.542262795187501,1.0,0.03619157333333334,1.997929411764706,0.40845965675982826,0.19958634953464321,0.4994818164688149,0.4770732913113336
frozenset({'סקשן איריגיישיין 5'}),frozenset({'בלון אמצעי T10SB'}),0.16906666666666667,0.4554666666666667,0.1184,0.7003154574132492,1.537577848536115,1.0,0.04139576888888889,1.8170217543859648,0.420763510622304,0.2339304531085353,0.44964885665998255,0.4801343095028775
frozenset({'סקשן איריגיישיין 5'}),frozenset({'בלון דו צדדי PDBS2'}),0.16906666666666667,0.47946666666666665,0.12373333333333333,0.7318611987381703,1.5264068383026357,1.0,0.04267150222222223,1.9412831372549018,0.4150353016688062,0.23577235772357727,0.4848767906086777,0.4949628574336013
frozenset({'טאקר נספג - 15 סיכות'}),"frozenset({'בלון אמצעי T10SB', 'בלון דו צדדי PDBS2'})",0.08053333333333333,0.44853333333333334,0.05333333333333334,0.6622516556291391,1.4764825853800665,1.0,0.01721144888888889,1.6327738562091505,0.3509802784222738,0.11210762331838565,0.38754531364084704,0.3905788599192069
frozenset({'טאקר נספג - 15 סיכות'}),frozenset({'בלון אמצעי T10SB'}),0.08053333333333333,0.4554666666666667,0.05333333333333334,0.6622516556291391,1.4540068551576533,1.0,0.016653084444444445,1.6122457516339872,0.3395939675174014,0.11049723756906077,0.37974716386350227,0.38967383718225107
frozenset({'טרוקר CFF03 - 5X100'}),frozenset({'בלון אמצעי T10SB'}),0.10346666666666667,0.4554666666666667,0.06666666666666667,0.6443298969072165,1.4146587315000363,1.0,0.019541048888888884,1.5310067632850244,0.326943486020226,0.13542795232936075,0.34683502125468263,0.3953499601632101
frozenset({'שרוול לטרוקר 5 - CFS02'}),frozenset({'בלון אמצעי T10SB'}),0.0992,0.4554666666666667,0.06346666666666667,0.6397849462365592,1.4046800634584877,1.0,0.01828437333333334,1.5116895522388063,0.319820290460767,0.12920738327904455,0.3384885153707625,0.3895646042658206
"frozenset({'טרוקר CFF03 - 5X100', 'שרוול לטרוקר 5 - CFS02'})",frozenset({'בלון אמצעי T10SB'}),0.0976,0.4554666666666667,0.0624,0.6393442622950819,1.40371251967597,1.0,0.017946453333333327,1.509842424242424,0.3187094623264835,0.12717391304347825,0.3376792280149643,0.38817330210772827
frozenset({'טאקר נספג - 15 סיכות'}),frozenset({'בלון דו צדדי PDBS2'}),0.08053333333333333,0.47946666666666665,0.05386666666666667,0.6688741721854304,1.395037900831682,1.0,0.015253617777777777,1.5720106666666664,0.3079759252027291,0.10642781875658588,0.3638720008685268,0.39061061223287097
frozenset({'שרוול לטרוקר 5 - CFS02'}),frozenset({'בלון דו צדדי PDBS2'}),0.0992,0.47946666666666665,0.0656,0.6612903225806452,1.3792206394201445,1.0,0.01803690666666668,1.5368126984126986,0.30523184450316987,0.12785862785862787,0.34930261766261256,0.3990545050055618
frozenset({'טרוקר CFF03 - 5X100'}),"frozenset({'בלון אמצעי T10SB', 'בלון דו צדדי PDBS2'})",0.10346666666666667,0.44853333333333334,0.064,0.6185567010309279,1.3790651776848868,1.0,0.01759175111111111,1.445736936936937,0.30659329764029347,0.13114754098360654,0.3083112325270694,0.38062198904102873
"frozenset({'טרוקר CFF03 - 5X100', 'שרוול לטרוקר 5 - CFS02'})",frozenset({'בלון דו צדדי PDBS2'}),0.0976,0.47946666666666665,0.06453333333333333,0.6612021857923497,1.3790368168639107,1.0,0.01773738666666666,1.536412903225806,0.30458355313287605,0.1259105098855359,0.34913329750067185,0.3978980895591337
frozenset({'שרוול לטרוקר 5 - CFS02'}),"frozenset({'בלון אמצעי T10SB', 'בלון דו צדדי PDBS2'})",0.0992,0.44853333333333334,0.06133333333333333,0.6182795698924731,1.3784473169421962,1.0,0.016838826666666667,1.444687323943662,0.30478029191443357,0.12609649122807018,0.30780869782242465,0.3775107718665695
"frozenset({'טרוקר CFF03 - 5X100', 'שרוול לטרוקר 5 - CFS02'})","frozenset({'בלון אמצעי T10SB', 'בלון דו צדדי PDBS2'})",0.0976,0.44853333333333334,0.06026666666666667,0.6174863387978142,1.3766788171770532,1.0,0.016489813333333332,1.4416914285714286,0.3032071800665285,0.12403951701427005,0.3063702952088024,0.3759250956771473
frozenset({'טרוקר CFF03 - 5X100'}),frozenset({'בלון דו צדדי PDBS2'}),0.10346666666666667,0.47946666666666665,0.06826666666666667,0.6597938144329897,1.376099446119973,1.0,0.018657848888888898,1.530052525252525,0.3048501635930995,0.13264248704663215,0.3464276660469833,0.4010871185624348
frozenset({'טאקר נספג-12 סיכות-ETHICON'}),"frozenset({'בלון אמצעי T10SB', 'בלון דו צדדי PDBS2'})",0.17653333333333332,0.44853333333333334,0.10453333333333334,0.5921450151057402,1.320180622263095,1.0,0.0253522488888889,1.3521145679012347,0.2945205932113779,0.20081967213114757,0.260417701473175,0.4126004504779593
frozenset({'טאקר נספג-12 סיכות-ETHICON'}),frozenset({'בלון אמצעי T10SB'}),0.17653333333333332,0.4554666666666667,0.1056,0.5981873111782477,1.3133503611934596,1.0,0.025194951111111114,1.3551919799498746,0.2897367456952949,0.2006079027355623,0.26209716793262927,0.4150187141371332
frozenset({'טאקר נספג-12 סיכות-ETHICON'}),frozenset({'בלון דו צדדי PDBS2'}),0.17653333333333332,0.47946666666666665,0.10666666666666667,0.6042296072507554,1.2602119172360027,1.0,0.02202481777777779,1.3152407124681935,0.2507480569948188,0.19417475728155345,0.239682903273736,0.4133495088534088
"frozenset({'3DMAX LARGE 10.8X16-LEFT', 'טאקר נספג-12 סיכות-ETHICON'})","frozenset({'בלון אמצעי T10SB', 'בלון דו צדדי PDBS2'})",0.13333333333333333,0.44853333333333334,0.07253333333333334,0.544,1.2128418549346018,1.0,0.012728888888888894,1.209356725146199,0.20248868778280552,0.1424083769633508,0.17311411992263062,0.3528561236623068
"frozenset({'3DMAX LARGE 10.8X16-LEFT', 'טאקר נספג-12 סיכות-ETHICON'})",frozenset({'בלון אמצעי T10SB'}),0.13333333333333333,0.4554666666666667,0.0736,0.552,1.2119437939110072,1.0,0.012871111111111111,1.2154761904761906,0.20178372352285392,0.14285714285714285,0.17727717923604314,0.35679625292740047
"frozenset({'3DMAX LARGE 10.8X16-LEFT', 'טאקר נספג-12 סיכות-ETHICON', '3DMAX LARGE 10.8X16-RIGHT'})","frozenset({'בלון אמצעי T10SB', 'בלון דו צדדי PDBS2'})",0.12906666666666666,0.44853333333333334,0.06933333333333333,0.5371900826446281,1.1976592211161448,1.0,0.011442631111111108,1.1915619047619048,0.1894955014367139,0.13641133263378805,0.16076538197164184,0.34588398305834256
"frozenset({'3DMAX LARGE 10.8X16-RIGHT', '3DMAX LARGE 10.8X16-LEFT', 'טאקר נספג-12 סיכות-ETHICON'})",frozenset({'בלון אמצעי T10SB'}),0.12906666666666666,0.4554666666666667,0.0704,0.5454545454545455,1.1975729188843944,1.0,0.01161443555555556,1.1979733333333336,0.18942641355378653,0.13692946058091288,0.16525687828332306,0.35001064509261237
"frozenset({'טאקר נספג-12 סיכות-ETHICON', '3DMAX LARGE 10.8X16-RIGHT'})","frozenset({'בלון אמצעי T10SB', 'בלון דו צדדי PDBS2'})",0.1312,0.44853333333333334,0.0704,0.5365853658536586,1.196311011861605,1.0,0.011552426666666664,1.1900070175438597,0.18887772755176063,0.13821989528795814,0.15966882105958397,0.3467706853049506
"frozenset({'טאקר נספג-12 סיכות-ETHICON', '3DMAX LARGE 10.8X16-RIGHT'})",frozenset({'בלון אמצעי T10SB'}),0.1312,0.4554666666666667,0.07146666666666666,0.5447154471544715,1.1959501913520305,1.0,0.011709439999999988,1.1960285714285712,0.18858744949286696,0.13871635610766045,0.16389957239435266,0.35081205612992894
"frozenset({'3DMAX LARGE 10.8X16-LEFT', 'טאקר נספג-12 סיכות-ETHICON'})",frozenset({'בלון דו צדדי PDBS2'}),0.13333333333333333,0.47946666666666665,0.07253333333333334,0.544,1.1345939933259177,1.0,0.008604444444444456,1.1415204678362574,0.13687782805429882,0.1342546890424482,0.12397540983606568,0.3476395995550612
"frozenset({'3DMAX LARGE 10.8X16-LEFT', 'טאקר נספג-12 סיכות-ETHICON', '3DMAX LARGE 10.8X16-RIGHT'})",frozenset({'בלון דו צדדי PDBS2'}),0.12906666666666666,0.47946666666666665,0.06933333333333333,0.5371900826446281,1.1203908842699417,1.0,0.007450168888888886,1.1247238095238095,0.12337839747515188,0.12858555885262116,0.11089283294946485,0.3408975997205343
"frozenset({'טאקר נספג-12 סיכות-ETHICON', '3DMAX LARGE 10.8X16-RIGHT'})",frozenset({'בלון דו צדדי PDBS2'}),0.1312,0.47946666666666665,0.0704,0.5365853658536586,1.1191296562576305,1.0,0.007493973333333334,1.1232561403508772,0.1225235783246833,0.1303060217176703,0.1097311075569773,0.34170758837732984
frozenset({'שרוול אקסל OPTI-5X100'}),frozenset({'בלון אמצעי T10SB'}),0.17173333333333332,0.4554666666666667,0.08586666666666666,0.5,1.0977751756440282,1.0,0.007647857777777781,1.0890666666666666,0.10753380553766907,0.1586206896551724,0.0817825661116552,0.3442622950819672
frozenset({'אנדו קליפ 5 EL5ML'}),frozenset({'בלון דו צדדי PDBS2'}),0.17066666666666666,0.47946666666666665,0.08853333333333334,0.51875,1.0819313125695218,1.0,0.006704355555555569,1.0816277056277057,0.09131057994034031,0.157644824311491,0.0754674692622952,0.35169980533926587
frozenset({'שרוול אקסל OPTI-5X100'}),frozenset({'בלון דו צדדי PDBS2'}),0.17173333333333332,0.47946666666666665,0.08746666666666666,0.5093167701863355,1.062256889988186,1.0,0.005126257777777782,1.0608337552742617,0.07075997675623896,0.15515610217596973,0.05734522961001952,0.3458708433801533
