combination,frequency,total_amount,surgeons,avg_amount_per_case,total_item_quantity
MICROVAL 16X11-LEFT (1) + MICROVAL 16X11-RIGHT (1) + טאקר-10 סיכות MICROVAL (1) + טרוקר אקסל ללא סכין 11 B11LT (1) + טרוקר ללא סכין 5 NB5STF (1),68,121725.3064,"עמיר סולד, שי אלדר",1790.0780352941176,5
CAPSURE טאקר 30 (1) + DEXTILE LEFT ANT. MESH 16X12CM (1) + DEXTILE RIGHT ANT. MESH 16X12C (1) + טרוקר אקסל ללא סכין 11 B11LT (1) + טרוקר ללא סכין 5 NB5STF (1),58,114803.3156,יורי מנוסקין,1979.3675103448277,5
3DMAX LARGE 10.8X16-LEFT (1) + 3DMAX LARGE 10.8X16-RIGHT (1) + בלון אמצעי T10SB (1) + בלון דו צדדי PDBS2 (1) + טאקר נספג-12 סיכות-ETHICON (1),51,145712.36000000002,"אברהם רשף, אילן בן זאב, ויטלי סקלרבסקי, מרדכי שמעונוב, מרום שראלי, ראובן אליגר, שמעון ספוז'ניקוב",2857.105098039216,5
3DMAX LARGE 10.8X16-LEFT (1) + 3DMAX LARGE 10.8X16-RIGHT (1) + טאקר נספג-12 סיכות-ETHICON (1) + שרוול אקסל 10-11  CB11LT (1),31,69017.6744,"אילן וסרמן, אלברט סטפנסקי, ולדימיר גזיאנץ, ולדמיר נסטרנקו, יבגני קרסיק",2226.376593548387,4
DYNAMESH ENDOLAP 3D 10*15CM (1) + בלון אמצעי T10SB (1) + בלון דו צדדי PDBS2 (1) + טרוקר אקסל OPTI-סכין-5X100 (1) + שרוול אקסל OPTI-5X100 (1),30,38694.6,בוריס קירשטיין,1289.82,5
DYNAMESH ENDOLAP 3D 10*15CM (1) + טאקר-10 סיכות MICROVAL (1) + שרוול אקסל 10-11  CB11LT (1),30,34574.1,"איתי זוארץ, ארז ירדן",1152.47,3
PROGRIP FLAT SHEET MESH 15X10 (1) + טרוקר CFF03 - 5X100 (1) + טרוקר אקסל ללא סכין 11 B11LT (1) + שרוול לטרוקר 5 - CFS02 (1),27,30329.627200000003,סרגיי דומצ'יק,1123.319525925926,4
3DMAX LARGE 10.8X16-LEFT (1) + 3DMAX LARGE 10.8X16-RIGHT (1) + אנדו קליפ 5 EL5ML (1) + בלון אמצעי T10SB (1) + בלון דו צדדי PDBS2 (1) + טאקר נספג-12 סיכות-ETHICON (1),21,76082.7204,"אברהם רשף, אילן בן זאב, ויטלי סקלרבסקי, מרדכי שמעונוב, ראובן אליגר",3622.986685714286,6
"3DMAX LARGE 10.8X16-LEFT (1) + 3DMAX LARGE 10.8X16-RIGHT (1) + LIQUIBAND FIX8 טאקר דבק (1) + אטם סיליקון 5 מ""מ לטרוקר YP PL (1) + טרוקר אקסל ללא סכין 11 B11LT (1) + מספריים לאפ (1)",20,40585.4132,"דני רוזין, ודים מז'יבובסקי",2029.2706600000001,6
"3DMAX LARGE 10.8X16-LEFT (1) + 3DMAX LARGE 10.8X16-RIGHT (1) + LIQUIBAND FIX8 טאקר דבק (1) + אטם סיליקון 5 מ""מ לטרוקר YP PL (1) + טרוקר אקסל ללא סכין 11 B11LT (1)",20,40507.1395,"דני רוזין, ודים מז'יבובסקי",2025.356975,5
MICROVAL 16X11-LEFT (1) + MICROVAL 16X11-RIGHT (1) + אנדו קליפ 5 EL5ML (1) + טאקר-10 סיכות MICROVAL (1) + טרוקר אקסל ללא סכין 11 B11LT (1) + טרוקר ללא סכין 5 NB5STF (1),19,48504.0074,עמיר סולד,2552.842494736842,6
3DMAX LARGE 10.8X16-LEFT (1) + 3DMAX LARGE 10.8X16-RIGHT (1) + אנדו קליפ 5 EL5ML (1) + טאקר נספג-12 סיכות-ETHICON (1) + שרוול אקסל 10-11  CB11LT (1),17,50782.8213,"אלברט סטפנסקי, ולדימיר גזיאנץ, ולדמיר נסטרנקו, יבגני קרסיק",2987.2247823529415,5
3DMAX LARGE 10.8X16-LEFT (1) + 3DMAX LARGE 10.8X16-RIGHT (1) + בלון להרניה עגול - SMBTTRNDX (1) + טאקר נטען-20 סיכות MICROVAL (1),14,35003.2425,אולג דוחנו,2500.2316071428572,4
PROGRIP ANTMCL 15X10CM-LEFT (1) + PROGRIP ANTMCL 15X10CM-RIGHT (1) + בלון אמצעי T10SB (1) + בלון דו צדדי PDBS2 (1) + טרוקר CFF03 - 5X100 (1) + שרוול לטרוקר 5 - CFS02 (1),13,34297.884,"אלכסנדר וחרושב, אמנון אבנת",2638.2987692307693,6
CAPSURE טאקר 30 (1) + DEXTILE LEFT ANT. MESH 15X10CM (1) + DEXTILE RIGHT ANT. MESH 15X10C (1) + VERSAONE BLADED TROCAR WITH FI (1) + בלון אמצעי T10SB (1) + בלון דו צדדי PDBS2 (1) + טרוקר ללא סכין 5 NB5STF (1),13,35132.4239,אליעד קרין,2702.4941461538465,7
CAPSURE טאקר 30 (1) + DEXTILE LEFT ANT. MESH 16X12CM (1) + DEXTILE RIGHT ANT. MESH 16X12C (1) + טרוקר אקסל OPTI-5X100 (1) + טרוקר אקסל ללא סכין 11 B11LT (1) + שרוול אקסל OPTI-5X100 (1),12,25262.5312,יורי מנוסקין,2105.2109333333333,6
PROGRIP ANTMCL 15X10CM-LEFT (1) + PROGRIP ANTMCL 15X10CM-RIGHT (1) + בלון אמצעי T10SB (1) + בלון דו צדדי PDBS2 (1),11,27289.350000000002,"אנדרוניק קפייב, דמיטרי גולדשטיין, יעקב מינץ, מוריס בטומסקי",2480.8500000000004,4
MICROVAL 14X10-LEFT (1) + MICROVAL 14X10-RIGHT (1) + בלון אמצעי T10SB (1) + בלון דו צדדי PDBS2 (1) + טאקר-10 סיכות MICROVAL (1) + טרוקר ללא סכין 5 NB5STF (1) + מספריים לאפ (1),11,26604.605,"לב איטין, רון גרינברג",2418.6004545454543,7
MICROVAL 14X10-LEFT (1) + MICROVAL 14X10-RIGHT (1) + בלון אמצעי T10SB (1) + בלון דו צדדי PDBS2 (1) + טאקר-10 סיכות MICROVAL (1) + טרוקר אקסל OPTI-סכין-5X100 (1) + שרוול אקסל OPTI-5X100 (1),10,24876.1365,"עופר לנדאו, רון גרינברג",2487.6136500000002,7
DYNAMESH ENDOLAP 3D 10*15CM (1) + LIQUIBAND FIX8 טאקר דבק (1) + בלון אמצעי T10SB (1) + בלון דו צדדי PDBS2 (1) + טרוקר ללא סכין 5 NB5STF (1),10,22208.3,"גילבר אוחנה, ידידיה מלכי, ירון מינץ",2220.83,5
CAPSURE טאקר 30 (1) + DEXTILE LEFT ANT. MESH 16X12CM (1) + DEXTILE RIGHT ANT. MESH 16X12C (1) + טרוקר אקסל ללא סכין 11 B11LT (1) + טרוקר ללא סכין 5 NB5STF (1) + מספריים לאפ (1),10,20093.9349,יורי מנוסקין,2009.39349,6
3DMAX LARGE 10.8X16-LEFT (1) + 3DMAX LARGE 10.8X16-RIGHT (1) + בלון אמצעי T10SB (1) + בלון דו צדדי PDBS2 (1) + טאקר נספג-12 סיכות-ETHICON (1) + טרוקר CFF03 - 5X100 (1) + שרוול לטרוקר 5 - CFS02 (1),9,27126.5763,אברהם רשף,3014.0640333333336,7
DYNAMESH ENDOLAP 3D 10*15CM (1) + LIQUIBAND FIX8 טאקר דבק (1) + אנדו קליפ 5 176630 (1) + בלון אמצעי T10SB (1) + בלון דו צדדי PDBS2 (1) + טרוקר ללא סכין 5 NB5STF (1) + סקשן איריגיישיין 5 (1),9,27478.8082,"גילבר אוחנה, ידידיה מלכי",3053.200911111111,7
MICROVAL 14X10-LEFT (1) + MICROVAL 14X10-RIGHT (1) + בלון אמצעי T10SB (1) + בלון דו צדדי PDBS2 (1) + טאקר-10 סיכות MICROVAL (1) + טרוקר אקסל OPTI-סכין-5X100 (1) + סקשן איריגיישיין 5 (1) + שרוול אקסל OPTI-5X100 (1),9,22871.9715,"אדריאן ולאנו, עופר לנדאו, רון גרינברג",2541.3301666666666,8
MICROVAL 16X11-LEFT (1) + MICROVAL 16X11-RIGHT (1) + טאקר-10 סיכות MICROVAL (1) + טרוקר אקסל ללא סכין 11 B11LT (1) + טרוקר ללא סכין 5 NB5STF (1) + מספריים לאפ (1),9,16186.272,עזרא עוז יקיר,1798.4746666666667,6
PROGRIP FLAT SHEET MESH 15X10 (1) + טרוקר אקסל OPTI-12X100 (1) + טרוקר אקסל OPTI-5X100 (1) + שרוול אקסל OPTI-5X100 (1),8,8939.6,פורת סוייד,1117.45,4
CAPSURE טאקר 30 (1) + DEXTILE LEFT ANT. MESH 15X10CM (1) + DEXTILE RIGHT ANT. MESH 15X10C (1) + VERSAONE BLADED TROCAR WITH FI (1) + בלון אמצעי T10SB (1) + בלון דו צדדי PDBS2 (1) + טרוקר ללא סכין 5 NB5STF (1) + סקשן איריגיישיין 5 (1),8,22006.7684,אליעד קרין,2750.84605,8
PROGRIP ANTMCL 15X10CM-LEFT (1) + PROGRIP ANTMCL 15X10CM-RIGHT (1) + SOL. SEPTOL 500ML (1) + בלון אמצעי T10SB (1) + בלון דו צדדי PDBS2 (1) + טרוקר CFF03 - 5X100 (1) + שרוול לטרוקר 5 - CFS02 (1),7,18538.5106,"אלכסנדר וחרושב, אמנון אבנת, ניר כהן",2648.3586571428573,7
PROGRIP ANTMCL 15X10CM-LEFT (1) + PROGRIP ANTMCL 15X10CM-RIGHT (1) + שרוול אקסל 10-11  CB11LT (1),7,13019.300000000001,"דמיטרי גולדשטיין, חסן קיס",1859.9,3
MICROVAL 14X10-LEFT (1) + MICROVAL 14X10-RIGHT (1) + בלון אמצעי T10SB (1) + בלון דו צדדי PDBS2 (1) + טאקר-10 סיכות MICROVAL (1) + טרוקר ללא סכין 5 NB5STF (1),7,16926.5044,"לב איטין, רון גרינברג",2418.0720571428574,6
3DMAX LARGE 10.8X16-LEFT (1) + 3DMAX LARGE 10.8X16-RIGHT (1) + LIQUIBAND FIX8 טאקר דבק (1) + טרוקר אקסל ללא סכין 11 B11LT (1),7,13727.648599999999,דני רוזין,1961.092657142857,4
DYNAMESH ENDOLAP 3D 10*15CM (1) + LIQUIBAND FIX8 טאקר דבק (1) + אנדו קליפ 5 176630 (1) + בלון אמצעי T10SB (1) + בלון דו צדדי PDBS2 (1) + טרוקר ללא סכין 5 NB5STF (1),7,20955.5717,"גילבר אוחנה, ידידיה מלכי",2993.6531,6
3DMAX LARGE 10.8X16-LEFT (1) + 3DMAX LARGE 10.8X16-RIGHT (1) + טאקר-10 סיכות MICROVAL (1) + טרוקר אקסל ללא סכין 11 B11LT (1) + טרוקר ללא סכין 5 NB5STF (1) + מספריים לאפ (1),7,11743.3394,עזרא עוז יקיר,1677.6199142857145,6
CAPSURE טאקר 30 (1) + DEXTILE LEFT ANT. MESH 16X12CM (1) + DEXTILE RIGHT ANT. MESH 16X12C (1) + טרוקר אקסל OPTI-5X100 (1) + טרוקר אקסל ללא סכין 11 B11LT (1) + מספריים לאפ (1) + שרוול אקסל OPTI-5X100 (1),6,12611.599900000001,יורי מנוסקין,2101.933316666667,7
3DMAX LARGE 10.8X16-LEFT (1) + 3DMAX LARGE 10.8X16-RIGHT (1) + טאקר-10 סיכות MICROVAL (1) + טרוקר אקסל ללא סכין 11 B11LT (1) + טרוקר ללא סכין 5 NB5STF (1),6,10091.354,"עזרא עוז יקיר, עמיר בן יהודה שלו",1681.8923333333332,5
CAPSURE טאקר 30 (1) + DEXTILE LEFT ANT. MESH 16X12CM (1) + DEXTILE RIGHT ANT. MESH 16X12C (1) + טרוקר אקסל ללא סכין 11 B11LT (1) + טרוקר ללא סכין 5 NB5STF (1) + סקשן איריגיישיין 5 (1),6,12461.597700000002,יורי מנוסקין,2076.9329500000003,6
3DMAX EX.LARGE 12X17-LEFT (1) + 3DMAX EX.LARGE 12X17-RIGHT (1) + אנדו קליפ 5 EL5ML (1) + בלון דו צדדי PDBS2 (1) + שרוול אקסל OPTI-12X100 (1),6,13044.3852,נתן פולוקשט,2174.0642000000003,5
3DMAX LARGE 10.8X16-LEFT (1) + 3DMAX LARGE 10.8X16-RIGHT (1) + אנדו קלינצ 5 מ''מ (1) + טאקר נספג-12 סיכות-ETHICON (1) + שרוול אקסל 10-11  CB11LT (1),6,13568.6866,"אילן וסרמן, אלברט סטפנסקי, יבגני קרסיק",2261.4477666666667,5
3DMAX LARGE 10.8X16-LEFT (1) + 3DMAX LARGE 10.8X16-RIGHT (1) + אנדו קליפ 5 EL5ML (1) + בלון אמצעי T10SB (1) + בלון דו צדדי PDBS2 (1) + טאקר נספג-12 סיכות-ETHICON (1) + טרוקר CFF03 - 5X100 (1) + שרוול לטרוקר 5 - CFS02 (1),6,22481.6342,אברהם רשף,3746.9390333333336,8
3DMAX LARGE 10.8X16-LEFT (1) + 3DMAX LARGE 10.8X16-RIGHT (1) + LIQUIBAND FIX8 טאקר דבק (1) + טרוקר אקסל ללא סכין 11 B11LT (1) + טרוקר ללא סכין 5 NB5STF (1),6,12244.3964,"ויאצ'סלב זילברמינץ, עזרא עוז יקיר",2040.7327333333333,5
DYNAMESH ENDOLAP 3D 10*15CM (1) + SOL. SEPTOL 500ML (1) + בלון אמצעי T10SB (1) + בלון דו צדדי PDBS2 (1) + טרוקר אקסל OPTI-סכין-5X100 (1) + שרוול אקסל OPTI-5X100 (1),6,7788.6485999999995,בוריס קירשטיין,1298.1081,6
"3DMAX LARGE 10.8X16-LEFT (1) + 3DMAX LARGE 10.8X16-RIGHT (1) + LIQUIBAND FIX8 טאקר דבק (1) + אטם סיליקון 5 מ""מ לטרוקר YP PL (1) + טרוקר אקסל ללא סכין 11 B11LT (1) + מספריים מונופולר 5 מ""מ (1)",6,12804.9256,דני רוזין,2134.154266666667,6
3DMAX LARGE 10.8X16-LEFT (1) + 3DMAX LARGE 10.8X16-RIGHT (1) + CAPSURE טאקר 30 (1) + טרוקר אקסל OPTI-5X100 (1) + טרוקר אקסל ללא סכין 11 B11LT (1) + שרוול אקסל OPTI-5X100 (1),6,13517.361400000002,"אוסמה אבו חטום, דביר פרויליך",2252.893566666667,6
3DMAX LARGE 10.8X16-LEFT (1) + 3DMAX LARGE 10.8X16-RIGHT (1) + GLUTACK DEVICE 50 DROPS (1) + אנדו קליפ 5 EL5ML (1) + שרוול אקסל 10-11  CB11LT (1),6,16425.9389,איגור ירוחימוב,2737.6564833333337,5
CAPSURE טאקר 30 (1) + DEXTILE LEFT ANT. MESH 15X10CM (1) + DEXTILE RIGHT ANT. MESH 15X10C (1) + בלון אמצעי T10SB (1) + בלון דו צדדי PDBS2 (1) + טרוקר ללא סכין 5 NB5STF (1) + סקשן איריגיישיין 5 (1),6,16314.6933,"אליעד קרין, חנוך קשתן",2719.11555,7
DYNAMESH ENDOLAP 3D 10*15CM (1) + LIQUIBAND FIX8 טאקר דבק (1) + בלון אמצעי T10SB (1) + בלון דו צדדי PDBS2 (1) + טרוקר ללא סכין 5 NB5STF (1) + מספריים לאפ (1) + סקשן איריגיישיין 5 (1),5,11398.6785,"גילבר אוחנה, ידידיה מלכי",2279.7357,7
3DMAX LARGE 10.8X16-LEFT (1) + 3DMAX LARGE 10.8X16-RIGHT (1) + LIQUIBAND FIX8 טאקר דבק (1) + טרוקר אקסל ללא סכין 11 B11LT (1) + טרוקר ללא סכין 5 NB5STF (1) + מספריים לאפ (1),5,10213.48,עזרא עוז יקיר,2042.696,6
"3DMAX LARGE 10.8X16-LEFT (1) + 3DMAX LARGE 10.8X16-RIGHT (1) + אנדו קליפ 5 EL5ML (1) + בלון אמצעי T10SB (1) + בלון דו צדדי PDBS2 (1) + טאקר נספג-12 סיכות-ETHICON (1) + מספריים מונופולר 5 מ""מ (1)",5,18371.3272,"אילן בן זאב, אלכסנדר דויטש, מרדכי שמעונוב, ראובן אליגר",3674.26544,7
"3DMAX LARGE 10.8X16-LEFT (1) + 3DMAX LARGE 10.8X16-RIGHT (1) + בלון אמצעי T10SB (1) + בלון דו צדדי PDBS2 (1) + טאקר נספג-12 סיכות-ETHICON (1) + מספריים מונופולר 5 מ""מ (1)",5,14583.8518,"אנדרוניק קפייב, מרום שראלי, ראובן אליגר",2916.77036,6
3DMAX MEDIUM 8.5X13.7-LEFT (1) + 3DMAX MEDIUM 8.5X13.7-RIGHT (1) + בלון אמצעי T10SB (1) + בלון דו צדדי PDBS2 (1) + טאקר נספג-25 סיכות-ETHICON (1) + טרוקר ללא סכין 5 NB5STF (1) + סקשן איריגיישיין 5 (1),5,15059.6719,משה גיפס,3011.9343799999997,7
3DMAX EX.LARGE 12X17-LEFT (1) + 3DMAX EX.LARGE 12X17-RIGHT (1) + בלון דו צדדי PDBS2 (1) + שרוול אקסל OPTI-12X100 (1),5,7287.201999999999,נתן פולוקשט,1457.4404,4
PROGRIP ANTMCL 15X10CM-LEFT (1) + PROGRIP ANTMCL 15X10CM-RIGHT (1) + אנדו קליפ 5 EL5ML (1) + בלון אמצעי T10SB (1) + בלון דו צדדי PDBS2 (1),5,16216.6626,"אנדרוניק קפייב, יעקב מינץ",3243.33252,5
DYNAMESH ENDOLAP 3D 10*15CM (1) + אנדו קליפ 5 176630 (1) + בלון אמצעי T10SB (1) + בלון דו צדדי PDBS2 (1) + טאקר נספג - 15 סיכות (1) + טרוקר ללא סכין 5 NB5STF (1) + סקשן איריגיישיין 5 (1),5,14249.4704,"גילבר אוחנה, ידידיה מלכי",2849.89408,7
DYNAMESH ENDOLAP 3D 10*15CM (1) + בלון אמצעי T10SB (1) + בלון דו צדדי PDBS2 (1) + טרוקר אקסל OPTI-5X100 (1) + שרוול אקסל OPTI-5X100 (1),5,6449.099999999999,בוריס קירשטיין,1289.82,5
3DMAX LARGE 10.8X16-LEFT (1) + 3DMAX LARGE 10.8X16-RIGHT (1) + GLUBRAN2-SURGICAL GLUE-1ML (1) + GLUTACK DEVICE 50 DROPS (1) + שרוול אקסל 10-11  CB11LT (1),5,11970.8247,איגור ירוחימוב,2394.1649399999997,5
MICROVAL 14X10-LEFT (1) + MICROVAL 14X10-RIGHT (1) + אנדו קליפ 5 EL5ML (1) + בלון אמצעי T10SB (1) + בלון דו צדדי PDBS2 (1) + טאקר-10 סיכות MICROVAL (1) + טרוקר ללא סכין 5 NB5STF (1),5,15899.268199999999,לב איטין,3179.85364,7
PROGRIP ANTMCL 15X10CM-LEFT (1) + PROGRIP ANTMCL 15X10CM-RIGHT (1) + טרוקר CFF03 - 5X100 (1) + שרוול לטרוקר 5 - CFS02 (1),4,7765.7618,"אמנון אבנת, ניר כהן",1941.44045,4
PROGRIP ANTMCL 15X10CM-LEFT (1) + PROGRIP ANTMCL 15X10CM-RIGHT (1),4,7139.6,"אורי נץ, דמיטרי גולדשטיין, יעקב מינץ",1784.9,2
3DMAX LARGE 10.8X16-LEFT (1) + 3DMAX LARGE 10.8X16-RIGHT (1) + SOL. SEPTAL SCRUB 500ML (1) + SOL.ALCOHOL+CHLORHEXIDINE 0.5L (1) + בלון אמצעי T10SB (1) + בלון דו צדדי PDBS2 (1) + טאקר נספג - 15 סיכות (1),4,9674.6296,ראובן אליגר,2418.6574,7
DEXTILE LEFT ANT. MESH 15X10CM (1) + DEXTILE RIGHT ANT. MESH 15X10C (1) + טאקר-10 סיכות MICROVAL (1) + שרוול אקסל 10-11  CB11LT (1),4,5874.4,"איתי זוארץ, ארז ירדן",1468.6,4
MICROVAL 14X10-LEFT (1) + MICROVAL 14X10-RIGHT (1) + בלון אמצעי T10SB (1) + בלון דו צדדי PDBS2 (1) + טאקר-10 סיכות MICROVAL (1) + טרוקר אקסל OPTI-סכין-5X100 (1) + מספריים לאפ (1) + שרוול אקסל OPTI-5X100 (1),4,9960.1767,"עופר לנדאו, רון גרינברג",2490.044175,8
MICROVAL 14X10-LEFT (1) + MICROVAL 14X10-RIGHT (1) + טאקר-10 סיכות MICROVAL (1) + טרוקר אקסל ללא סכין 11 B11LT (1) + טרוקר ללא סכין 5 NB5STF (1),4,7101.3578,עמיר סולד,1775.33945,5
3DMAX LARGE 10.8X16-LEFT (1) + 3DMAX LARGE 10.8X16-RIGHT (1) + GLUBRAN2-SURGICAL GLUE-1ML (1) + GLUTACK DEVICE 50 DROPS (1) + אנדו קליפ 5 EL5ML (1) + שרוול אקסל 10-11  CB11LT (1),4,12727.8986,איגור ירוחימוב,3181.97465,6
MICROVAL 14X10-LEFT (1) + MICROVAL 14X10-RIGHT (1) + בלון אמצעי T10SB (1) + בלון דו צדדי PDBS2 (1) + טאקר-10 סיכות MICROVAL (1) + טרוקר אקסל עם סכין 5 D5ST (1),4,9608.0768,עופר לנדאו,2402.0192,6
PROGRIP FLAT SHEET MESH 15X10 (1) + בלון אמצעי T10SB (1) + בלון דו צדדי PDBS2 (1) + טרוקר CFF03 - 5X100 (1) + שרוול לטרוקר 5 - CFS02 (1),4,6962.359,"עבד על רחמן אבו גנים, שאדי  אבו סויס",1740.58975,5
PROGRIP FLAT SHEET MESH 15X10 (1) + SOL. SEPTOL 500ML (1) + טרוקר CFF03 - 5X100 (1) + טרוקר אקסל ללא סכין 11 B11LT (1) + שרוול לטרוקר 5 - CFS02 (1),4,4514.2446,סרגיי דומצ'יק,1128.56115,5
HAR736 -  הרמוניק 700 (1) + PROGRIP FLAT SHEET MESH 15X10 (1) + טרוקר אקסל OPTI-5X100 (1) + טרוקר אקסל ללא סכין 11 B11LT (1) + שרוול אקסל OPTI-5X100 (1),4,9789.8,איגור וקסמן,2447.45,5
3DMAX LIGHT 8X 3CM - LEFT (1) + 3DMAX LIGHT 8X13CM - RIGHT (1) + בלון להרניה עגול - SMBTTRNDX (1) + טאקר נספג-25 סיכות-ETHICON (1),4,11725.534,אריה איתן,2931.3835,4
3DMAX LARGE 10.8X16-LEFT (1) + 3DMAX LARGE 10.8X16-RIGHT (1) + אנדו קלינצ 5 מ''מ (1) + אנדו קליפ 5 EL5ML (1) + טאקר נספג-12 סיכות-ETHICON (1) + שרוול אקסל 10-11  CB11LT (1),4,12118.4175,"אלברט סטפנסקי, יבגני קרסיק",3029.604375,6
ANATOMIC LIGHT 10X14CM LF (1) + ANATOMIC LIGHT 10X14CM RT (1) + בלון להרניה עגול - SMBTTRNDX (1) + טאקר נטען-20 סיכות MICROVAL (1),4,10550.1011,אולג דוחנו,2637.525275,4
3DMAX LARGE 10.8X16-LEFT (1) + 3DMAX LARGE 10.8X16-RIGHT (1) + LIQUIBAND FIX8 טאקר דבק (1) + טרוקר אקסל ללא סכין 11 B11LT (1) + מספריים לאפ (1),4,7807.698399999999,דני רוזין,1951.9245999999998,5
DEXTILE LEFT ANT. MESH 16X12CM (1) + DEXTILE RIGHT ANT. MESH 16X12C (1) + בלון דו צדדי PDBS2 (1) + שרוול אקסל OPTI-12X100 (1),4,4496.0,נתן פולוקשט,1124.0,4
ULTRAPRO ADVANCED MESH 15*30CM (1) + בלון אמצעי T10SB (1) + בלון דו צדדי PDBS2 (1) + טאקר נספג - 15 סיכות (1) + טרוקר ללא סכין 5 NB5STF (1) + סקשן איריגיישיין 5 (1),4,9113.6544,אלדד פובזנר,2278.4136,6
MICROVAL 14X10-LEFT (1) + MICROVAL 14X10-RIGHT (1) + אנדו קליפ 5 EL5ML (1) + טאקר-10 סיכות MICROVAL (1) + טרוקר אקסל ללא סכין 11 B11LT (1) + טרוקר ללא סכין 5 NB5STF (1),3,7630.6867,עמיר סולד,2543.5622333333336,6
"MICROVAL 14X10-LEFT (1) + MICROVAL 14X10-RIGHT (1) + בלון אמצעי T10SB (1) + בלון דו צדדי PDBS2 (1) + טאקר-10 סיכות MICROVAL (1) + טרוקר ללא סכין 5 NB5STF (1) + מספריים מונופולר 5 מ""מ (1)",3,7454.5159,לב איטין,2484.8386333333333,7
PROGRIP FLAT SHEET MESH 16X12 (1) + אנדו קליפ 10 176625 (1) + בלון אמצעי T10SB (1) + בלון דו צדדי PDBS2 (1) + טרוקר אקסל OPTI-סכין-5X100 (1) + טרוקר אקסל עם סכין 10-11 D11LT (1) + סקשן איריגיישיין 5 (1),3,7231.4241,חי בן רוחי,2410.4747,7
PROGRIP FLAT SHEET MESH 15X10 (1) + בלון אמצעי T10SB (1) + בלון דו צדדי PDBS2 (1) + טרוקר CFF03 - 5X100 (1) + טרוקר אקסל עם סכין 10-11 D11LT (1) + שרוול לטרוקר 5 - CFS02 (1),3,5450.3146,עבד על רחמן אבו גנים,1816.7715333333333,6
SYMBOTEX.COM.MESH 12CM-RAUND (1) + אנדו קליפ 5 EL5ML (1) + בלון אמצעי T10SB (1) + בלון דו צדדי PDBS2 (1) + טאקר נספג-12 סיכות-ETHICON (1),3,12001.1792,"אילן בן זאב, ראובן אליגר",4000.393066666667,5
טרוקר ללא סכין 5 NB5STF (1),3,240.0,חגי קמר,80.0,1
PROGRIP FLAT SHEET MESH 15X10 (1) + טרוקר אקסל OPTI-5X100 (1) + טרוקר אקסל ללא סכין 11 B11LT (1) + שרוול אקסל OPTI-5X100 (1),3,3352.3500000000004,"באסל חאג', ואיל חורי",1117.45,4
MICROVAL 16X11-LEFT (1) + MICROVAL 16X11-RIGHT (1) + טאקר נספג - 15 סיכות (1) + טרוקר אקסל ללא סכין 11 B11LT (1) + טרוקר ללא סכין 5 NB5STF (1) + מספריים לאפ (1),3,5748.6826,עזרא עוז יקיר,1916.2275333333334,6
MICROVAL 16X11-LEFT (1) + MICROVAL 16X11-RIGHT (1) + MICROVAL 7.5 X 15CM (1) + בלון אמצעי T10SB (1) + בלון דו צדדי PDBS2 (1) + טאקר נספג-12 סיכות-ETHICON (1) + טרוקר אקסל OPTI-סכין-5X100 (1) + טרוקר אקסל עם סכין 10-11 D11LT (1),3,9616.3347,סרחיו סוסמיליאן,3205.4449,8
"3DMAX LARGE 10.8X16-LEFT (1) + 3DMAX LARGE 10.8X16-RIGHT (1) + בלון להרניה עגול - SMBTTRNDX (1) + טאקר נטען-20 סיכות MICROVAL (1) + כיסוי מצלמה לפרסקופית (1) + מזרק 20 מ""ל (1) + סטרי-סטריפ 1/2 (1) + פלטה דיאט. ללא כבל-מבוגר (1)",3,7515.338299999999,אולג דוחנו,2505.1127666666666,8
"3DMAX LARGE 10.8X16-LEFT (1) + 3DMAX LARGE 10.8X16-RIGHT (1) + אנדו קלינצ 5 מ''מ (1) + טאקר נספג-12 סיכות-ETHICON (1) + מספריים מונופולר 5 מ""מ (1) + שרוול אקסל 10-11  CB11LT (1)",3,6909.8112,יבגני קרסיק,2303.2704,6
3DMAX LARGE 10.8X16-LEFT (1) + 3DMAX LARGE 10.8X16-RIGHT (1) + אנדו קליפ 5 176630 (1) + בלון אמצעי T10SB (1) + בלון דו צדדי PDBS2 (1) + טאקר נספג-12 סיכות-ETHICON (1) + טרוקר CFF03 - 5X100 (1) + שרוול לטרוקר 5 - CFS02 (1),3,11486.3129,אברהם רשף,3828.770966666667,8
3DMAX LARGE 10.8X16-LEFT (1) + 3DMAX LARGE 10.8X16-RIGHT (1) + אנדו קלינצ 5 מ''מ (1) + טאקר נספג-12 סיכות-ETHICON (1) + מספריים לאפ (1) + שרוול אקסל 10-11  CB11LT (1),3,6625.1705999999995,"אילן וסרמן, אלברט סטפנסקי, יבגני קרסיק",2208.3902,6
3DMAX LARGE 10.8X16-LEFT (1) + 3DMAX LARGE 10.8X16-RIGHT (1) + טאקר נספג-12 סיכות-ETHICON (1) + טרוקר CFF03 - 5X100 (1) + שרוול לטרוקר 5 - CFS02 (1),3,6881.2731,אברהם רשף,2293.7577,5
"3DMAX LARGE 10.8X16-LEFT (1) + 3DMAX LARGE 10.8X16-RIGHT (1) + בלון אמצעי T10SB (1) + בלון דו צדדי PDBS2 (1) + טאקר נספג-12 סיכות-ETHICON (1) + טרוקר CFF03 - 5X100 (1) + כיסוי מצלמה לפרסקופית (1) + מזרק 20 מ""ל (1) + סטרי-סטריפ 1/2 (1) + פלטה דיאט. ללא כבל-מבוגר (1) + שרוול לטרוקר 5 - CFS02 (1)",3,9120.2624,אברהם רשף,3040.0874666666664,11
3DMAX LARGE 10.8X16-LEFT (1) + 3DMAX LARGE 10.8X16-RIGHT (1) + טאקר נספג-12 סיכות-ETHICON (1) + טרוקר אקסל עם סכין 10-11 D11LT (1),3,6710.8614,אילן וסרמן,2236.9538,4
PROGRIP ANTMCL 15X10CM-LEFT (1) + PROGRIP ANTMCL 15X10CM-RIGHT (1) + אנדו קליפ 5 EL5ML (1) + בלון אמצעי T10SB (1) + בלון דו צדדי PDBS2 (1) + טרוקר אקסל OPTI-סכין-5X100 (1) + שרוול אקסל OPTI-5X100 (1),3,10180.0013,אורי נץ,3393.3337666666666,7
PROGRIP FLAT SHEET MESH 15X10 (1),3,2677.3500000000004,"אופיר בן ישי, ואיל חורי",892.4500000000002,1
PROGRIP ANTMCL 15X10CM-LEFT (1) + PROGRIP ANTMCL 15X10CM-RIGHT (1) + בלון אמצעי T10SB (1) + בלון דו צדדי PDBS2 (1) + טרוקר אקסל OPTI-סכין-5X100 (1) + שרוול אקסל OPTI-5X100 (1),3,7892.550000000001,אורי נץ,2630.8500000000004,6
PROGRIP ANTMCL 15X10CM-LEFT (1) + PROGRIP ANTMCL 15X10CM-RIGHT (1) + בלון אמצעי T10SB (1) + בלון דו צדדי PDBS2 (1) + טרוקר אקסל OPTI-סכין-5X100 (1) + טרוקר אקסל עם סכין 10-11 D11LT (1) + שרוול אקסל OPTI-5X100 (1),3,8117.550000000001,אורי נץ,2705.8500000000004,7
"3DMAX LARGE 10.8X16-LEFT (1) + 3DMAX LARGE 10.8X16-RIGHT (1) + CLOSURE DEVICE (1) + LIQUIBAND FIX8 טאקר דבק (1) + אטם סיליקון 5 מ""מ לטרוקר YP PL (1) + טרוקר אקסל ללא סכין 11 B11LT (1)",3,6061.6042,דני רוזין,2020.5347333333332,6
"3DMAX LARGE 10.8X16-LEFT (1) + 3DMAX LARGE 10.8X16-RIGHT (1) + CLOSURE DEVICE (1) + LIQUIBAND FIX8 טאקר דבק (1) + אטם סיליקון 5 מ""מ לטרוקר YP PL (1) + טרוקר אקסל ללא סכין 11 B11LT (1) + מספריים לאפ (1)",3,6054.1034,דני רוזין,2018.0344666666667,7
MICROVAL 14X10-LEFT (1) + MICROVAL 14X10-RIGHT (1) + בלון אמצעי T10SB (1) + בלון דו צדדי PDBS2 (1) + טאקר-10 סיכות MICROVAL (1) + טרוקר ללא סכין 5 NB5STF (1) + מספריים לאפ (1) + סקשן איריגיישיין 5 (1),3,7431.6548,"גד לוטן, לב איטין",2477.2182666666668,8
MICROVAL 14X10-LEFT (1) + MICROVAL 14X10-RIGHT (1) + בלון אמצעי T10SB (1) + בלון דו צדדי PDBS2 (1) + טאקר-10 סיכות MICROVAL (1) + טרוקר אקסל OPTI-סכין-5X100 (1),3,7196.7429,"עופר לנדאו, רון גרינברג",2398.9143,6
CAPSURE טאקר 30 (1) + PROGRIP ANTMCL 15X10CM-LEFT (1) + PROGRIP ANTMCL 15X10CM-RIGHT (1) + אנדו קליפ 5 EL5ML (1) + בלון אמצעי T10SB (1) + בלון דו צדדי PDBS2 (1),3,12979.426200000002,דמיטרי גולדשטיין,4326.4754,6
CAPSURE טאקר 30 (1) + PROGRIP ANTMCL 15X10CM-LEFT (1) + PROGRIP ANTMCL 15X10CM-RIGHT (1) + בלון אמצעי T10SB (1) + בלון דו צדדי PDBS2 (1),3,10713.985400000001,"דמיטרי גולדשטיין, מוריס בטומסקי",3571.3284666666673,5
CAPSURE טאקר 30 (1) + DEXTILE LEFT ANT. MESH 15X10CM (1) + DEXTILE RIGHT ANT. MESH 15X10C (1) + בלון אמצעי T10SB (1) + בלון דו צדדי PDBS2 (1) + טרוקר ללא סכין 5 NB5STF (1),3,7879.1281,אליעד קרין,2626.3760333333335,6
3DMAX LARGE 10.8X16-LEFT (1) + 3DMAX LARGE 10.8X16-RIGHT (1) + SURGICEL SNOW 5CMX10CM (1) + אנדו קליפ 5 EL5ML (1) + בלון אמצעי T10SB (1) + בלון דו צדדי PDBS2 (1) + טאקר נספג-12 סיכות-ETHICON (1),3,11776.3193,מרדכי שמעונוב,3925.4397666666664,7
3DMAX LARGE 10.8X16-LEFT (1) + 3DMAX LARGE 10.8X16-RIGHT (1) + SOL. SEPTAL SCRUB 500ML (1) + SOL. SEPTOL 500ML (1) + בלון אמצעי T10SB (1) + בלון דו צדדי PDBS2 (1) + טאקר נספג - 15 סיכות (1),3,7272.3397,ראובן אליגר,2424.1132333333335,7
DYNAMESH ENDOLAP 3D 10*15CM (1) + LIQUIBAND FIX8 טאקר דבק (1) + בלון אמצעי T10SB (1) + בלון דו צדדי PDBS2 (1) + טאקר נספג - 15 סיכות (1) + טרוקר ללא סכין 5 NB5STF (1) + סקשן איריגיישיין 5 (1),3,9233.1435,"גילבר אוחנה, ידידיה מלכי",3077.7145,7
DYNAMESH ENDOLAP 3D 10*15CM (1) + אנדו קליפ 5 176630 (1) + בלון אמצעי T10SB (1) + בלון דו צדדי PDBS2 (1) + טאקר נספג - 15 סיכות (1) + טרוקר ללא סכין 5 NB5STF (1),3,8377.927800000001,"גילבר אוחנה, ידידיה מלכי",2792.6426000000006,6
DYNAMESH ENDOLAP 3D 10*15CM (1) + LIQUIBAND FIX8 טאקר דבק (1) + בלון אמצעי T10SB (1) + בלון דו צדדי PDBS2 (1) + טרוקר ללא סכין 5 NB5STF (1) + סקשן איריגיישיין 5 (1),3,6841.2854,"גילבר אוחנה, ידידיה מלכי",2280.4284666666667,6
DYNAMESH ENDOLAP 3D 10*15CM (1) + LIQUIBAND FIX8 טאקר דבק (1) + אנדו קלינצ 5 מ''מ (1) + בלון אמצעי T10SB (1) + בלון דו צדדי PDBS2 (1) + טרוקר ללא סכין 5 NB5STF (1),3,6665.49,ירון מינץ,2221.83,6
DYNAMESH ENDOLAP 3D 10*15CM (1) + טאקר-10 סיכות MICROVAL (1) + טרוקר אקסל עם סכין 10-11 D11LT (1),3,3457.41,"איתי זוארץ, ארז ירדן",1152.47,3
DYNAMESH ENDOLAP 3D 10*15CM (1) + טאקר-10 סיכות MICROVAL (1) + טרוקר אקסל ללא סכין 11 B11LT (1),3,3457.41,"איתי זוארץ, ארז ירדן",1152.47,3
DYNAMESH ENDOLAP 3D 10*15CM (1) + אנדו קליפ 5 176630 (1) + בלון אמצעי T10SB (1) + בלון דו צדדי PDBS2 (1) + טאקר נספג - 15 סיכות (1) + טרוקר ללא סכין 5 NB5STF (1) + מספריים לאפ (1) + סקשן איריגיישיין 5 (1),3,8551.6032,גילבר אוחנה,2850.5344,8
3DMAX LARGE 10.8X16-LEFT (1) + 3DMAX LARGE 10.8X16-RIGHT (1) + LIQUIBAND FIX8 טאקר דבק (1) + בלון אמצעי T10SB (1) + בלון דו צדדי PDBS2 (1) + טרוקר ללא סכין 5 NB5STF (1) + מספריים לאפ (1) + סקשן איריגיישיין 5 (1),3,8278.0597,"איאן וייט, הראל יעקבי",2759.3532333333333,8
"3DMAX LARGE 10.8X16-LEFT (1) + 3DMAX LARGE 10.8X16-RIGHT (1) + LIQUIBAND FIX8 טאקר דבק (1) + אטם סיליקון 5 מ""מ לטרוקר YP PL (1) + אנדו קליפ 5 EL5ML (1) + טרוקר אקסל ללא סכין 11 B11LT (1) + מספריים לאפ (1)",3,8346.4026,דני רוזין,2782.1342,7
DYNAMESH ENDOLAP 3D 10*15CM (1) + בלון אמצעי T10SB (1) + בלון דו צדדי PDBS2 (1) + טאקר נספג-12 סיכות-ETHICON (1) + טרוקר CFF03 - 5X100 (1) + שרוול לטרוקר 5 - CFS02 (1),3,7643.2148,אליעזר אבינוח,2547.7382666666667,6
DEXTILE LEFT ANT. MESH 15X10CM (1) + DEXTILE RIGHT ANT. MESH 15X10C (1) + טאקר נספג - 15 סיכות (1) + שרוול אקסל 10-11  CB11LT (1),3,4905.0,ארז ירדן,1635.0,4
3DMAX LARGE 10.8X16-LEFT (1) + 3DMAX LARGE 10.8X16-RIGHT (1) + אנדו קלינצ' 5 174317 (1) + טאקר נספג-12 סיכות-ETHICON (1) + שרוול אקסל 10-11  CB11LT (1),3,6924.3396,"אלברט סטפנסקי, יבגני קרסיק",2308.1132000000002,5
MICROVAL 14X10-RIGHT (1) + MICROVAL 16X11-LEFT (1) + טאקר-10 סיכות MICROVAL (1) + טרוקר אקסל ללא סכין 11 B11LT (1) + טרוקר ללא סכין 5 NB5STF (1),3,5355.3238,עמיר סולד,1785.1079333333334,5
PROGRIP FLAT SHEET MESH 15X10 (1) + טרוקר אקסל OPTI-סכין-5X100 (1) + טרוקר אקסל עם סכין 10-11 D11LT (1) + שרוול אקסל 10-11  CB11LT (1),2,2234.9,אופיר בן ישי,1117.45,4
"PROGRIP FLAT SHEET MESH 15X10 (1) + טרוקר CFF03 - 5X100 (1) + טרוקר אקסל ללא סכין 11 B11LT (1) + כיסוי מצלמה לפרסקופית (1) + מזרק 20 מ""ל (1) + סטרי-סטריפ 1/2 (1) + פלטה דיאט. ללא כבל-מבוגר (1) + שרוול לטרוקר 5 - CFS02 (1)",2,2263.2822,סרגיי דומצ'יק,1131.6411,8
PROGRIP FLAT SHEET MESH 15X10 (1) + טאקר נספג-25 סיכות-ETHICON (1) + טרוקר אקסל OPTI-5X100 (1) + טרוקר אקסל ללא סכין 11 B11LT (1),2,4847.6,אליאס מנסא,2423.8,4
PROGRIP FLAT SHEET MESH 15X10 (1) + אנדו קליפ 5 EL5ML (1) + טרוקר אקסל OPTI-12X100 (1) + טרוקר אקסל OPTI-5X100 (1) + שרוול אקסל OPTI-5X100 (1),2,3759.8669,"ואיל חורי, פורת סוייד",1879.93345,5
טרוקר אקסל OPTI-5X100 (1) + שרוול אקסל OPTI-5X100 (1),2,300.0,חגי קמר,150.0,2
VERSATEX MONO.MESH-VTX1515 (1) + בלון להרניה עגול - SMBTTRNDX (1) + טאקר נספג - 15 סיכות (1),2,3530.2334,מאדי חוסאם,1765.1167,3
MICROVAL 14X10-LEFT (1) + MICROVAL 16X11-RIGHT (1) + טאקר-10 סיכות MICROVAL (1) + טרוקר אקסל ללא סכין 11 B11LT (1) + טרוקר ללא סכין 5 NB5STF (1),2,3554.5476,עמיר סולד,1777.2738,5
MICROVAL 16X11-LEFT (1) + MICROVAL 16X11-RIGHT (1) + VERSAONE BLADED TROCAR WITH FI (1) + טאקר נספג - 15 סיכות (1) + טרוקר אקסל ללא סכין 11 B11LT (1),2,3941.0576,עזרא עוז יקיר,1970.5288,5
MICROVAL 16X11-LEFT (1) + MICROVAL 16X11-RIGHT (1) + אנדו קליפ 5 176630 (1) + טאקר נספג - 15 סיכות (1) + טרוקר אקסל ללא סכין 11 B11LT (1) + טרוקר ללא סכין 5 NB5STF (1) + מספריים לאפ (1),2,5488.7028,עזרא עוז יקיר,2744.3514,7
MICROVAL 16X11-LEFT (1) + MICROVAL 16X11-RIGHT (1) + טאקר נספג - 15 סיכות (1) + טרוקר אקסל ללא סכין 11 B11LT (1) + טרוקר ללא סכין 5 NB5STF (1),2,3609.25,עזרא עוז יקיר,1804.625,5
MICROVAL 16X11-LEFT (1) + MICROVAL 16X11-RIGHT (1) + אנדו קליפ 5 176630 (1) + טאקר נספג - 15 סיכות (1) + טרוקר אקסל ללא סכין 11 B11LT (1) + טרוקר ללא סכין 5 NB5STF (1) + סקשן איריגיישיין 5 (1),2,5443.4679,עזרא עוז יקיר,2721.73395,7
"MICROVAL 16X11-LEFT (1) + MICROVAL 16X11-RIGHT (1) + MICROVAL 7.5 X 15CM (1) + בלון אמצעי T10SB (1) + בלון דו צדדי PDBS2 (1) + טאקר נספג-12 סיכות-ETHICON (1) + טרוקר אקסל OPTI-סכין-5X100 (1) + טרוקר אקסל עם סכין 10-11 D11LT (1) + מספריים מונופולר 5 מ""מ (1)",2,6561.6478,סרחיו סוסמיליאן,3280.8239,9
PROGRIP ANTMCL 15X10CM-LEFT (1) + PROGRIP ANTMCL 15X10CM-RIGHT (1) + PROGRIP FLAT SHEET MESH 15X10 (1) + אנדו קליפ 5 EL5ML (1) + בלון אמצעי T10SB (1) + בלון דו צדדי PDBS2 (1) + טרוקר ללא סכין 5 NB5STF (1) + סקשן איריגיישיין 5 (1),2,8545.3336,אלחנדרו מורנינקס,4272.6668,8
MICROVAL 16X11-LEFT (1) + MICROVAL 16X11-RIGHT (1) + טאקר-10 סיכות MICROVAL (1) + טרוקר אקסל ללא סכין 11 B11LT (1) + טרוקר ללא סכין 5 NB5STF (1) + סטרי -דרפ 1050 (1),2,3531.6578,עמיר סולד,1765.8289,6
MICROVAL 16X11-LEFT (1) + MICROVAL 16X11-RIGHT (1) + טאקר נספג - 15 סיכות (1) + טרוקר אקסל ללא סכין 11 B11LT (1) + טרוקר ללא סכין 5 NB5STF (1) + מספריים לאפ (1) + סקשן איריגיישיין 5 (1),2,4064.366,עזרא עוז יקיר,2032.183,7
PROGRIP ANTMCL 15X10CM-LEFT (1) + PROGRIP ANTMCL 15X10CM-RIGHT (1) + אנדו קליפ 5 EL5ML (1) + בלון אמצעי T10SB (1) + בלון דו צדדי PDBS2 (1) + טרוקר ללא סכין 5 NB5STF (1) + סקשן איריגיישיין 5 (1),2,6762.9864,אלחנדרו מורנינקס,3381.4932,7
PROGRIP ANTMCL 15X10CM-LEFT (1) + PROGRIP ANTMCL 15X10CM-RIGHT (1) + בלון אמצעי T10SB (1) + בלון דו צדדי PDBS2 (1) + טרוקר CFF03 - 5X100 (1) + טרוקר אקסל OPTI-סכין-5X100 (1) + שרוול אקסל OPTI-5X100 (1) + שרוול לטרוקר 5 - CFS02 (1),2,5572.456700000001,"אלכסנדר וחרושב, אמנון אבנת",2786.2283500000003,8
PROGRIP ANTMCL 15X10CM-LEFT (1) + PROGRIP ANTMCL 15X10CM-RIGHT (1) + בלון אמצעי T10SB (1) + בלון דו צדדי PDBS2 (1) + טרוקר CFF03 - 5X100 (1) + טרוקר אקסל עם סכין 10-11 D11LT (1) + שרוול לטרוקר 5 - CFS02 (1),2,5428.807200000001,"אמנון אבנת, ניר כהן",2714.4036000000006,7
PROGRIP ANTMCL 15X10CM-LEFT (1) + PROGRIP ANTMCL 15X10CM-RIGHT (1) + בלון אמצעי T10SB (1) + בלון דו צדדי PDBS2 (1) + טרוקר ללא סכין 5 NB5STF (1) + סקשן איריגיישיין 5 (1),2,5235.469,אלחנדרו מורנינקס,2617.7345,6
PROGRIP ANTMCL 15X10CM-LEFT (1) + PROGRIP ANTMCL 15X10CM-RIGHT (1) + בלון דו צדדי PDBS2 (1) + טרוקר CFF03 - 5X100 (1) + שרוול לטרוקר 5 - CFS02 (1),2,4464.9072,אמנון אבנת,2232.4536,5
"PROGRIP ANTMCL 15X10CM-LEFT (1) + PROGRIP ANTMCL 15X10CM-RIGHT (1) + בלון אמצעי T10SB (1) + בלון דו צדדי PDBS2 (1) + מספריים מונופולר 5 מ""מ (1)",2,5129.6056,יעקב מינץ,2564.8028,5
3DMAX LARGE 10.8X16-LEFT (1) + 3DMAX LARGE 10.8X16-RIGHT (1) + CAPSURE טאקר 30 (1) + בלון אמצעי T10SB (1) + בלון דו צדדי PDBS2 (1) + טרוקר CFF03 - 5X100 (1) + מספריים לאפ (1) + סקשן איריגיישיין 5 (1) + שרוול לטרוקר 5 - CFS02 (1),2,5854.8896,יוסף בראון,2927.4448,9
"3DMAX LARGE 10.8X16-LEFT (1) + 3DMAX LARGE 10.8X16-RIGHT (1) + CAPSURE טאקר 30 (1) + אנדו קליפ 5 EL5ML (1) + טאקר נספג-12 סיכות-ETHICON (1) + מספריים מונופולר 5 מ""מ (1) + שרוול אקסל 10-11  CB11LT (1)",2,8188.511100000001,ולדימיר גזיאנץ,4094.2555500000003,7
PROGRIP ANTMCL 15X10CM-LEFT (1) + PROGRIP ANTMCL 15X10CM-RIGHT (1) + SURGICEL 10CM * 20CM (1) + אנדו קליפ 5 EL5ML (1) + בלון אמצעי T10SB (1) + בלון דו צדדי PDBS2 (1) + טאקר נספג-12 סיכות-ETHICON (1) + טרוקר ללא סכין 5 NB5STF (1) + סקשן איריגיישיין 5 (1),2,9357.2444,אלחנדרו מורנינקס,4678.6222,9
PROGRIP ANTMCL 15X10CM-LEFT (1) + PROGRIP ANTMCL 15X10CM-RIGHT (1) + SURGICEL SNOW 5CMX10CM (1) + בלון אמצעי T10SB (1) + בלון דו צדדי PDBS2 (1),2,5515.700000000001,יעקב מינץ,2757.8500000000004,5
3DMAX LARGE 10.8X16-LEFT (1) + 3DMAX LARGE 10.8X16-RIGHT (1) + CAPSURE טאקר 30 (1) + טרוקר חסן 12 H12LP (1),2,4123.807,"ברק בר זכאי, יניב ברגר",2061.9035,4
PROGRIP ANTMCL 15X10CM-LEFT (1) + PROGRIP ANTMCL 15X10CM-RIGHT (1) + אנדו קליפ 5 EL5ML (1) + בלון אמצעי T10SB (1) + בלון דו צדדי PDBS2 (1) + טרוקר ללא סכין 5 NB5STF (1) + מספריים לאפ (1) + סקשן איריגיישיין 5 (1),2,6766.205400000001,אלחנדרו מורנינקס,3383.1027000000004,8
MICROVAL 16X11-LEFT (1) + MICROVAL 16X11-RIGHT (1) + טאקר-10 סיכות MICROVAL (1) + טרוקר אקסל ללא סכין 11 B11LT (1) + טרוקר ללא סכין 5 NB5STF (1) + סקשן איריגיישיין 5 (1),2,3708.9101,"עזרא עוז יקיר, עמיר סולד",1854.45505,6
PROGRIP FLAT SHEET MESH 15X10 (1) + אנדו קליפ 5 EL5ML (1) + בלון אמצעי T10SB (1) + בלון דו צדדי PDBS2 (1) + טרוקר CFF03 - 5X100 (1) + טרוקר אקסל עם סכין 10-11 D11LT (1) + שרוול לטרוקר 5 - CFS02 (1),2,5153.6089,עבד על רחמן אבו גנים,2576.80445,7
PROGRIP FLAT SHEET MESH 15X10 (1) + V-LOC 3/0 R.B.26-VLOCL0604 (1) + טרוקר אקסל OPTI-סכין-5X100 (1) + טרוקר אקסל עם סכין 10-11 D11LT (1) + שרוול אקסל 10-11  CB11LT (1),2,2400.0133,אופיר בן ישי,1200.00665,5
PROGRIP FLAT SHEET MESH 15X10 (1) + V-LOC 3/0 R.B.26-VLOCL0604 (1) + טרוקר אקסל OPTI-5X100 (1) + טרוקר אקסל ללא סכין 11 B11LT (1) + שרוול אקסל 10-11  CB11LT (1),2,2386.96,"אופיר בן ישי, באסל חאג'",1193.48,5
MICROVAL 14X10-LEFT (1) + MICROVAL 14X10-RIGHT (1) + אנדו קליפ 5 176630 (1) + בלון אמצעי T10SB (1) + בלון דו צדדי PDBS2 (1) + טאקר-10 סיכות MICROVAL (1) + טרוקר אקסל OPTI-סכין-5X100 (1) + מספריים לאפ (1) + סקשן איריגיישיין 5 (1) + שרוול אקסל OPTI-5X100 (1),2,6645.3579,עופר לנדאו,3322.67895,10
MICROVAL 14X10-LEFT (1) + MICROVAL 14X10-RIGHT (1) + אנדו קליפ 5 176630 (1) + בלון אמצעי T10SB (1) + בלון דו צדדי PDBS2 (1) + טאקר-10 סיכות MICROVAL (1) + טרוקר אקסל OPTI-סכין-5X100 (1) + מספריים לאפ (1) + שרוול אקסל OPTI-5X100 (1),2,6521.6463,עופר לנדאו,3260.82315,9
MICROVAL 14X10-LEFT (1) + MICROVAL 14X10-RIGHT (1) + אנדו קליפ 5 176630 (1) + בלון אמצעי T10SB (1) + בלון דו צדדי PDBS2 (1) + טאקר-10 סיכות MICROVAL (1) + טרוקר אקסל OPTI-סכין-5X100 (1) + סקשן איריגיישיין 5 (1) + שרוול אקסל OPTI-5X100 (1),2,6641.0815999999995,עופר לנדאו,3320.5407999999998,9
MICROVAL 14X10-LEFT (1) + MICROVAL 14X10-RIGHT (1) + אנדו קליפ 5 EL5ML (1) + בלון אמצעי T10SB (1) + בלון דו צדדי PDBS2 (1) + טאקר-10 סיכות MICROVAL (1) + טרוקר ללא סכין 5 NB5STF (1) + מספריים לאפ (1),2,6360.9632,"לב איטין, עופר לנדאו",3180.4816,8
MICROVAL 14X10-LEFT (1) + MICROVAL 14X10-RIGHT (1) + בלון אמצעי T10SB (1) + בלון דו צדדי PDBS2 (1) + טאקר-10 סיכות MICROVAL (1),2,4672.6678,רון גרינברג,2336.3339,5
"3DMAX LARGE 10.8X16-LEFT (1) + 3DMAX LARGE 10.8X16-RIGHT (1) + LIQUIBAND FIX8 טאקר דבק (1) + VENTRALEX MEDIUM - 5950008 (1) + אטם סיליקון 5 מ""מ לטרוקר YP PL (1) + טרוקר חסן 12 H12LP (1)",2,6618.4064,"דני רוזין, ודים מז'יבובסקי",3309.2032,6
MICROVAL 14X10-LEFT (1) + MICROVAL 16X11-RIGHT (1) + אנדו קליפ 5 EL5ML (1) + טאקר-10 סיכות MICROVAL (1) + טרוקר אקסל ללא סכין 11 B11LT (1) + טרוקר ללא סכין 5 NB5STF (1),2,5128.4544000000005,עמיר סולד,2564.2272000000003,6
"DEXTILE LEFT ANT. MESH 15X10CM (1) + DEXTILE RIGHT ANT. MESH 15X10C (1) + אנדו קלינצ 5 מ''מ (1) + אנדו קליפ 5 EL5ML (1) + טאקר נספג-12 סיכות-ETHICON (1) + מספריים מונופולר 5 מ""מ (1) + שרוול אקסל 10-11  CB11LT (1)",2,5867.1738000000005,אלברט סטפנסקי,2933.5869000000002,7
DYNAMESH ENDOLAP 3D 10*15CM (1) + LIQUIBAND FIX8 טאקר דבק (1) + אנדו קליפ 5 176630 (1) + בלון אמצעי T10SB (1) + בלון דו צדדי PDBS2 (1) + טאקר נספג - 15 סיכות (1) + טרוקר ללא סכין 5 NB5STF (1),2,7587.3125,ירון מינץ,3793.65625,7
DYNAMESH ENDOLAP 3D 10*15CM (1) + LIQUIBAND FIX8 טאקר דבק (1) + אנדו קלינצ' 5 174317 (1) + בלון אמצעי T10SB (1) + בלון דו צדדי PDBS2 (1) + טאקר נספג - 15 סיכות (1) + טרוקר ללא סכין 5 NB5STF (1),2,6187.1296999999995,ירון מינץ,3093.5648499999998,7
DYNAMESH ENDOLAP 3D 10*15CM (1) + LIQUIBAND FIX8 טאקר דבק (1) + בלון אמצעי T10SB (1) + בלון דו צדדי PDBS2 (1) + טרוקר ללא סכין 5 NB5STF (1) + מספריים לאפ (1),2,4443.66,גילבר אוחנה,2221.83,6
DYNAMESH ENDOLAP 3D 10*15CM (1) + VENTRALEX SMALL - 5950007 (1) + בלון אמצעי T10SB (1) + בלון דו צדדי PDBS2 (1) + טרוקר אקסל OPTI-סכין-5X100 (1) + שרוול אקסל OPTI-5X100 (1),2,4993.379999999999,בוריס קירשטיין,2496.6899999999996,6
3DMAX LARGE 10.8X16-LEFT (1) + 3DMAX LARGE 10.8X16-RIGHT (1) + LIQUIBAND FIX8 טאקר דבק (1) + טרוקר אקסל OPTI-5X100 (1) + טרוקר אקסל ללא סכין 11 B11LT (1) + שרוול אקסל OPTI-5X100 (1),2,4271.6366,ויאצ'סלב זילברמינץ,2135.8183,6
DYNAMESH ENDOLAP 3D 10*15CM (1) + SOL. SEPTOL 500ML (1) + VENTRALEX SMALL - 5950007 (1) + בלון אמצעי T10SB (1) + בלון דו צדדי PDBS2 (1) + טרוקר אקסל OPTI-סכין-5X100 (1) + שרוול אקסל OPTI-5X100 (1),2,5009.9562,בוריס קירשטיין,2504.9781,7
DYNAMESH ENDOLAP 3D 10*15CM (1) + LIQUIBAND FIX8 טאקר דבק (1) + אנדו קליפ 5 176630 (1) + בלון אמצעי T10SB (1) + בלון דו צדדי PDBS2 (1) + טרוקר ללא סכין 5 NB5STF (1) + מספריים לאפ (1),2,5989.3125,"גילבר אוחנה, ירון מינץ",2994.65625,7
MICROVAL 14X10-LEFT (1) + MICROVAL 14X10-RIGHT (1) + VERSAONE BLADED TROCAR WITH FI (1) + בלון אמצעי T10SB (1) + בלון דו צדדי PDBS2 (1) + טאקר-10 סיכות MICROVAL (1),2,4833.9938,"גד לוטן, עופר לנדאו",2416.9969,6
FILBLOC PDO 2/0 - FS412HHAB (1) + PROGRIP FLAT SHEET MESH 15X10 (1) + טרוקר אקסל OPTI-סכין-5X100 (1) + טרוקר אקסל עם סכין 10-11 D11LT (1) + שרוול אקסל OPTI-5X100 (1),2,2429.0666,סרגיי דומצ'יק,1214.5333,5
LIQUIBAND FIX8 טאקר דבק (1) + MICROVAL 14X10-LEFT (1) + MICROVAL 14X10-RIGHT (1) + בלון אמצעי T10SB (1) + בלון דו צדדי PDBS2 (1) + טאקר-10 סיכות MICROVAL (1) + טרוקר ללא סכין 5 NB5STF (1),2,6834.6878,לב איטין,3417.3439,7
"LIQUIBAND FIX8 טאקר דבק (1) + MICROVAL 14X10-LEFT (1) + MICROVAL 14X10-RIGHT (1) + בלון אמצעי T10SB (1) + בלון דו צדדי PDBS2 (1) + טאקר-10 סיכות MICROVAL (1) + טרוקר ללא סכין 5 NB5STF (1) + מספריים מונופולר 5 מ""מ (1)",2,6954.9964,לב איטין,3477.4982,8
MICROVAL 14X10-LEFT (1) + MICROVAL 14X10-RIGHT (1) + MICROVAL 7.5 X 15CM (1) + בלון אמצעי T10SB (1) + בלון דו צדדי PDBS2 (1) + טאקר נספג-12 סיכות-ETHICON (1) + טרוקר אקסל OPTI-סכין-5X100 (1) + טרוקר אקסל עם סכין 10-11 D11LT (1),2,6399.8458,סרחיו סוסמיליאן,3199.9229,8
"3DMAX LARGE 10.8X16-LEFT (1) + 3DMAX LARGE 10.8X16-RIGHT (1) + LIQUIBAND FIX8 טאקר דבק (1) + אטם סיליקון 5 מ""מ לטרוקר YP PL (1) + אנדו קליפ 5 176630 (1) + טרוקר אקסל ללא סכין 11 B11LT (1)",2,5582.8698,"דני רוזין, ודים מז'יבובסקי",2791.4349,6
"MICROVAL 14X10-LEFT (1) + MICROVAL 14X10-RIGHT (1) + MICROVAL 7.5 X 15CM (1) + בלון אמצעי T10SB (1) + בלון דו צדדי PDBS2 (1) + טאקר נספג-12 סיכות-ETHICON (1) + טרוקר אקסל OPTI-סכין-5X100 (1) + טרוקר אקסל עם סכין 10-11 D11LT (1) + מספריים מונופולר 5 מ""מ (1)",2,6571.9432,סרחיו סוסמיליאן,3285.9716,9
MICROVAL 14X10-LEFT (1) + MICROVAL 14X10-RIGHT (1) + VERSAONE BLADED TROCAR WITH FI (1) + בלון אמצעי T10SB (1) + בלון דו צדדי PDBS2 (1) + טאקר-10 סיכות MICROVAL (1) + סקשן איריגיישיין 5 (1),2,4946.4368,"עופר לנדאו, רון גרינברג",2473.2184,7
"3DMAX LARGE 10.8X16-LEFT (1) + 3DMAX LARGE 10.8X16-RIGHT (1) + LIQUIBAND FIX8 טאקר דבק (1) + אטם סיליקון 5 מ""מ לטרוקר YP PL (1) + אנדו קליפ 5 EL5ML (1) + טרוקר אקסל ללא סכין 11 B11LT (1) + מספריים מונופולר 5 מ""מ (1)",2,5790.1228,"דני רוזין, ודים מז'יבובסקי",2895.0614,7
"MICROVAL 14X10-LEFT (1) + MICROVAL 14X10-RIGHT (1) + אטם סיליקון 5 מ""מ לטרוקר YP PL (1) + בלון אמצעי T10SB (1) + בלון דו צדדי PDBS2 (1) + טאקר-10 סיכות MICROVAL (1)",2,4732.8144,רון גרינברג,2366.4072,6
DYNAMESH ENDOLAP 3D 10*15CM (1) + טאקר-10 סיכות MICROVAL (1) + טרוקר אקסל ללא סכין 11 B11LT (1) + מספריים לאפ (1),2,2306.94,איתי זוארץ,1153.47,4
DYNAMESH ENDOLAP 3D 10*15CM (1) + טרוקר אקסל OPTI-סכין-5X100 (1) + שרוול אקסל OPTI-5X100 (1),2,1187.74,בוריס קירשטיין,593.87,3
"DYNAMESH ENDOLAP 3D 10*15CM (1) + טאקר-10 סיכות MICROVAL (1) + מחט ורז 120 מ""מ - חד פעמי (1) + שרוול אקסל 10-11  CB11LT (1)",2,2345.32,"איתי זוארץ, ארז ירדן",1172.66,4
DYNAMESH ENDOLAP 3D 10*15CM (1) + בלון אמצעי T10SB (1) + בלון דו צדדי PDBS2 (1) + טאקר נספג-25 סיכות-ETHICON (1) + טרוקר CFF03 - 5X100 (1) + שרוול לטרוקר 5 - CFS02 (1),2,5355.4443,"אליעזר אבינוח, אלכסנדר טטרוב",2677.72215,6
DYNAMESH ENDOLAP 3D 10*15CM (1) + בלון אמצעי T10SB (1) + בלון דו צדדי PDBS2 (1) + טרוקר אקסל OPTI-סכין-5X100 (1) + טרוקר אקסל עם סכין 10-11 D11LT (1) + שרוול אקסל OPTI-5X100 (1),2,2729.64,בוריס קירשטיין,1364.82,6
DYNAMESH ENDOLAP 3D 10*15CM (1) + בלון אמצעי T10SB (1) + בלון דו צדדי PDBS2 (1) + טאקר נספג - 15 סיכות (1) + טרוקר ללא סכין 5 NB5STF (1) + מספריים לאפ (1) + סקשן איריגיישיין 5 (1),2,3931.2767999999996,ירון מינץ,1965.6383999999998,7
"DYNAMESH ENDOLAP 3D 10*15CM (1) + בלון אמצעי T10SB (1) + בלון דו צדדי PDBS2 (1) + טאקר נספג - 15 סיכות (1) + מספריים מונופולר 5 מ""מ (1)",2,4041.4744,דרגן קרברושיץ',2020.7372,5
MICROVAL 14X10-LEFT (1) + MICROVAL 14X10-RIGHT (1) + VERSAONE BLADED TROCAR WITH FI (1) + אנדו קליפ 5 EL5ML (1) + בלון אמצעי T10SB (1) + בלון דו צדדי PDBS2 (1) + טאקר-10 סיכות MICROVAL (1),2,6364.859,עופר לנדאו,3182.4295,7
DEXTILE LEFT ANT. MESH 15X10CM (1) + DEXTILE RIGHT ANT. MESH 15X10C (1) + אנדו קליפ 5 176630 (1) + בלון אמצעי T10SB (1) + בלון דו צדדי PDBS2 (1) + טאקר נספג-12 סיכות-ETHICON (1) + טרוקר ללא סכין 5 NB5STF (1),2,7119.8598,ערן נזרי,3559.9299,7
DEXTILE LEFT ANT. MESH 15X10CM (1) + DEXTILE RIGHT ANT. MESH 15X10C (1) + בלון אמצעי T10SB (1) + בלון דו צדדי PDBS2 (1) + טאקר נספג-12 סיכות-ETHICON (1) + טרוקר CFF03 - 5X100 (1) + שרוול לטרוקר 5 - CFS02 (1),2,5716.042,אלכסנדר טטרוב,2858.021,7
DEXTILE LEFT ANT. MESH 15X10CM (1) + DEXTILE RIGHT ANT. MESH 15X10C (1) + טאקר-10 סיכות MICROVAL (1) + טרוקר ללא סכין 5 NB5STF (1) + סקשן איריגיישיין 5 (1) + שרוול אקסל 10-11  CB11LT (1),2,3213.522,בנימין רסקין,1606.761,6
DEXTILE LEFT ANT. MESH 16X12CM (1) + DEXTILE RIGHT ANT. MESH 16X12C (1) + אנדו קליפ 5 EL5ML (1) + בלון דו צדדי PDBS2 (1) + שרוול אקסל 10-11  CB11LT (1),2,3772.9638,נתן פולוקשט,1886.4819,5
DYNAMESH ENDOLAP 3D 10*15CM (1) + LIQUIBAND FIX8 טאקר דבק (1) + אנדו קלינצ' 5 174317 (1) + בלון אמצעי T10SB (1) + בלון דו צדדי PDBS2 (1) + טאקר נספג - 15 סיכות (1) + טרוקר ללא סכין 5 NB5STF (1) + סקשן איריגיישיין 5 (1),2,6303.465200000001,ירון מינץ,3151.7326000000003,8
DYNAMESH ENDOLAP 3D 10*15CM (1) + LIQUIBAND FIX8 טאקר דבק (1) + אנדו קלינצ 5 מ''מ (1) + בלון אמצעי T10SB (1) + בלון דו צדדי PDBS2 (1) + טרוקר ללא סכין 5 NB5STF (1) + סקשן איריגיישיין 5 (1),2,4561.1987,"ידידיה מלכי, ירון מינץ",2280.59935,7
DYNAMESH ENDOLAP 3D 10*15CM (1) + LIQUIBAND FIX8 טאקר דבק (1) + SURGICEL 10CM * 20CM (1) + אנדו קליפ 5 176630 (1) + בלון אמצעי T10SB (1) + בלון דו צדדי PDBS2 (1) + טרוקר ללא סכין 5 NB5STF (1) + מספריים לאפ (1) + סקשן איריגיישיין 5 (1),2,6195.0261,"גילבר אוחנה, ידידיה מלכי",3097.51305,9
3DMAX MEDIUM 8.5X13.7-LEFT (1) + 3DMAX MEDIUM 8.5X13.7-RIGHT (1) + בלון אמצעי T10SB (1) + בלון דו צדדי PDBS2 (1) + טאקר נספג-25 סיכות-ETHICON (1) + טרוקר ללא סכין 5 NB5STF (1) + מספריים לאפ (1) + סקשן איריגיישיין 5 (1),2,5967.6126,משה גיפס,2983.8063,8
3DMAX LARGE 10.8X16-LEFT (1) + 3DMAX LARGE 10.8X16-RIGHT (1) + ULTRAPRO ADVANCED MESH 6*12CM (1) + בלון אמצעי T10SB (1) + בלון דו צדדי PDBS2 (1) + טאקר נספג - 15 סיכות (1) + טרוקר אקסל OPTI-סכין-5X100 (1) + טרוקר אקסל עם סכין 10-11 D11LT (1),2,5579.8326,אולג פונומרנקו,2789.9163,8
3DMAX LARGE 10.8X16-LEFT (1) + 3DMAX LARGE 10.8X16-RIGHT (1) + SYMBOTEX.COM.MESH 12CM-RAUND (1) + אנדו קליפ 5 EL5ML (1) + בלון אמצעי T10SB (1) + בלון דו צדדי PDBS2 (1) + טאקר נספג-12 סיכות-ETHICON (1),2,9801.4763,אילן בן זאב,4900.73815,7
3DMAX LARGE 10.8X16-LEFT (1) + 3DMAX LARGE 10.8X16-RIGHT (1) + ULTRAPRO ADVANCED MESH 6*12CM (1) + אנדו קליפ 5 EL5ML (1) + בלון אמצעי T10SB (1) + בלון דו צדדי PDBS2 (1) + טאקר נספג - 15 סיכות (1) + טרוקר אקסל OPTI-סכין-5X100 (1) + טרוקר אקסל עם סכין 10-11 D11LT (1),2,7193.5385,אולג פונומרנקו,3596.76925,9
CAPSURE טאקר 30 (1) + DYNAMESH ENDOLAP 3D 10*15CM (1) + בלון אמצעי T10SB (1) + בלון דו צדדי PDBS2 (1) + טרוקר ללא סכין 5 NB5STF (1),2,4571.183499999999,"חנוך קשתן, פיוטר לנגר",2285.5917499999996,5
"CAPSURE טאקר 30 (1) + DEXTILE LEFT ANT. MESH 15X10CM (1) + DEXTILE RIGHT ANT. MESH 15X10C (1) + VERSAONE BLADED TROCAR WITH FI (1) + בלון אמצעי T10SB (1) + בלון דו צדדי PDBS2 (1) + מספריים מונופולר 5 מ""מ (1) + סקשן איריגיישיין 5 (1)",2,5637.7292,אליעד קרין,2818.8646,8
3DMAX LARGE 10.8X16-LEFT (1) + 3DMAX LARGE 10.8X16-RIGHT (1) + SURGICEL SNOW 5CMX10CM (1) + בלון אמצעי T10SB (1) + בלון דו צדדי PDBS2 (1) + טאקר נספג-12 סיכות-ETHICON (1),2,6267.8166,"אילן בן זאב, ויטלי סקלרבסקי",3133.9083,6
3DMAX LIGHT 10X 16CM - RIGHT (1) + 3DMAX LIGHT 10X16CM - LEFT (1) + טאקר נספג-25 סיכות-ETHICON (1) + טרוקר אקסל OPTI-5X100 (1) + טרוקר אקסל ללא סכין 11 B11LT (1),2,5030.686,אחמד עסליה,2515.343,5
3DMAX LARGE 10.8X16-LEFT (1) + 3DMAX LARGE 10.8X16-RIGHT (1) + טאקר-10 סיכות MICROVAL (1) + טרוקר אקסל OPTI-5X100 (1) + טרוקר אקסל ללא סכין 11 B11LT (1) + מספריים לאפ (1) + שרוול אקסל OPTI-5X100 (1),2,3557.4586,"עמיר בן יהודה שלו, שי אלדר",1778.7293,7
"3DMAX LARGE 10.8X16-LEFT (1) + 3DMAX LARGE 10.8X16-RIGHT (1) + טאקר-10 סיכות MICROVAL (1) + טרוקר אקסל OPTI-5X100 (1) + טרוקר אקסל ללא סכין 11 B11LT (1) + מספריים מונופולר 5 מ""מ (1) + שרוול אקסל OPTI-5X100 (1)",2,3699.3764,עמיר בן יהודה שלו,1849.6882,7
"3DMAX LARGE 10.8X16-LEFT (1) + 3DMAX LARGE 10.8X16-RIGHT (1) + טאקר-10 סיכות MICROVAL (1) + טרוקר אקסל ללא סכין 11 B11LT (1) + טרוקר ללא סכין 5 NB5STF (1) + מספריים מונופולר 5 מ""מ (1)",2,3484.2432,עזרא עוז יקיר,1742.1216,6
3DMAX LARGE 10.8X16-LEFT (1) + 3DMAX LARGE 10.8X16-RIGHT (1) + טאקר-10 סיכות MICROVAL (1) + טרוקר אקסל ללא סכין 11 B11LT (1) + טרוקר ללא סכין 5 NB5STF (1) + מספריים לאפ (1) + סקשן איריגיישיין 5 (1),2,3442.7982,עזרא עוז יקיר,1721.3991,7
3DMAX LIGHT 10X 16CM - RIGHT (1) + 3DMAX LIGHT 10X16CM - LEFT (1) + CAPSURE טאקר 30 (1) + בלון אמצעי T10SB (1) + בלון דו צדדי PDBS2 (1) + טרוקר אקסל OPTI-5X100 (1) + שרוול אקסל OPTI-5X100 (1),2,5828.3544,אנדרי קידר,2914.1772,7
3DMAX LIGHT 10X 16CM - RIGHT (1) + 3DMAX LIGHT 10X16CM - LEFT (1) + LIQUIBAND FIX8 טאקר דבק (1) + בלון אמצעי T10SB (1) + בלון דו צדדי PDBS2 (1) + טרוקר ללא סכין 5 NB5STF (1),2,5555.5858,גילבר אוחנה,2777.7929,6
3DMAX LARGE 10.8X16-LEFT (1) + 3DMAX LARGE 10.8X16-RIGHT (1) + VENTRALEX SMALL - 5950007 (1) + בלון להרניה עגול - SMBTTRNDX (1) + טאקר נטען-20 סיכות MICROVAL (1),2,7453.8089,אולג דוחנו,3726.90445,5
3DMAX LARGE 10.8X16-LEFT (1) + 3DMAX LARGE 10.8X16-RIGHT (1) + טאקר נספג-25 סיכות-ETHICON (1) + טרוקר אקסל OPTI-5X100 (1) + טרוקר אקסל ללא סכין 11 B11LT (1),2,4867.6624,אלכסנדר בקר,2433.8312,5
3DMAX LARGE 10.8X16-LEFT (1) + 3DMAX LARGE 10.8X16-RIGHT (1) + בלון אמצעי T10SB (1) + בלון דו צדדי PDBS2 (1) + טאקר נטען-20 סיכות MICROVAL (1) + טרוקר CFF03 - 5X100 (1) + מספריים לאפ (1) + סקשן איריגיישיין 5 (1) + שרוול לטרוקר 5 - CFS02 (1),2,5374.4769,מאיר זמל,2687.23845,9
"3DMAX LARGE 10.8X16-LEFT (1) + 3DMAX LARGE 10.8X16-RIGHT (1) + בלון אמצעי T10SB (1) + בלון דו צדדי PDBS2 (1) + טאקר נספג-12 סיכות-ETHICON (1) + כיסוי מצלמה לפרסקופית (1) + מזרק 20 מ""ל (1) + סטרי-סטריפ 1/2 (1) + פלטה דיאט. ללא כבל-מבוגר (1)",2,5787.5586,"אברהם רשף, מרום שראלי",2893.7793,9
3DMAX LARGE 10.8X16-LEFT (1) + 3DMAX LARGE 10.8X16-RIGHT (1) + בלון אמצעי T10SB (1) + בלון דו צדדי PDBS2 (1) + טאקר נספג-25 סיכות-ETHICON (1) + טרוקר CFF03 - 5X100 (1) + שרוול לטרוקר 5 - CFS02 (1),2,6287.8734,אברהם רשף,3143.9367,7
3DMAX LARGE 10.8X16-LEFT (1) + 3DMAX LARGE 10.8X16-RIGHT (1) + טאקר נספג-12 סיכות-ETHICON (1),2,4277.3706,"ויטלי סקלרבסקי, מרדכי שמעונוב",2138.6853,3
3DMAX LARGE 10.8X16-LEFT (1) + 3DMAX LARGE 10.8X16-RIGHT (1) + אנדו קלינצ' 5 174317 (1) + אנדו קליפ 5 EL5ML (1) + טאקר נספג-12 סיכות-ETHICON (1) + שרוול אקסל 10-11  CB11LT (1),2,6136.0932,יבגני קרסיק,3068.0466,6
"3DMAX LARGE 10.8X16-LEFT (1) + 3DMAX LARGE 10.8X16-RIGHT (1) + אנדו קלינצ' 5 174317 (1) + טאקר נספג-12 סיכות-ETHICON (1) + מספריים מונופולר 5 מ""מ (1) + שרוול אקסל 10-11  CB11LT (1)",2,4770.6528,"אלברט סטפנסקי, יבגני קרסיק",2385.3264,6
3DMAX LARGE 10.8X16-LEFT (1) + 3DMAX LARGE 10.8X16-RIGHT (1) + אנדו קליפ 5 EL5ML (1) + בלון דו צדדי PDBS2 (1) + טאקר נספג-25 סיכות-ETHICON (1) + טרוקר אקסל ללא סכין 11 B11LT (1) + טרוקר ללא סכין 5 NB5STF (1) + מספריים לאפ (1),2,6927.4961,דוד חזן,3463.74805,8
ULTRAPRO ADVANCED MESH 10*15CM (1) + אנדו קליפ 5 176630 (1) + בלון אמצעי T10SB (1) + בלון דו צדדי PDBS2 (1) + טאקר נספג-12 סיכות-ETHICON (1) + טרוקר ללא סכין 5 NB5STF (1),2,6282.942000000001,ערן נזרי,3141.4710000000005,6
"""L"" HOOK ELECTRODE 5X32CM (1) + 3DMAX LIGHT 8X 3CM - LEFT (1) + 3DMAX LIGHT 8X13CM - RIGHT (1) + בלון להרניה עגול - SMBTTRNDX (1) + טאקר נספג-25 סיכות-ETHICON (1) + סקשן איריגיישיין 5 (1)",1,3115.8269,אריה איתן,3115.8269,6
3DMAX EX.LARGE 12X17-LEFT (1) + 3DMAX EX.LARGE 12X17-RIGHT (1) + אנדו קלינצ 5 מ''מ (1) + אנדו קליפ 5 EL5ML (1) + בלון דו צדדי PDBS2 (1) + טרוקר אקסל OPTI-12X100 (1) + טרוקר אקסל OPTI-סכין-5X100 (1) + שרוול אקסל OPTI-5X100 (1),1,2353.2691,נתן פולוקשט,2353.2691,8
3DMAX EX.LARGE 12X17-LEFT (1) + 3DMAX EX.LARGE 12X17-RIGHT (1) + אנדו קלינצ' 5 174317 (1) + אנדו קליפ 5 EL5ML (1) + בלון דו צדדי PDBS2 (1) + שרוול אקסל OPTI-12X100 (1),1,2197.3909,נתן פולוקשט,2197.3909,6
3DMAX EX.LARGE 12X17-LEFT (1) + 3DMAX EX.LARGE 12X17-RIGHT (1) + בלון דו צדדי PDBS2 (1) + בלון חד צדדי PDB1000 (1) + שרוול אקסל 10-11  CB11LT (1),1,1905.2062999999998,נתן פולוקשט,1905.2062999999998,5
3DMAX EX.LARGE 12X17-LEFT (1) + 3DMAX EX.LARGE 12X17-RIGHT (1) + בלון דו צדדי PDBS2 (1) + שרוול אקסל 10-11  CB11LT (1),1,1439.7869999999998,נתן פולוקשט,1439.7869999999998,4
3DMAX EX.LARGE 12X17-LEFT (1) + 3DMAX EX.LARGE 12X17-RIGHT (1) + טאקר-10 סיכות MICROVAL (1) + טרוקר אקסל ללא סכין 11 B11LT (1) + טרוקר ללא סכין 5 NB5STF (1),1,1818.5388,עזרא עוז יקיר,1818.5388,5
PROGRIP FLAT SHEET MESH 16X12 (1) + VENTRALEX SMALL - 5950007 (1) + אנדו קליפ 10 176625 (1) + בלון אמצעי T10SB (1) + בלון דו צדדי PDBS2 (1) + בלון חד צדדי PDB1000 (1) + טרוקר אקסל OPTI-סכין-5X100 (1) + טרוקר אקסל עם סכין 10-11 D11LT (1),1,4004.9637000000002,חי בן רוחי,4004.9637000000002,8
"PROGRIP FLAT SHEET MESH 16X12 (1) + V-LOC 3/0 R.B.26-VLOCM0604 (1) + טרוקר אקסל OPTI-סכין-5X100 (1) + טרוקר אקסל עם סכין 10-11 D11LT (1) + מספריים מונופולר 5 מ""מ (1) + שרוול אקסל OPTI-5X100 (1)",1,1287.4505,שמעון ספוז'ניקוב,1287.4505,6
PROGRIP FLAT SHEET MESH 16X12 (1) + SURGICEL 10CM * 20CM (1) + אנדו קליפ 10 176625 (1) + בלון אמצעי T10SB (1) + בלון דו צדדי PDBS2 (1) + טרוקר אקסל OPTI-סכין-5X100 (1) + טרוקר אקסל עם סכין 10-11 D11LT (1) + מספריים לאפ (1) + סקשן איריגיישיין 5 (1),1,2454.4572,חי בן רוחי,2454.4572,9
3DMAX LARGE 10.8X16-LEFT (1) + 3DMAX LARGE 10.8X16-RIGHT (1) + CAPSURE טאקר 30 (1) + אנדו קליפ 5 176630 (1) + בלון אמצעי T10SB (1) + בלון דו צדדי PDBS2 (1) + טרוקר CFF03 - 5X100 (1) + מספריים לאפ (1) + סקשן איריגיישיין 5 (1) + שרוול לטרוקר 5 - CFS02 (1),1,3700.2673999999997,יוסף בראון,3700.2673999999997,10
3DMAX LARGE 10.8X16-LEFT (1) + 3DMAX LARGE 10.8X16-RIGHT (1) + CAPSURE טאקר 30 (1) + אנדו קליפ 10 ER-320 (1) + טרוקר אקסל OPTI-5X100 (1) + טרוקר אקסל ללא סכין 11 B11LT (1) + עפרון לדיאטרמיה+פאוצ' קשיח (1) + שרוול אקסל OPTI-5X100 (1),1,2774.265,דביר פרויליך,2774.265,8
"3DMAX LARGE 10.8X16-LEFT (1) + 3DMAX LARGE 10.8X16-RIGHT (1) + CAPSURE טאקר 30 (1) + אנדו קלינצ' 5 174317 (1) + טאקר נספג-12 סיכות-ETHICON (1) + טרוקר אקסל OPTI-סכין-5X100 (1) + מספריים מונופולר 5 מ""מ (1) + שרוול אקסל 10-11  CB11LT (1) + שרוול אקסל OPTI-5X100 (1)",1,3570.7855,ולדימיר גזיאנץ,3570.7855,9
"3DMAX LARGE 10.8X16-LEFT (1) + 3DMAX LARGE 10.8X16-RIGHT (1) + CAPSURE טאקר 30 (1) + אטם סיליקון 5 מ""מ לטרוקר YP PL (1) + טרוקר חסן 12 H12LP (1) + מספריים מונופולר 5 מ""מ (1)",1,2253.8194000000003,ברק בר זכאי,2253.8194000000003,6
"3DMAX LARGE 10.8X16-LEFT (1) + 3DMAX LARGE 10.8X16-RIGHT (1) + CAPSURE טאקר 30 (1) + אטם סיליקון 5 מ""מ לטרוקר YP PL (1) + טרוקר חסן 12 H12LP (1) + מספריים לאפ (1) + סקשן איריגיישיין 5 (1)",1,2190.0249,ברק בר זכאי,2190.0249,7
"3DMAX LARGE 10.8X16-LEFT (1) + 3DMAX LARGE 10.8X16-RIGHT (1) + CAPSURE טאקר 30 (1) + אטם סיליקון 5 מ""מ לטרוקר YP PL (1) + טרוקר חסן 12 H12LP (1) + מספריים לאפ (1)",1,2165.8947,ברק בר זכאי,2165.8947,6
"3DMAX LARGE 10.8X16-LEFT (1) + 3DMAX LARGE 10.8X16-RIGHT (1) + CAPSURE טאקר 30 (1) + אטם סיליקון 5 מ""מ לטרוקר YP PL (1) + אנדו קליפ 5 EL5ML (1) + טרוקר חסן 12 H12LP (1) + סקשן איריגיישיין 5 (1)",1,2988.0337,ברק בר זכאי,2988.0337,7
"3DMAX LARGE 10.8X16-LEFT (1) + 3DMAX LARGE 10.8X16-RIGHT (1) + CAPSURE טאקר 30 (1) + אטם סיליקון 5 מ""מ לטרוקר YP PL (1) + אנדו קליפ 5 EL5ML (1) + טרוקר חסן 12 H12LP (1) + מספריים מונופולר 5 מ""מ (1) + סקשן איריגיישיין 5 (1)",1,3076.9584,ברק בר זכאי,3076.9584,8
"3DMAX LARGE 10.8X16-LEFT (1) + 3DMAX LARGE 10.8X16-RIGHT (1) + CAPSURE טאקר 30 (1) + אטם סיליקון 5 מ""מ לטרוקר YP PL (1) + אנדו קליפ 5 EL5ML (1) + טרוקר חסן 12 H12LP (1) + מספריים לאפ (1)",1,2893.0695,ברק בר זכאי,2893.0695,7
"3DMAX LARGE 10.8X16-LEFT (1) + 3DMAX LARGE 10.8X16-RIGHT (1) + CAPSURE טאקר 30 (1) + אטם סיליקון 5 מ""מ לטרוקר YP PL (1) + אנדו קליפ 5 176630 (1) + טרוקר חסן 12 H12LP (1) + מספריים לאפ (1)",1,2846.43,ברק בר זכאי,2846.43,7
3DMAX LARGE 10.8X16-LEFT (1) + 3DMAX LARGE 10.8X16-RIGHT (1) + CAPSURE טאקר 30 (1) + T.VAG.PROGESTERONE 100MG-ENDOM (1) + טרוקר אקסל OPTI-5X100 (1) + טרוקר אקסל ללא סכין 11 B11LT (1) + שרוול אקסל OPTI-5X100 (1),1,2237.7617999999998,דביר פרויליך,2237.7617999999998,7
3DMAX LARGE 10.8X16-LEFT (1) + 3DMAX LARGE 10.8X16-RIGHT (1) + CAPSURE טאקר 30 (1) + LIQUIBAND FIX8 טאקר דבק (1) + SURGICEL 10CM * 20CM (1) + בלון אמצעי T10SB (1) + בלון דו צדדי PDBS2 (1) + טרוקר CFF03 - 5X100 (1) + סקשן איריגיישיין 5 (1),1,3932.5724999999998,יוסף בראון,3932.5724999999998,9
3DMAX LARGE 10.8X16-LEFT (1) + 3DMAX LARGE 10.8X16-RIGHT (1) + CAPSURE טאקר 30 (1) + FILBLOC 90 3/0  - FU395HHFAB (1) + FILBLOC PDO 3/0 - FU395HHAB (1) + טרוקר אקסל OPTI-5X100 (1) + טרוקר אקסל ללא סכין 11 B11LT (1) + שרוול אקסל OPTI-5X100 (1),1,2328.3852,דביר פרויליך,2328.3852,8
"3DMAX LARGE 10.8X16-LEFT (1) + 3DMAX LARGE 10.8X16-RIGHT (1) + אנדו קליפ 5 176630 (1) + טאקר-10 סיכות MICROVAL (1) + טרוקר אקסל ללא סכין 11 B11LT (1) + טרוקר ללא סכין 5 NB5STF (1) + מספריים מונופולר 5 מ""מ (1) + סקשן איריגיישיין 5 (1)",1,2571.836,עזרא עוז יקיר,2571.836,8
3DMAX LARGE 10.8X16-LEFT (1) + 3DMAX LARGE 10.8X16-RIGHT (1) + אנדו קליפ 5 176630 (1) + טאקר-10 סיכות MICROVAL (1) + טרוקר אקסל ללא סכין 11 B11LT (1) + טרוקר ללא סכין 5 NB5STF (1),1,2444.3329,עזרא עוז יקיר,2444.3329,6
"3DMAX LARGE 10.8X16-LEFT (1) + 3DMAX LARGE 10.8X16-RIGHT (1) + אנדו קליפ 5 176630 (1) + טאקר-10 סיכות MICROVAL (1) + טרוקר CFF03 - 5X100 (1) + טרוקר אקסל ללא סכין 11 B11LT (1) + טרוקר ללא סכין 5 NB5STF (1) + מספריים מונופולר 5 מ""מ (1) + סקשן איריגיישיין 5 (1) + שרוול לטרוקר 5 - CFS02 (1)",1,2721.5832,עזרא עוז יקיר,2721.5832,10
3DMAX LARGE 10.8X16-LEFT (1) + 3DMAX LARGE 10.8X16-RIGHT (1) + אנדו קליפ 5 176630 (1) + בלון להרניה עגול - SMBTTRNDX (1) + טאקר נטען-20 סיכות MICROVAL (1),1,3268.4999,אולג דוחנו,3268.4999,5
3DMAX LARGE 10.8X16-LEFT (1) + 3DMAX LARGE 10.8X16-RIGHT (1) + אנדו קליפ 5 176630 (1) + בלון אמצעי T10SB (1) + בלון דו צדדי PDBS2 (1) + טאקר נספג-12 סיכות-ETHICON (1) + טרוקר ללא סכין 5 NB5STF (1),1,3674.8445,איאן וייט,3674.8445,7
3DMAX LARGE 10.8X16-LEFT (1) + 3DMAX LARGE 10.8X16-RIGHT (1) + אנדו קליפ 5 176630 (1) + בלון אמצעי T10SB (1) + בלון דו צדדי PDBS2 (1) + טאקר נספג-12 סיכות-ETHICON (1) + טרוקר CFF03 - 5X100 (1) + טרוקר אקסל עם סכין 10-11 D11LT (1) + שרוול אקסל 10-11  CB11LT (1) + שרוול לטרוקר 5 - CFS02 (1),1,3979.6089,עבד על רחמן אבו גנים,3979.6089,10
3DMAX LARGE 10.8X16-LEFT (1) + 3DMAX LARGE 10.8X16-RIGHT (1) + אנדו קליפ 5 176630 (1) + בלון אמצעי T10SB (1) + בלון דו צדדי PDBS2 (1) + טאקר נטען-20 סיכות MICROVAL (1) + טרוקר CFF03 - 5X100 (1) + מספריים לאפ (1) + שרוול לטרוקר 5 - CFS02 (1),1,3407.6971,אדריאן ולאנו,3407.6971,9
3DMAX LARGE 10.8X16-LEFT (1) + 3DMAX LARGE 10.8X16-RIGHT (1) + אנדו קליפ 5 176630 (1) + בלון אמצעי T10SB (1) + בלון דו צדדי PDBS2 (1) + טאקר נטען-20 סיכות MICROVAL (1) + טרוקר CFF03 - 5X100 (1) + מספריים לאפ (1) + סקשן איריגיישיין 5 (1) + שרוול לטרוקר 5 - CFS02 (1),1,3454.1679,מאיר זמל,3454.1679,10
3DMAX LARGE 10.8X16-LEFT (1) + 3DMAX LARGE 10.8X16-RIGHT (1) + אנדו קליפ 10 176625 (1) + טאקר נספג-25 סיכות-ETHICON (1) + טרוקר אקסל OPTI-5X100 (1) + טרוקר אקסל ללא סכין 11 B11LT (1) + שרוול אקסל 10-11  CB11LT (1),1,3102.7367,אלכסנדר בקר,3102.7367,7
3DMAX LARGE 10.8X16-LEFT (1) + 3DMAX LARGE 10.8X16-RIGHT (1) + אנדו קליפ 10 176625 (1) + טאקר נספג-25 סיכות-ETHICON (1),1,2869.7482999999997,דרור קרני,2869.7482999999997,4
3DMAX EX.LARGE 12X17-LEFT (1) + 3DMAX EX.LARGE 12X17-RIGHT (1) + VENTRALEX SMALL - 5950007 (1) + בלון דו צדדי PDBS2 (1) + שרוול אקסל OPTI-12X100 (1),1,2600.7848,נתן פולוקשט,2600.7848,5
"VERSATEX MONO.MESH-VTX1515 (1) + אנדו קלינצ' 5 174317 (1) + אנדו קליפ 5 EL5ML (1) + בלון להרניה עגול - SMBTTRNDX (1) + טאקר נספג - 15 סיכות (1) + מחט ורז 150 מ""מ - חד פעמי (1)",1,2677.0261,מאדי חוסאם,2677.0261,6
V-LOC 3/0 R.B.26-VLOCM0604 (1) + טרוקר אקסל ללא סכין 11 B11LT (1) + טרוקר ללא סכין 5 NB5STF (1),1,244.0833,יורי מנוסקין,244.0833,3
V-LOC 3/0 R.B.26-VLOCM0604 (1) + טרוקר CFF33 - 11X100 (1) + טרוקר אקסל OPTI-12X100 (1) + טרוקר אקסל OPTI-5X100 (1) + טרוקר אקסל ללא סכין 11 B11LT (1) + ליגשור מרילנד ארוך - LF1937 (1) + סקשן איריגיישיין 5 (1),1,1713.4413,רון גרינברג,1713.4413,7
"ULTRAPRO ADVANCED MESH 15*30CM (1) + בלון אמצעי T10SB (1) + בלון דו צדדי PDBS2 (1) + טאקר נספג - 15 סיכות (1) + טרוקר ללא סכין 5 NB5STF (1) + מספריים מונופולר 5 מ""מ (1)",1,2325.937,אלדד פובזנר,2325.937,6
ULTRAPRO ADVANCED MESH 15*30CM (1) + בלון אמצעי T10SB (1) + בלון דו צדדי PDBS2 (1) + טאקר נספג - 15 סיכות (1) + טרוקר ללא סכין 5 NB5STF (1) + מספריים לאפ (1) + סקשן איריגיישיין 5 (1),1,2308.9809,אלדד פובזנר,2308.9809,7
3DMAX LARGE 10.8X16-LEFT (1) + 3DMAX LARGE 10.8X16-RIGHT (1) + אנדו קליפ 5 EL5ML (1) + בלון דו צדדי PDBS2 (1) + טאקר נספג-25 סיכות-ETHICON (1) + טרוקר אקסל OPTI-5X100 (1) + טרוקר אקסל ללא סכין 11 B11LT (1) + מספריים לאפ (1) + שרוול אקסל OPTI-5X100 (1),1,3584.6071,דוד חזן,3584.6071,9
3DMAX LARGE 10.8X16-LEFT (1) + 3DMAX LARGE 10.8X16-RIGHT (1) + אנדו קליפ 5 EL5ML (1) + בלון אמצעי T10SB (1) + טאקר נספג-12 סיכות-ETHICON (1) + טרוקר CFF03 - 5X100 (1) + שרוול לטרוקר 5 - CFS02 (1),1,3447.594,אברהם רשף,3447.594,7
3DMAX LARGE 10.8X16-LEFT (1) + 3DMAX LARGE 10.8X16-RIGHT (1) + אנדו קליפ 5 EL5ML (1) + בלון אמצעי T10SB (1) + בלון דו צדדי PDBS2 (1) + שרוול אקסל OPTI-12X100 (1),1,2478.1368,נתן פולוקשט,2478.1368,6
3DMAX LARGE 10.8X16-LEFT (1) + 3DMAX LARGE 10.8X16-RIGHT (1) + אנדו קליפ 5 EL5ML (1) + בלון אמצעי T10SB (1) + בלון דו צדדי PDBS2 (1) + טאקר נספג-25 סיכות-ETHICON (1),1,3722.6848999999997,ויטלי סקלרבסקי,3722.6848999999997,6
"3DMAX LARGE 10.8X16-LEFT (1) + 3DMAX LARGE 10.8X16-RIGHT (1) + אנדו קלינצ' 5 174317 (1) + בלון אמצעי T10SB (1) + בלון דו צדדי PDBS2 (1) + טאקר נספג-12 סיכות-ETHICON (1) + מספריים מונופולר 5 מ""מ (1)",1,3005.1213,מרום שראלי,3005.1213,7
3DMAX LARGE 10.8X16-LEFT (1) + 3DMAX LARGE 10.8X16-RIGHT (1) + אנדו קלינצ' 5 174317 (1) + בלון אמצעי T10SB (1) + בלון דו צדדי PDBS2 (1) + טאקר נספג-12 סיכות-ETHICON (1) + טרוקר אקסל עם סכין 5 D5ST (1) + מספריים לאפ (1) + סקשן איריגיישיין 5 (1),1,3059.3988,איאן וייט,3059.3988,9
"3DMAX LARGE 10.8X16-LEFT (1) + 3DMAX LARGE 10.8X16-RIGHT (1) + אנדו קלינצ' 5 174317 (1) + אנדו קליפ 5 EL5ML (1) + בלון אמצעי T10SB (1) + בלון דו צדדי PDBS2 (1) + טאקר נספג-12 סיכות-ETHICON (1) + מספריים מונופולר 5 מ""מ (1)",1,3767.6036,אברהם רשף,3767.6036,8
3DMAX LARGE 10.8X16-LEFT (1) + 3DMAX LARGE 10.8X16-RIGHT (1) + אנדו קלינצ 5 מ''מ (1) + טאקר נספג - 15 סיכות (1) + טרוקר CFF03 - 5X100 (1) + טרוקר אקסל ללא סכין 11 B11LT (1) + שרוול לטרוקר 5 - CFS02 (1),1,1949.8043,גנאדי קוניאבסקי,1949.8043,7
3DMAX LARGE 10.8X16-LEFT (1) + 3DMAX LARGE 10.8X16-RIGHT (1) + אנדו קלינצ 5 מ''מ (1) + בלון אמצעי T10SB (1) + בלון דו צדדי PDBS2 (1) + טרוקר חסן 10 T10BT (1) + טרוקר ללא סכין 5 NB5STF (1) + מספריים לאפ (1) + סקשן איריגיישיין 5 (1),1,2136.0162,שמואל אביטל,2136.0162,9
3DMAX LARGE 10.8X16-LEFT (1) + 3DMAX LARGE 10.8X16-RIGHT (1) + אנדו קלינצ 5 מ''מ (1) + בלון אמצעי T10SB (1) + בלון דו צדדי PDBS2 (1) + טאקר נספג - 15 סיכות (1) + טרוקר אקסל עם סכין 5 D5ST (1) + מספריים לאפ (1) + סקשן איריגיישיין 5 (1),1,2545.1958,איגור ליטבק,2545.1958,9
"3DMAX LARGE 10.8X16-LEFT (1) + 3DMAX LARGE 10.8X16-RIGHT (1) + אנדו קלינצ 5 מ''מ (1) + אנדו קליפ 5 EL5ML (1) + טאקר נספג-12 סיכות-ETHICON (1) + מספריים מונופולר 5 מ""מ (1) + שרוול אקסל 10-11  CB11LT (1)",1,3065.7545,יבגני קרסיק,3065.7545,7
"3DMAX LARGE 10.8X16-LEFT (1) + 3DMAX LARGE 10.8X16-RIGHT (1) + אנדו קלינצ 5 מ''מ (1) + אנדו קליפ 5 EL5ML (1) + טאקר נספג-12 סיכות-ETHICON (1) + כיסוי מצלמה לפרסקופית (1) + מזרק 20 מ""ל (1) + מספריים מונופולר 5 מ""מ (1) + סטרי-סטריפ 1/2 (1) + פלטה דיאט. ללא כבל-מבוגר (1) + שרוול אקסל 10-11  CB11LT (1)",1,3077.5475,אלברט סטפנסקי,3077.5475,11
"3DMAX LARGE 10.8X16-LEFT (1) + 3DMAX LARGE 10.8X16-RIGHT (1) + אנדו קלינצ 5 מ''מ (1) + אנדו קליפ 5 EL5ML (1) + טאקר נספג-12 סיכות-ETHICON (1) + טרוקר אקסל OPTI-סכין-5X100 (1) + טרוקר אקסל עם סכין 10-11 D11LT (1) + מספריים מונופולר 5 מ""מ (1) + שרוול אקסל 10-11  CB11LT (1) + שרוול אקסל OPTI-5X100 (1)",1,3290.7545,אלברט סטפנסקי,3290.7545,10
"3DMAX LARGE 10.8X16-LEFT (1) + 3DMAX LARGE 10.8X16-RIGHT (1) + אנדו קליפ 5 EL5ML (1) + בלון אמצעי T10SB (1) + בלון דו צדדי PDBS2 (1) + טאקר נספג-12 סיכות-ETHICON (1) + כיסוי מצלמה לפרסקופית (1) + מזרק 20 מ""ל (1) + סטרי-סטריפ 1/2 (1) + פלטה דיאט. ללא כבל-מבוגר (1)",1,3613.5447,ויטלי סקלרבסקי,3613.5447,10
3DMAX LARGE 10.8X16-LEFT (1) + 3DMAX LARGE 10.8X16-RIGHT (1) + אנדו קליפ 5 EL5ML (1) + בלון אמצעי T10SB (1) + בלון דו צדדי PDBS2 (1) + טאקר נספג-12 סיכות-ETHICON (1) + טרוקר ללא סכין 5 NB5STF (1),1,3715.3571,איאן וייט,3715.3571,7
3DMAX LARGE 10.8X16-LEFT (1) + 3DMAX LARGE 10.8X16-RIGHT (1) + אנדו קליפ 5 EL5ML (1) + בלון אמצעי T10SB (1) + בלון דו צדדי PDBS2 (1) + טאקר נספג-12 סיכות-ETHICON (1) + טרוקר אקסל עם סכין 10-11 D11LT (1),1,3730.6756000000005,אברהם רשף,3730.6756000000005,7
3DMAX LARGE 10.8X16-LEFT (1) + 3DMAX LARGE 10.8X16-RIGHT (1) + בלון אמצעי T10SB (1) + בלון דו צדדי PDBS2 (1) + טאקר נספג-12 סיכות-ETHICON (1) + שרוול אקסל 10-11  CB11LT (1),1,2968.191,אברהם רשף,2968.191,6
3DMAX LARGE 10.8X16-LEFT (1) + 3DMAX LARGE 10.8X16-RIGHT (1) + בלון אמצעי T10SB (1) + בלון דו צדדי PDBS2 (1) + טאקר נספג-12 סיכות-ETHICON (1) + טרוקר ללא סכין 5 NB5STF (1),1,2952.875,איאן וייט,2952.875,6
3DMAX LARGE 10.8X16-LEFT (1) + 3DMAX LARGE 10.8X16-RIGHT (1) + בלון אמצעי T10SB (1) + בלון דו צדדי PDBS2 (1) + טאקר נספג-12 סיכות-ETHICON (1) + טרוקר אקסל OPTI-5X100 (1) + שרוול אקסל OPTI-5X100 (1),1,2989.2676,איאן וייט,2989.2676,7
3DMAX LARGE 10.8X16-LEFT (1) + 3DMAX LARGE 10.8X16-RIGHT (1) + בלון אמצעי T10SB (1) + בלון דו צדדי PDBS2 (1) + טאקר נטען-20 סיכות MICROVAL (1) + טרוקר אקסל OPTI-סכין-5X100 (1) + שרוול אקסל OPTI-5X100 (1),1,2643.181,אולג דוחנו,2643.181,7
"3DMAX LARGE 10.8X16-LEFT (1) + 3DMAX LARGE 10.8X16-RIGHT (1) + בלון אמצעי T10SB (1) + בלון דו צדדי PDBS2 (1) + טאקר 5 מ""מ  174006 (1) + טרוקר CFF03 - 5X100 (1) + שרוול לטרוקר 5 - CFS02 (1)",1,3150.6117999999997,איליה פינסק,3150.6117999999997,7
"3DMAX LARGE 10.8X16-LEFT (1) + 3DMAX LARGE 10.8X16-RIGHT (1) + בלון אמצעי T10SB (1) + בלון דו צדדי PDBS2 (1) + טאקר 5 מ""מ  174006 (1) + טאקר נספג-25 סיכות-ETHICON (1) + טרוקר CFF03 - 5X100 (1) + שרוול לטרוקר 5 - CFS02 (1)",1,4531.9618,איליה פינסק,4531.9618,8
"3DMAX LARGE 10.8X16-LEFT (1) + 3DMAX LARGE 10.8X16-RIGHT (1) + בלון אמצעי T10SB (1) + בלון דו צדדי PDBS2 (1) + טאקר 5 מ""מ  174006 (1) + טאקר נספג-12 סיכות-ETHICON (1) + טרוקר CFF03 - 5X100 (1) + שרוול לטרוקר 5 - CFS02 (1)",1,4426.4374,אברהם רשף,4426.4374,8
3DMAX LARGE 10.8X16-LEFT (1) + 3DMAX LARGE 10.8X16-RIGHT (1) + אנדו קליפ 5 EL5ML (1) + טאקר-10 סיכות MICROVAL (1) + טרוקר אקסל ללא סכין 11 B11LT (1) + טרוקר ללא סכין 5 NB5STF (1) + מספריים לאפ (1),1,2426.9992,עזרא עוז יקיר,2426.9992,7
3DMAX LARGE 10.8X16-LEFT (1) + 3DMAX LARGE 10.8X16-RIGHT (1) + אנדו קליפ 5 EL5ML (1) + טאקר-10 סיכות MICROVAL (1) + טרוקר אקסל OPTI-5X100 (1) + טרוקר אקסל ללא סכין 11 B11LT (1) + שרוול אקסל OPTI-5X100 (1),1,2565.7868,שי אלדר,2565.7868,7
3DMAX LARGE 10.8X16-LEFT (1) + 3DMAX LARGE 10.8X16-RIGHT (1) + אנדו קליפ 5 EL5ML (1) + טאקר נספג-25 סיכות-ETHICON (1) + שרוול אקסל 10-11  CB11LT (1),1,3163.5368,אילן וסרמן,3163.5368,5
3DMAX LARGE 10.8X16-LEFT (1) + 3DMAX LARGE 10.8X16-RIGHT (1) + אנדו קליפ 5 EL5ML (1) + טאקר נספג-25 סיכות-ETHICON (1) + טרוקר אקסל OPTI-5X100 (1) + טרוקר אקסל ללא סכין 11 B11LT (1) + מספריים לאפ (1) + סקשן איריגיישיין 5 (1) + שרוול אקסל OPTI-5X100 (1),1,3301.6314,ויאצ'סלב זילברמינץ,3301.6314,9
3DMAX LARGE 10.8X16-LEFT (1) + 3DMAX LARGE 10.8X16-RIGHT (1) + אנדו קליפ 5 EL5ML (1) + טאקר נספג-25 סיכות-ETHICON (1) + טרוקר אקסל OPTI-5X100 (1) + טרוקר אקסל ללא סכין 11 B11LT (1),1,3206.6269,אלכסנדר בקר,3206.6269,6
"3DMAX LARGE 10.8X16-LEFT (1) + 3DMAX LARGE 10.8X16-RIGHT (1) + אנדו קליפ 5 EL5ML (1) + טאקר נספג-12 סיכות-ETHICON (1) + מספריים מונופולר 5 מ""מ (1) + שרוול אקסל 10-11  CB11LT (1)",1,3044.4664000000002,אלברט סטפנסקי,3044.4664000000002,6
"3DMAX LARGE 10.8X16-LEFT (1) + 3DMAX LARGE 10.8X16-RIGHT (1) + אנדו קליפ 5 EL5ML (1) + טאקר נספג-12 סיכות-ETHICON (1) + כיסוי מצלמה לפרסקופית (1) + מזרק 20 מ""ל (1) + סטרי-סטריפ 1/2 (1) + פלטה דיאט. ללא כבל-מבוגר (1) + שרוול אקסל 10-11  CB11LT (1)",1,3012.8642,ולדמיר נסטרנקו,3012.8642,9
3DMAX LARGE 10.8X16-LEFT (1) + 3DMAX LARGE 10.8X16-RIGHT (1) + אנדו קליפ 5 EL5ML (1) + טאקר נספג-12 סיכות-ETHICON (1),1,2905.8017,מרדכי שמעונוב,2905.8017,4
"3DMAX LARGE 10.8X16-LEFT (1) + 3DMAX LARGE 10.8X16-RIGHT (1) + אנדו קליפ 5 EL5ML (1) + בלון להרניה עגול - SMBTTRNDX (1) + טאקר נטען-20 סיכות MICROVAL (1) + כיסוי מצלמה לפרסקופית (1) + מזרק 20 מ""ל (1) + סטרי-סטריפ 1/2 (1) + פלטה דיאט. ללא כבל-מבוגר (1)",1,3216.0347,אולג דוחנו,3216.0347,9
3DMAX LARGE 10.8X16-LEFT (1) + 3DMAX LARGE 10.8X16-RIGHT (1) + V-LOC 3/0 R.B.26-VLOCM0604 (1) + טאקר-10 סיכות MICROVAL (1) + טרוקר אקסל ללא סכין 11 B11LT (1) + טרוקר ללא סכין 5 NB5STF (1) + מספריים לאפ (1),1,1753.5979,עזרא עוז יקיר,1753.5979,7
3DMAX LARGE 10.8X16-LEFT (1) + 3DMAX LARGE 10.8X16-RIGHT (1) + V-LOC 3/0 R.B.26-VLOCM0604 (1) + טאקר-10 סיכות MICROVAL (1) + טרוקר אקסל OPTI-5X100 (1) + טרוקר אקסל ללא סכין 11 B11LT (1) + מספריים לאפ (1) + סקשן איריגיישיין 5 (1) + שרוול אקסל OPTI-5X100 (1),1,1880.4823999999999,עמיר בן יהודה שלו,1880.4823999999999,9
"3DMAX LARGE 10.8X16-LEFT (1) + 3DMAX LARGE 10.8X16-RIGHT (1) + V-LOC 3/0 R.B.26-VLOCM0604 (1) + טאקר נספג - 15 סיכות (1) + טרוקר אקסל עם סכין 10-11 D11LT (1) + טרוקר אקסל עם סכין 5 D5ST (1) + מספריים מונופולר 5 מ""מ (1)",1,1937.4951,הרצל רחמני,1937.4951,7
3DMAX LARGE 10.8X16-LEFT (1) + 3DMAX LARGE 10.8X16-RIGHT (1) + טאקר נספג - 30 סיכות (1) + טרוקר אקסל ללא סכין 11 B11LT (1) + טרוקר ללא סכין 5 NB5STF (1),1,2499.9146,שי אלדר,2499.9146,5
3DMAX LARGE 10.8X16-LEFT (1) + 3DMAX LARGE 10.8X16-RIGHT (1) + טאקר נספג - 15 סיכות (1) + טרוקר CFF03 - 5X100 (1) + טרוקר אקסל ללא סכין 11 B11LT (1) + שרוול לטרוקר 5 - CFS02 (1),1,1866.0509,גנאדי קוניאבסקי,1866.0509,6
3DMAX LARGE 10.8X16-LEFT (1) + 3DMAX LARGE 10.8X16-RIGHT (1) + בלון להרניה עגול - SMBTTRNDX (1) + טאקר נטען-20 סיכות MICROVAL (1) + טרוקר אקסל עם סכין 10-11 D11LT (1),1,2569.292,אולג דוחנו,2569.292,5
3DMAX LARGE 10.8X16-LEFT (1) + 3DMAX LARGE 10.8X16-RIGHT (1) + בלון דו צדדי PDBS2 (1) + טאקר נספג-25 סיכות-ETHICON (1) + טרוקר אקסל ללא סכין 11 B11LT (1) + טרוקר ללא סכין 5 NB5STF (1) + מספריים לאפ (1),1,2701.2646,דוד חזן,2701.2646,7
3DMAX LARGE 10.8X16-LEFT (1) + 3DMAX LARGE 10.8X16-RIGHT (1) + בלון דו צדדי PDBS2 (1) + טאקר נספג-25 סיכות-ETHICON (1) + טרוקר אקסל OPTI-סכין-5X100 (1) + טרוקר אקסל ללא סכין 11 B11LT (1) + מספריים לאפ (1) + סקשן איריגיישיין 5 (1) + שרוול אקסל OPTI-5X100 (1),1,2901.7061999999996,דוד חזן,2901.7061999999996,9
"3DMAX LARGE 10.8X16-LEFT (1) + 3DMAX LARGE 10.8X16-RIGHT (1) + בלון אמצעי T10SB (1) + טאקר נספג-12 סיכות-ETHICON (1) + טרוקר CFF03 - 5X100 (1) + כיסוי מצלמה לפרסקופית (1) + מזרק 20 מ""ל (1) + סטרי-סטריפ 1/2 (1) + פלטה דיאט. ללא כבל-מבוגר (1) + שרוול לטרוקר 5 - CFS02 (1)",1,2719.2304,אברהם רשף,2719.2304,10
3DMAX LARGE 10.8X16-LEFT (1) + 3DMAX LARGE 10.8X16-RIGHT (1) + בלון אמצעי T10SB (1) + בלון דו צדדי PDBS2 (1) + טרוקר CFF03 - 5X100 (1) + שרוול לטרוקר 5 - CFS02 (1),1,1722.9594,אברהם רשף,1722.9594,6
3DMAX LARGE 10.8X16-LEFT (1) + 3DMAX LARGE 10.8X16-RIGHT (1) + בלון אמצעי T10SB (1) + בלון דו צדדי PDBS2 (1) + טאקר-10 סיכות MICROVAL (1) + טרוקר ללא סכין 5 NB5STF (1) + סקשן איריגיישיין 5 (1),1,2341.3491,משה פפא,2341.3491,7
3DMAX LARGE 10.8X16-LEFT (1) + 3DMAX LARGE 10.8X16-RIGHT (1) + בלון אמצעי T10SB (1) + בלון דו צדדי PDBS2 (1) + טאקר-10 סיכות MICROVAL (1) + טרוקר CFF03 - 5X100 (1) + סקשן איריגיישיין 5 (1) + שרוול לטרוקר 5 - CFS02 (1),1,2462.8053,מאיר זמל,2462.8053,8
3DMAX LARGE 10.8X16-LEFT (1) + 3DMAX LARGE 10.8X16-RIGHT (1) + בלון אמצעי T10SB (1) + בלון דו צדדי PDBS2 (1) + טאקר נספג-25 סיכות-ETHICON (1) + טרוקר אקסל OPTI-סכין-5X100 (1) + שרוול אקסל OPTI-5X100 (1),1,3102.2146,אברהם רשף,3102.2146,7
"3DMAX LARGE 10.8X16-LEFT (1) + 3DMAX LARGE 10.8X16-RIGHT (1) + בלון אמצעי T10SB (1) + בלון דו צדדי PDBS2 (1) + טאקר נספג-25 סיכות-ETHICON (1) + טרוקר CFF03 - 5X100 (1) + טרוקר אקסל OPTI-סכין-5X100 (1) + כיסוי מצלמה לפרסקופית (1) + מזרק 20 מ""ל (1) + סטרי-סטריפ 1/2 (1) + פלטה דיאט. ללא כבל-מבוגר (1) + שרוול לטרוקר 5 - CFS02 (1)",1,3189.0137999999997,אברהם רשף,3189.0137999999997,12
3DMAX LARGE 10.8X16-LEFT (1) + 3DMAX LARGE 10.8X16-RIGHT (1) + בלון אמצעי T10SB (1) + בלון דו צדדי PDBS2 (1) + טאקר נספג-25 סיכות-ETHICON (1) + טרוקר CFF03 - 5X100 (1),1,3062.14,אברהם רשף,3062.14,6
3DMAX LARGE 10.8X16-LEFT (1) + 3DMAX LARGE 10.8X16-RIGHT (1) + בלון אמצעי T10SB (1) + בלון דו צדדי PDBS2 (1) + טאקר נספג-12 סיכות-ETHICON (1) + שרוול לטרוקר 5 - CFS02 (1),1,2872.1724,אברהם רשף,2872.1724,6
3DMAX LARGE 10.8X16-LEFT (1) + 3DMAX LARGE 10.8X16-RIGHT (1) + טאקר נספג-25 סיכות-ETHICON (1) + טרוקר אקסל OPTI-5X100 (1) + טרוקר אקסל ללא סכין 11 B11LT (1) + שרוול אקסל 10-11  CB11LT (1),1,2498.5176,אלכסנדר בקר,2498.5176,6
3DMAX LARGE 10.8X16-LEFT (1) + 3DMAX LARGE 10.8X16-RIGHT (1) + טאקר נספג-25 סיכות-ETHICON (1),1,2326.0519999999997,אברהם רשף,2326.0519999999997,3
"3DMAX LARGE 10.8X16-LEFT (1) + 3DMAX LARGE 10.8X16-RIGHT (1) + טאקר נספג-12 סיכות-ETHICON (1) + מספריים מונופולר 5 מ""מ (1) + שרוול אקסל 10-11  CB11LT (1)",1,2289.9702,סרגיי סטריגין,2289.9702,5
"3DMAX LARGE 10.8X16-LEFT (1) + 3DMAX LARGE 10.8X16-RIGHT (1) + טאקר נספג-12 סיכות-ETHICON (1) + מחט ורז 120 מ""מ - חד פעמי (1) + שרוול אקסל 10-11  CB11LT (1)",1,2291.0420000000004,יבגני קרסיק,2291.0420000000004,5
3DMAX LARGE 10.8X16-LEFT (1) + 3DMAX LARGE 10.8X16-RIGHT (1) + VERSAONE BLADED TROCAR WITH FI (1) + טאקר-10 סיכות MICROVAL (1) + טרוקר אקסל ללא סכין 11 B11LT (1) + טרוקר ללא סכין 5 NB5STF (1) + מספריים לאפ (1),1,1761.7676,עזרא עוז יקיר,1761.7676,7
3DMAX LARGE 10.8X16-LEFT (1) + 3DMAX LARGE 10.8X16-RIGHT (1) + VERSAONE BLADED TROCAR WITH FI (1) + טאקר-10 סיכות MICROVAL (1) + טרוקר אקסל OPTI-12X100 (1) + מספריים לאפ (1) + סקשן איריגיישיין 5 (1),1,1721.3991,עזרא עוז יקיר,1721.3991,7
3DMAX LARGE 10.8X16-LEFT (1) + 3DMAX LARGE 10.8X16-RIGHT (1) + VENTRALEX SMALL - 5950007 (1) + טאקר נספג-12 סיכות-ETHICON (1) + שרוול אקסל 10-11  CB11LT (1),1,3458.795,ולדימיר גזיאנץ,3458.795,5
3DMAX LARGE 10.8X16-LEFT (1) + 3DMAX LARGE 10.8X16-RIGHT (1) + VENTRALEX SMALL - 5950007 (1) + בלון אמצעי T10SB (1) + בלון דו צדדי PDBS2 (1) + טאקר נספג-25 סיכות-ETHICON (1),1,4228.871999999999,ראובן אליגר,4228.871999999999,6
3DMAX LARGE 10.8X16-LEFT (1) + 3DMAX LARGE 10.8X16-RIGHT (1) + VENTRALEX SMALL - 5950007 (1) + אנדו קליפ 5 EL5ML (1) + בלון דו צדדי PDBS2 (1) + שרוול אקסל OPTI-12X100 (1),1,3278.0568,נתן פולוקשט,3278.0568,6
3DMAX LARGE 10.8X16-LEFT (1) + 3DMAX LARGE 10.8X16-RIGHT (1) + VENTRALEX SMALL - 5950007 (1) + אנדו קליפ 5 EL5ML (1) + בלון אמצעי T10SB (1) + בלון דו צדדי PDBS2 (1) + טאקר נספג-25 סיכות-ETHICON (1),1,4991.3568,ראובן אליגר,4991.3568,7
3DMAX LARGE 10.8X16-LEFT (1) + 3DMAX LARGE 10.8X16-RIGHT (1) + VENTRALEX SMALL - 5950007 (1) + אנדו קלינצ' 5 174317 (1) + אנדו קליפ 5 EL5ML (1) + בלון אמצעי T10SB (1) + בלון דו צדדי PDBS2 (1) + בלון חד צדדי PDB1000 (1) + טאקר נספג-12 סיכות-ETHICON (1),1,5349.7256,ויטלי סקלרבסקי,5349.7256,9
3DMAX LARGE 10.8X16-LEFT (1) + 3DMAX LARGE 10.8X16-RIGHT (1) + VENTRALEX MEDIUM - 5950008 (1) + טאקר נספג-12 סיכות-ETHICON (1) + טרוקר אקסל עם סכין 10-11 D11LT (1),1,3500.7646,אילן וסרמן,3500.7646,5
3DMAX LARGE 10.8X16-LEFT (1) + 3DMAX LARGE 10.8X16-RIGHT (1) + VENTRALEX MEDIUM - 5950008 (1) + בלון אמצעי T10SB (1) + בלון דו צדדי PDBS2 (1) + טאקר נספג-12 סיכות-ETHICON (1),1,4159.5948,אנדרוניק קפייב,4159.5948,6
3DMAX LARGE 10.8X16-LEFT (1) + 3DMAX LARGE 10.8X16-RIGHT (1) + VENTRALEX MEDIUM - 5950008 (1) + אנדו קלינצ 5 מ''מ (1) + טאקר נספג-12 סיכות-ETHICON (1) + מספריים לאפ (1) + שרוול אקסל 10-11  CB11LT (1),1,3502.7646000000004,אילן וסרמן,3502.7646000000004,7
3DMAX LARGE 10.8X16-LEFT (1) + 3DMAX LARGE 10.8X16-RIGHT (1) + VENTRALEX MEDIUM - 5950008 (1) + אנדו קלינצ 5 מ''מ (1) + אנדו קליפ 5 EL5ML (1) + בלון אמצעי T10SB (1) + בלון דו צדדי PDBS2 (1) + טאקר נספג-12 סיכות-ETHICON (1),1,4956.3756,ראובן אליגר,4956.3756,8
3DMAX LARGE 10.8X16-LEFT (1) + 3DMAX LARGE 10.8X16-RIGHT (1) + V-LOC 3/0 R.B.26-VLOCM0604 (1) + טאקר-10 סיכות MICROVAL (1) + טרוקר אקסל ללא סכין 11 B11LT (1) + טרוקר ללא סכין 5 NB5STF (1) + מספריים לאפ (1) + סקשן איריגיישיין 5 (1),1,1870.9862,עמיר בן יהודה שלו,1870.9862,8
3DMAX LARGE 10.8X16-RIGHT (1) + 3DMAX MEDIUM 8.5X13.7-LEFT (1) + CAPSURE טאקר 30 (1) + בלון אמצעי T10SB (1) + בלון דו צדדי PDBS2 (1) + טרוקר CFF03 - 5X100 (1) + סקשן איריגיישיין 5 (1) + שרוול לטרוקר 5 - CFS02 (1),1,2935.2493,יוסף בראון,2935.2493,8
3DMAX LARGE 10.8X16-RIGHT (1) + 3DMAX MEDIUM 8.5X13.7-LEFT (1) + CAPSURE טאקר 30 (1) + VERSAONE BLADED TROCAR WITH FI (1) + אנדו קליפ 5 176630 (1) + בלון אמצעי T10SB (1) + בלון דו צדדי PDBS2 (1) + מספריים לאפ (1) + סקשן איריגיישיין 5 (1),1,3603.3799,הראל יעקבי,3603.3799,9
"3DMAX LARGE 10.8X16-LEFT (2) + 3DMAX LARGE 10.8X16-RIGHT (2) + אנדו קליפ 5 EL5ML (2) + בלון דו צדדי PDBS2 (2) + טאקר נספג-25 סיכות-ETHICON (2) + טרוקר אקסל ללא סכין 11 B11LT (2) + טרוקר ללא סכין 5 NB5STF (2) + מספריים מונופולר 5 מ""מ (2)",1,7232.9994,דוד חזן,7232.9994,16
3DMAX LARGE 10.8X16-LEFT (2) + 3DMAX LARGE 10.8X16-RIGHT (2) + LIQUIBAND FIX8 טאקר דבק (2) + טרוקר אקסל ללא סכין 11 B11LT (2) + טרוקר אקסל עם סכין 5 D5ST (2) + סקשן איריגיישיין 5 (2),1,4318.2388,ויאצ'סלב זילברמינץ,4318.2388,12
3DMAX LARGE 10.8X16-LEFT (1) + אנדו קליפ 5 EL5ML (1) + בלון אמצעי T10SB (1) + בלון דו צדדי PDBS2 (1) + טאקר נספג-12 סיכות-ETHICON (1) + טרוקר CFF03 - 5X100 (1) + שרוול לטרוקר 5 - CFS02 (1),1,3330.0381,אברהם רשף,3330.0381,7
3DMAX LARGE 10.8X16-LEFT (1) + אנדו קליפ 5 EL5ML (1) + בלון אמצעי T10SB (1) + בלון דו צדדי PDBS2 (1) + טאקר נספג-12 סיכות-ETHICON (1),1,3156.0484,אברהם רשף,3156.0484,5
3DMAX LARGE 10.8X16-LEFT (1) + UNMAPPED_CODE (1) + אנדו קליפ 5 EL5ML (1) + בלון אמצעי T10SB (1) + בלון דו צדדי PDBS2 (1) + טאקר נספג-12 סיכות-ETHICON (1) + טרוקר CFF03 - 5X100 (1) + שרוול לטרוקר 5 - CFS02 (1),1,3298.8074,אברהם רשף,3298.8074,8
3DMAX LARGE 10.8X16-LEFT (1) + SYMBOTEX.COM.MESH 12CM-RAUND (1) + בלון אמצעי T10SB (1) + בלון דו צדדי PDBS2 (1) + טאקר נספג-12 סיכות-ETHICON (1),1,3697.3565,ויטלי סקלרבסקי,3697.3565,5
3DMAX LARGE 10.8X16-LEFT (1) + SYMBOTEX.COM.MESH 12CM-RAUND (1) + אנדו קליפ 5 EL5ML (1) + בלון אמצעי T10SB (1) + בלון דו צדדי PDBS2 (1) + טאקר נספג-12 סיכות-ETHICON (1),1,4446.858200000001,ויטלי סקלרבסקי,4446.858200000001,6
"3DMAX LARGE 10.8X16-LEFT (1) + SOL. SEPTOL 500ML (1) + אנדו קליפ 5 EL5ML (1) + בלון אמצעי T10SB (1) + בלון דו צדדי PDBS2 (1) + טאקר נספג-25 סיכות-ETHICON (1) + טרוקר CFF03 - 5X100 (1) + כיסוי מצלמה לפרסקופית (1) + מזרק 20 מ""ל (1) + סטרי-סטריפ 1/2 (1) + פלטה דיאט. ללא כבל-מבוגר (1) + שרוול לטרוקר 5 - CFS02 (1)",1,3448.6614,אברהם רשף,3448.6614,12
"3DMAX LARGE 10.8X16-LEFT (1) + DEXTILE RIGHT ANT. MESH 16X12C (1) + טאקר נספג-12 סיכות-ETHICON (1) + כיסוי מצלמה לפרסקופית (1) + מזרק 20 מ""ל (1) + סטרי-סטריפ 1/2 (1) + פלטה דיאט. ללא כבל-מבוגר (1) + שרוול אקסל 10-11  CB11LT (1)",1,2188.7166,אלברט סטפנסקי,2188.7166,8
3DMAX LARGE 10.8X16-LEFT (1) + CAPSURE טאקר 30 (1) + LIQUIBAND FIX8 טאקר דבק (1) + V-LOC 3/0 R.B.26-VLOCM0604 (1) + טרוקר אקסל ללא סכין 11 B11LT (1) + טרוקר ללא סכין 5 NB5STF (1) + סקשן איריגיישיין 5 (1),1,2774.7597,הראל יעקבי,2774.7597,7
3DMAX LARGE 10.8X16-LEFT (1) + 3DMAX MEDIUM 8.5X13.7-RIGHT (1) + בלון אמצעי T10SB (1) + בלון דו צדדי PDBS2 (1) + טאקר נספג-12 סיכות-ETHICON (1) + טרוקר ללא סכין 5 NB5STF (1) + מספריים לאפ (1) + סקשן איריגיישיין 5 (1),1,2916.3028000000004,איאן וייט,2916.3028000000004,8
"3DMAX LARGE 10.8X16-LEFT (1) + 3DMAX MEDIUM 8.5X13.7-RIGHT (1) + CAPSURE טאקר 30 (1) + בלון אמצעי T10SB (1) + בלון דו צדדי PDBS2 (1) + טרוקר אקסל OPTI-סכין-5X100 (1) + מספריים מונופולר 5 מ""מ (1) + סקשן איריגיישיין 5 (1) + שרוול אקסל OPTI-5X100 (1)",1,3010.0930000000003,הראל יעקבי,3010.0930000000003,9
3DMAX LARGE 10.8X16-LEFT (1) + 3DMAX LARGE 10.8X16-RIGHT (1) + טאקר-10 סיכות MICROVAL (1) + טרוקר אקסל OPTI-5X100 (1) + טרוקר אקסל ללא סכין 11 B11LT (1) + סקשן איריגיישיין 5 (1) + שרוול אקסל OPTI-5X100 (1),1,1798.3875,עמיר בן יהודה שלו,1798.3875,7
3DMAX LARGE 10.8X16-LEFT (1) + 3DMAX LARGE 10.8X16-RIGHT (1) + טאקר-10 סיכות MICROVAL (1) + טרוקר אקסל OPTI-5X100 (1) + טרוקר אקסל ללא סכין 11 B11LT (1) + מספריים לאפ (1) + סקשן איריגיישיין 5 (1) + שרוול אקסל OPTI-5X100 (1),1,1791.3991,עמיר בן יהודה שלו,1791.3991,8
3DMAX LIGHT 10X 16CM - RIGHT (1) + 3DMAX LIGHT 10X16CM - LEFT (1) + CAPSURE טאקר 30 (1) + טרוקר אקסל OPTI-5X100 (1) + טרוקר אקסל ללא סכין 11 B11LT (1) + שרוול אקסל OPTI-5X100 (1),1,2329.5499,אוסמה אבו חטום,2329.5499,6
3DMAX LIGHT 10X 16CM - RIGHT (1) + 3DMAX LIGHT 10X16CM - LEFT (1) + CAPSURE טאקר 30 (1) + בלון אמצעי T10SB (1) + בלון דו צדדי PDBS2 (1) + טרוקר אקסל ללא סכין 11 B11LT (1) + טרוקר ללא סכין 5 NB5STF (1) + מספריים לאפ (1),1,2792.744,אנדרי קידר,2792.744,8
3DMAX LIGHT 10X 16CM - RIGHT (1) + 3DMAX LIGHT 10X16CM - LEFT (1) + CAPSURE טאקר 30 (1) + בלון אמצעי T10SB (1) + בלון דו צדדי PDBS2 (1) + טרוקר אקסל ללא סכין 11 B11LT (1) + טרוקר ללא סכין 5 NB5STF (1),1,2866.6850999999997,אנדרי קידר,2866.6850999999997,7
"3DMAX LIGHT 10X 16CM - RIGHT (1) + 3DMAX LIGHT 10X16CM - LEFT (1) + CAPSURE טאקר 30 (1) + בלון אמצעי T10SB (1) + בלון דו צדדי PDBS2 (1) + טרוקר אקסל OPTI-5X100 (1) + מספריים מונופולר 5 מ""מ (1) + שרוול אקסל OPTI-5X100 (1)",1,2850.851,אנדרי קידר,2850.851,8
3DMAX LIGHT 10X 16CM - RIGHT (1) + 3DMAX LIGHT 10X16CM - LEFT (1) + CAPSURE טאקר 30 (1) + בלון אמצעי T10SB (1) + בלון דו צדדי PDBS2 (1) + טרוקר אקסל OPTI-5X100 (1) + מספריים לאפ (1) + סקשן איריגיישיין 5 (1) + שרוול אקסל OPTI-5X100 (1),1,2972.3499,אנדרי קידר,2972.3499,9
3DMAX LIGHT 10X 16CM - RIGHT (1) + 3DMAX LIGHT 10X16CM - LEFT (1) + CAPSURE טאקר 30 (1) + אנדו קליפ 5 176630 (1) + בלון אמצעי T10SB (1) + בלון דו צדדי PDBS2 (1) + טרוקר CFF03 - 5X100 (1) + מספריים לאפ (1) + שרוול לטרוקר 5 - CFS02 (1),1,3709.0592,יוסף בראון,3709.0592,9
3DMAX LARGE 10.8X16-RIGHT (1) + בלון אמצעי T10SB (1) + בלון דו צדדי PDBS2 (1) + טאקר נספג-12 סיכות-ETHICON (1) + טרוקר CFF03 - 5X100 (1) + שרוול לטרוקר 5 - CFS02 (1),1,2549.9711,אברהם רשף,2549.9711,6
3DMAX LARGE 10.8X16-RIGHT (1) + בלון אמצעי T10SB (1) + בלון דו צדדי PDBS2 (1) + טאקר נספג-12 סיכות-ETHICON (1),1,2413.4285,ראובן אליגר,2413.4285,4
3DMAX LARGE 10.8X16-RIGHT (1) + LIQUIBAND FIX8 טאקר דבק (1) + SURGICEL FIBRILLAR 5CM*10CM (1) + אנדו קלינצ 5 מ''מ (1) + טרוקר אקסל ללא סכין 11 B11LT (1) + טרוקר ללא סכין 5 NB5STF (1) + מספריים לאפ (1) + סקשן איריגיישיין 5 (1),1,1980.7336,שמואל אביטל,1980.7336,8
"3DMAX LARGE 10.8X16-RIGHT (1) + CLOSURE DEVICE (1) + LIQUIBAND FIX8 טאקר דבק (1) + VENTRALEX MEDIUM - 5950008 (1) + אטם סיליקון 5 מ""מ לטרוקר YP PL (1) + טרוקר אקסל עם סכין 10-11 D11LT (1) + מספריים לאפ (1)",1,2868.9120000000003,דני רוזין,2868.9120000000003,7
3DMAX LARGE 10.8X16-RIGHT (1) + 3DMAX MEDIUM 8.5X13.7-LEFT (1) + בלון אמצעי T10SB (1) + בלון דו צדדי PDBS2 (1) + טאקר נספג - 30 סיכות (1) + טרוקר ללא סכין 5 NB5STF (1) + מספריים לאפ (1) + סקשן איריגיישיין 5 (1),1,3112.4492,חנוך קשתן,3112.4492,8
3DMAX LARGE 10.8X16-RIGHT (1) + 3DMAX MEDIUM 8.5X13.7-LEFT (1) + אנדו קליפ 5 EL5ML (1) + טאקר נספג-12 סיכות-ETHICON (1),1,2830.803,אלברט סטפנסקי,2830.803,4
"3DMAX LARGE 10.8X16-RIGHT (1) + 3DMAX MEDIUM 8.5X13.7-LEFT (1) + אנדו קלינצ 5 מ''מ (1) + טאקר נספג-12 סיכות-ETHICON (1) + מספריים מונופולר 5 מ""מ (1) + שרוול אקסל 10-11  CB11LT (1)",1,2288.7852000000003,יבגני קרסיק,2288.7852000000003,6
3DMAX LARGE 10.8X16-RIGHT (1) + 3DMAX MEDIUM 8.5X13.7-LEFT (1) + LIQUIBAND FIX8 טאקר דבק (1) + בלון אמצעי T10SB (1) + בלון דו צדדי PDBS2 (1) + טרוקר ללא סכין 5 NB5STF (1) + מספריים לאפ (1) + סקשן איריגיישיין 5 (1),1,2684.4822,הראל יעקבי,2684.4822,8
3DMAX LARGE 10.8X16-RIGHT (1) + 3DMAX MEDIUM 8.5X13.7-LEFT (1) + LIQUIBAND FIX8 טאקר דבק (1) + VERSAONE BLADED TROCAR WITH FI (1) + בלון אמצעי T10SB (1) + בלון דו צדדי PDBS2 (1) + סקשן איריגיישיין 5 (1),1,2642.4592,הראל יעקבי,2642.4592,7
3DMAX LARGE 10.8X16-RIGHT (1) + 3DMAX MEDIUM 8.5X13.7-LEFT (1) + GLUTACK DEVICE 50 DROPS (1) + טרוקר אקסל ללא סכין 11 B11LT (1),1,1857.062,איגור ירוחימוב,1857.062,4
3DMAX LIGHT 10X 16CM - RIGHT (1) + 3DMAX LIGHT 10X16CM - LEFT (1) + אנדו קליפ 10 176625 (1) + טאקר נספג-25 סיכות-ETHICON (1),1,2995.6666,ויסאם חורי,2995.6666,4
"3DMAX LIGHT 10X 16CM - RIGHT (1) + 3DMAX LIGHT 10X16CM - LEFT (1) + V-LOC 3/0 R.B.26-VLOCM0604 (1) + טאקר נספג - 15 סיכות (1) + טרוקר אקסל OPTI-סכין-5X100 (1) + טרוקר אקסל ללא סכין 11 B11LT (1) + מחט ורז 120 מ""מ - חד פעמי (1) + שרוול אקסל 10-11  CB11LT (1)",1,2039.7156,רפאל מילר,2039.7156,8
"3DMAX LIGHT 10X 16CM - RIGHT (1) + 3DMAX LIGHT 10X16CM - LEFT (1) + V-LOC 3/0 R.B.26-VLOCL0604 (1) + טאקר נספג-25 סיכות-ETHICON (1) + טרוקר אקסל OPTI-5X100 (1) + טרוקר אקסל ללא סכין 11 B11LT (1) + מחט ורז 120 מ""מ - חד פעמי (1)",1,2594.7230999999997,אחמד עסליה,2594.7230999999997,7
3DMAX LIGHT 10X 16CM - RIGHT (1) + 3DMAX LIGHT 10X16CM - LEFT (1) + V-LOC 3/0 R.B.26-VLOCL0604 (1) + טאקר נספג-25 סיכות-ETHICON (1) + טרוקר אקסל OPTI-5X100 (1) + טרוקר אקסל ללא סכין 11 B11LT (1) + ליגשור מרילנד ארוך - LF1937 (1) + שרוול אקסל 10-11  CB11LT (1),1,3851.9233,ויסאם חורי,3851.9233,8
"3DMAX LIGHT 10X 16CM - RIGHT (1) + 3DMAX LIGHT 10X16CM - LEFT (1) + V-LOC 3/0 R.B.26-VLOCL0604 (1) + טאקר נספג-25 סיכות-ETHICON (1) + טרוקר אקסל OPTI-5X100 (1) + טרוקר אקסל ללא סכין 11 B11LT (1) + כיסוי מצלמה לפרסקופית (1) + מזרק 20 מ""ל (1) + סטרי-סטריפ 1/2 (1) + פלטה דיאט. ללא כבל-מבוגר (1) + שרוול אקסל 10-11  CB11LT (1) + שרוול אקסל OPTI-5X100 (1)",1,2686.5854,ויסאם חורי,2686.5854,12
3DMAX LIGHT 10X 16CM - RIGHT (1) + 3DMAX LIGHT 10X16CM - LEFT (1) + SOL. SEPTAL SCRUB 500ML (1) + SOL.ALCOHOL+CHLORHEXIDINE 0.5L (1) + טאקר נספג-25 סיכות-ETHICON (1) + טרוקר אקסל OPTI-5X100 (1) + טרוקר אקסל ללא סכין 11 B11LT (1) + מספריים לאנדו (1) + שרוול אקסל OPTI-12X100 (1),1,2533.2322999999997,אלכסנדר בקר,2533.2322999999997,9
3DMAX LIGHT 10X 16CM - RIGHT (1) + 3DMAX LIGHT 10X16CM - LEFT (1) + MONOCRYL-P.3/0 R.C 26-MCP3213H (1) + טאקר נספג-25 סיכות-ETHICON (1) + טרוקר אקסל OPTI-5X100 (1) + טרוקר אקסל ללא סכין 11 B11LT (1),1,2524.8041,אחמד עסליה,2524.8041,6
3DMAX LIGHT 10X 16CM - RIGHT (1) + 3DMAX LIGHT 10X16CM - LEFT (1) + LIQUIBAND FIX8 טאקר דבק (1) + טרוקר אקסל OPTI-סכין-5X100 (1) + טרוקר חסן 12 H12LP (1) + מספריים לאפ (1) + סקשן איריגיישיין 5 (1) + שרוול אקסל OPTI-5X100 (1),1,2247.7705,אלכסנדר לבדב,2247.7705,8
3DMAX LIGHT 10X 16CM - RIGHT (1) + 3DMAX LIGHT 10X16CM - LEFT (1) + LIQUIBAND FIX8 טאקר דבק (1) + בלון אמצעי T10SB (1) + בלון דו צדדי PDBS2 (1) + טרוקר ללא סכין 5 NB5STF (1) + מספריים לאפ (1),1,2738.0663,גילבר אוחנה,2738.0663,7
3DMAX LIGHT 10X 16CM - RIGHT (1) + 3DMAX LIGHT 10X16CM - LEFT (1) + LIQUIBAND FIX8 טאקר דבק (1) + בלון אמצעי T10SB (1) + בלון דו צדדי PDBS2 (1) + טאקר נספג - 15 סיכות (1) + טרוקר ללא סכין 5 NB5STF (1) + סקשן איריגיישיין 5 (1),1,3638.4471,גילבר אוחנה,3638.4471,8
3DMAX LIGHT 10X 16CM - RIGHT (1) + 3DMAX LIGHT 10X16CM - LEFT (1) + LIQUIBAND FIX8 טאקר דבק (1) + אנדו קליפ 5 EL5ML (1) + בלון אמצעי T10SB (1) + בלון דו צדדי PDBS2 (1) + טרוקר ללא סכין 5 NB5STF (1) + סקשן איריגיישיין 5 (1),1,3560.2053,גילבר אוחנה,3560.2053,8
3DMAX LIGHT 10X 16CM - RIGHT (1) + 3DMAX LIGHT 10X16CM - LEFT (1) + LIQUIBAND FIX8 טאקר דבק (1) + אנדו קליפ 5 176630 (1) + בלון אמצעי T10SB (1) + בלון דו צדדי PDBS2 (1) + טרוקר ללא סכין 5 NB5STF (1) + סקשן איריגיישיין 5 (1),1,3611.2697,גילבר אוחנה,3611.2697,8
3DMAX LIGHT 10X 16CM - RIGHT (1) + 3DMAX LIGHT 10X16CM - LEFT (1) + LIQUIBAND FIX8 טאקר דבק (1) + אנדו קליפ 5 176630 (1) + בלון אמצעי T10SB (1) + בלון דו צדדי PDBS2 (1) + טרוקר ללא סכין 5 NB5STF (1),1,3516.0067,גילבר אוחנה,3516.0067,7
3DMAX LIGHT 10X 16CM - RIGHT (1) + 3DMAX LIGHT 10X16CM - LEFT (1) + LIQUIBAND FIX8 טאקר דבק (1) + SURGICEL FIBRILLAR 5CM*10CM (1) + בלון אמצעי T10SB (1) + בלון דו צדדי PDBS2 (1) + טרוקר ללא סכין 5 NB5STF (1) + סקשן איריגיישיין 5 (1),1,3086.2165,גילבר אוחנה,3086.2165,8
3DMAX LIGHT 10X 16CM - RIGHT (1) + 3DMAX LIGHT 10X16CM - LEFT (1) + GLUBRAN2-SURGICAL GLUE-0.5ML (1) + GLUTACK DEVICE 25 DROPS (1) + SURGICEL SNOW 5CMX10CM (1) + אנדו קליפ 5 EL5ML (1) + בלון אמצעי T10SB (1) + בלון דו צדדי PDBS2 (1),1,3462.7504,מרדכי שמעונוב,3462.7504,8
3DMAX LIGHT 10X 16CM - RIGHT (1) + 3DMAX LIGHT 10X16CM - LEFT (1) + FILBLOC 90 3/0  - FU395HHFAB (1) + FILBLOC PDO 3/0 - FU395HHAB (1) + טאקר נספג-25 סיכות-ETHICON (1) + טרוקר אקסל OPTI-5X100 (1) + טרוקר אקסל ללא סכין 11 B11LT (1) + ליגשור מרילנד ארוך - LF1937 (1) + שרוול אקסל 10-11  CB11LT (1),1,4051.3495,ויסאם חורי,4051.3495,9
"3DMAX LIGHT 10X 16CM - RIGHT (1) + 3DMAX LIGHT 10X16CM - LEFT (1) + טאקר נספג-25 סיכות-ETHICON (1) + טרוקר אקסל OPTI-5X100 (1) + טרוקר אקסל ללא סכין 11 B11LT (1) + מחט ורז 150 מ""מ - חד פעמי (1)",1,2599.9109,אחמד עסליה,2599.9109,6
"3DMAX LIGHT 10X 16CM - RIGHT (1) + 3DMAX LIGHT 10X16CM - LEFT (1) + טאקר נספג-25 סיכות-ETHICON (1) + טרוקר אקסל OPTI-5X100 (1) + טרוקר אקסל ללא סכין 11 B11LT (1) + מחט ורז 120 מ""מ - חד פעמי (1) + שרוול אקסל 10-11  CB11LT (1)",1,2533.0299999999997,אחמד עסליה,2533.0299999999997,7
3DMAX LIGHT 10X 16CM - RIGHT (1) + 3DMAX LIGHT 10X16CM - LEFT (1) + טאקר נספג-25 סיכות-ETHICON (1) + טרוקר אקסל OPTI-5X100 (1) + טרוקר אקסל ללא סכין 11 B11LT (1) + ליגשור מרילנד ארוך - LF1937 (1) + שרוול אקסל 10-11  CB11LT (1),1,3823.5031,ויסאם חורי,3823.5031,7
"3DMAX LIGHT 10X 16CM - RIGHT (1) + 3DMAX LIGHT 10X16CM - LEFT (1) + טאקר נספג-25 סיכות-ETHICON (1) + טרוקר אקסל OPTI-5X100 (1) + טרוקר אקסל ללא סכין 11 B11LT (1) + כיסוי מצלמה לפרסקופית (1) + מזרק 20 מ""ל (1) + סטרי-סטריפ 1/2 (1) + פלטה דיאט. ללא כבל-מבוגר (1) + שרוול אקסל OPTI-5X100 (1)",1,2522.5020999999997,אחמד עסליה,2522.5020999999997,10
3DMAX LIGHT 10X 16CM - RIGHT (1) + 3DMAX LIGHT 10X16CM - LEFT (1) + טאקר נספג-25 סיכות-ETHICON (1) + טרוקר אקסל OPTI-12X100 (1) + טרוקר אקסל OPTI-5X100 (1) + טרוקר אקסל ללא סכין 11 B11LT (1) + שרוול אקסל 10-11  CB11LT (1) + שרוול אקסל OPTI-5X100 (1),1,2676.395,אחמד עסליה,2676.395,8
3DMAX LIGHT 10X 16CM - RIGHT (1) + 3DMAX LIGHT 10X16CM - LEFT (1) + טאקר נספג - 15 סיכות (1) + טרוקר אקסל OPTI-5X100 (1) + טרוקר אקסל ללא סכין 11 B11LT (1) + שרוול אקסל 10-11  CB11LT (1),1,1992.1531,אריאל עזרא שאמי,1992.1531,6
3DMAX LIGHT 10X 16CM - RIGHT (1) + 3DMAX LIGHT 10X16CM - LEFT (1) + טאקר נספג - 15 סיכות (1) + טרוקר אקסל OPTI-5X100 (1) + טרוקר אקסל ללא סכין 11 B11LT (1) + ליגשור מרילנד ארוך - LF1937 (1) + שרוול אקסל 10-11  CB11LT (1),1,3193.4956,ויסאם חורי,3193.4956,7
3DMAX LIGHT 10X 16CM - RIGHT (1) + 3DMAX LIGHT 10X16CM - LEFT (1) + בלון אמצעי T10SB (1) + בלון דו צדדי PDBS2 (1) + טאקר-10 סיכות MICROVAL (1) + טרוקר ללא סכין 5 NB5STF (1),1,2375.7778,משה פפא,2375.7778,6
3DMAX LIGHT 10X 16CM - RIGHT (1) + 3DMAX LIGHT 10X16CM - LEFT (1) + בלון אמצעי T10SB (1) + בלון דו צדדי PDBS2 (1) + טאקר נספג-25 סיכות-ETHICON (1) + טרוקר אקסל OPTI-5X100 (1) + מספריים לאפ (1) + שרוול אקסל OPTI-5X100 (1),1,3120.29,אנדרי קידר,3120.29,8
3DMAX LIGHT 10X 16CM - RIGHT (1) + 3DMAX LIGHT 10X16CM - LEFT (1) + אנדו קליפ 5 EL5ML (1) + טאקר נספג-25 סיכות-ETHICON (1) + טרוקר אקסל OPTI-5X100 (1) + טרוקר אקסל ללא סכין 11 B11LT (1) + שרוול אקסל 10-11  CB11LT (1),1,3260.8223,ויסאם חורי,3260.8223,7
3DMAX LIGHT 10X 16CM - RIGHT (1) + 3DMAX LIGHT 10X16CM - LEFT (1) + אנדו קליפ 5 EL5ML (1) + טאקר נספג-25 סיכות-ETHICON (1) + טרוקר אקסל OPTI-5X100 (1) + טרוקר אקסל ללא סכין 11 B11LT (1) + ליגשור מרילנד ארוך - LF1937 (1) + שרוול אקסל 10-11  CB11LT (1),1,4510.8223,ויסאם חורי,4510.8223,8
3DMAX LIGHT 10X 16CM - RIGHT (1) + 3DMAX LIGHT 10X16CM - LEFT (1) + אנדו קליפ 5 EL5ML (1) + טאקר נספג-25 סיכות-ETHICON (1) + טרוקר אקסל OPTI-5X100 (1) + טרוקר אקסל ללא סכין 11 B11LT (1) + ליגשור מרילנד ארוך - LF1937 (1) + סקשן איריגיישיין 5 (1) + שרוול אקסל 10-11  CB11LT (1),1,4567.7068,ויסאם חורי,4567.7068,9
3DMAX LIGHT 10X 16CM - RIGHT (1) + 3DMAX LIGHT 10X16CM - LEFT (1) + אנדו קליפ 5 EL5ML (1) + בלון דו צדדי PDBS2 (1) + טאקר נספג-25 סיכות-ETHICON (1) + טרוקר אקסל OPTI-12X100 (1) + טרוקר אקסל OPTI-5X100 (1) + טרוקר אקסל ללא סכין 11 B11LT (1) + מספריים לאפ (1) + סקשן איריגיישיין 5 (1) + שרוול אקסל OPTI-5X100 (1),1,3697.2091,דוד חזן,3697.2091,11
3DMAX LIGHT 10X 16CM - RIGHT (1) + 3DMAX LIGHT 10X16CM - LEFT (1) + אנדו קליפ 5 176630 (1) + בלון אמצעי T10SB (1) + בלון דו צדדי PDBS2 (1) + טאקר-10 סיכות MICROVAL (1) + טרוקר אקסל OPTI-סכין-5X100 (1) + שרוול אקסל OPTI-5X100 (1),1,3144.3698999999997,אדריאן ולאנו,3144.3698999999997,8
3DMAX LIGHT 10X 16CM - RIGHT (1) + 3DMAX LIGHT 10X16CM - LEFT (1) + אנדו קליפ 10 ER-320 (1) + טאקר נספג-25 סיכות-ETHICON (1) + טרוקר אקסל OPTI-5X100 (1) + טרוקר אקסל ללא סכין 11 B11LT (1) + ליגשור מרילנד ארוך - LF1937 (1) + שרוול אקסל 10-11  CB11LT (1),1,4342.3278,ויסאם חורי,4342.3278,8
3DMAX LIGHT 10X 16CM - RIGHT (1) + 3DMAX LIGHT 10X16CM - LEFT (1) + אנדו קליפ 10 176657 (1) + טאקר נספג-25 סיכות-ETHICON (1) + טרוקר אקסל OPTI-5X100 (1) + טרוקר אקסל ללא סכין 11 B11LT (1) + ליגשור מרילנד ארוך - LF1937 (1) + סקשן איריגיישיין 5 (1) + שרוול אקסל OPTI-5X100 (1),1,4380.5712,ויסאם חורי,4380.5712,9
3DMAX LIGHT 10X16CM - LEFT (1) + DYNAMESH ENDOLAP 3D 10*15CM (1) + LIQUIBAND FIX8 טאקר דבק (1) + אנדו קלינצ 5 מ''מ (1) + אנדו קליפ 5 176630 (1) + בלון אמצעי T10SB (1) + בלון דו צדדי PDBS2 (1) + טאקר נספג - 15 סיכות (1) + טרוקר ללא סכין 5 NB5STF (1),1,4245.0599,ירון מינץ,4245.0599,9
3DMAX LIGHT 10X 16CM - RIGHT (1) + 3DMAX LIGHT 8X 3CM - LEFT (1) + GLUTACK DEVICE 50 DROPS (1) + אנדו קליפ 5 EL5ML (1) + שרוול אקסל 10-11  CB11LT (1),1,2718.3777999999998,מדחת אבו סנינה,2718.3777999999998,5
3DMAX LIGHT 10X 16CM - RIGHT (1) + 3DMAX LIGHT 10X16CM - LEFT (1) + טאקר נספג-25 סיכות-ETHICON (1) + ליגשור מרילנד ארוך - LF1937 (1),1,3598.5031,ויסאם חורי,3598.5031,4
3DMAX LIGHT 10X 16CM - RIGHT (1) + 3DMAX LIGHT 10X16CM - LEFT (1) + טאקר נספג-25 סיכות-ETHICON (1) + טרוקר אקסל ללא סכין 11 B11LT (1) + ליגשור מרילנד ארוך - LF1937 (1) + שרוול אקסל 10-11  CB11LT (1) + שרוול אקסל OPTI-5X100 (1),1,3816.4563,ויסאם חורי,3816.4563,7
"3DMAX LARGE 10.8X16-LEFT (1) + 3DMAX LARGE 10.8X16-RIGHT (1) + V-LOC 3/0 R.B.26-VLOCM0604 (1) + טאקר נספג - 15 סיכות (1) + טרוקר אקסל ללא סכין 11 B11LT (1) + טרוקר אקסל עם סכין 5 D5ST (1) + מספריים מונופולר 5 מ""מ (1)",1,1992.6048999999998,הרצל רחמני,1992.6048999999998,7
3DMAX LARGE 10.8X16-LEFT (1) + 3DMAX LARGE 10.8X16-RIGHT (1) + V-LOC 3/0 R.B.26-VLOCM0604 (1) + בלון דו צדדי PDBS2 (1) + טאקר נספג-25 סיכות-ETHICON (1) + טרוקר אקסל ללא סכין 11 B11LT (1) + טרוקר ללא סכין 5 NB5STF (1) + מספריים לאפ (1) + סקשן איריגיישיין 5 (1),1,2847.2324,דוד חזן,2847.2324,9
"3DMAX LARGE 10.8X16-LEFT (1) + 3DMAX LARGE 10.8X16-RIGHT (1) + V-LOC 3/0 R.B.26-VLOCM0604 (1) + אנדו קליפ 5 EL5ML (1) + בלון דו צדדי PDBS2 (1) + טאקר נספג-25 סיכות-ETHICON (1) + טרוקר אקסל ללא סכין 11 B11LT (1) + טרוקר ללא סכין 5 NB5STF (1) + מספריים מונופולר 5 מ""מ (1)",1,3692.5297,דוד חזן,3692.5297,9
3DMAX LARGE 10.8X16-LEFT (1) + 3DMAX LARGE 10.8X16-RIGHT (1) + V-LOC 3/0 R.B.26-VLOCL0644 (1) + אנדו קליפ 5 176630 (1) + טאקר נספג - 15 סיכות (1) + טרוקר אקסל עם סכין 10-11 D11LT (1) + טרוקר אקסל עם סכין 5 D5ST (1) + סקשן איריגיישיין 5 (1),1,2743.7123,הרצל רחמני,2743.7123,8
3DMAX LARGE 10.8X16-LEFT (1) + 3DMAX LARGE 10.8X16-RIGHT (1) + V-LOC 2/0 R.B.30-VLOCM1545 (1) + V-LOC 3/0 R.B.17-VLOCM0804 (1) + V-LOC 3/0 R.B.26-VLOCM0604 (1) + טאקר נספג - 30 סיכות (1) + טרוקר אקסל עם סכין 10-11 D11LT (1) + טרוקר אקסל עם סכין 5 D5ST (1) + מספריים לאפ (1) + סקשן איריגיישיין 5 (1),1,2854.4462000000003,הרצל רחמני,2854.4462000000003,10
"3DMAX LARGE 10.8X16-LEFT (1) + 3DMAX LARGE 10.8X16-RIGHT (1) + ULTRAPRO MESH 6X11 (1) + בלון אמצעי T10SB (1) + בלון דו צדדי PDBS2 (1) + טאקר נספג - 15 סיכות (1) + טרוקר אקסל עם סכין 10-11 D11LT (1) + מספריים מונופולר 5 מ""מ (1)",1,2793.9071,אולג פונומרנקו,2793.9071,8
3DMAX LARGE 10.8X16-LEFT (1) + 3DMAX LARGE 10.8X16-RIGHT (1) + ULTRAPRO MESH 6X11 (1) + בלון אמצעי T10SB (1) + בלון דו צדדי PDBS2 (1) + טאקר נספג - 15 סיכות (1) + טרוקר אקסל OPTI-סכין-5X100 (1) + טרוקר אקסל עם סכין 10-11 D11LT (1),1,2837.4887,אולג פונומרנקו,2837.4887,8
3DMAX LARGE 10.8X16-LEFT (1) + 3DMAX LARGE 10.8X16-RIGHT (1) + SURGICEL SNOW 5CMX10CM (1) + טאקר נספג-12 סיכות-ETHICON (1) + שרוול אקסל 10-11  CB11LT (1),1,2515.9446,ולדמיר נסטרנקו,2515.9446,5
3DMAX LARGE 10.8X16-LEFT (1) + 3DMAX LARGE 10.8X16-RIGHT (1) + SURGICEL SNOW 5CMX10CM (1) + אנדו קליפ 5 EL5ML (1) + טאקר נספג-12 סיכות-ETHICON (1) + שרוול אקסל 10-11  CB11LT (1),1,3248.5349,יבגני קרסיק,3248.5349,6
3DMAX LARGE 10.8X16-LEFT (1) + 3DMAX LARGE 10.8X16-RIGHT (1) + SURGICEL 10CM * 20CM (1) + אנדו קליפ 5 EL5ML (1) + טאקר נספג-12 סיכות-ETHICON (1) + שרוול אקסל 10-11  CB11LT (1),1,3025.4907000000003,ולדמיר נסטרנקו,3025.4907000000003,6
3DMAX LARGE 10.8X16-LEFT (1) + 3DMAX LARGE 10.8X16-RIGHT (1) + SURGICEL 10CM * 20CM (1) + V-LOC 3/0 R.B.26-VLOCM0604 (1) + טאקר-10 סיכות MICROVAL (1) + טרוקר אקסל OPTI-5X100 (1) + טרוקר אקסל ללא סכין 11 B11LT (1) + מספריים לאפ (1) + סקשן איריגיישיין 5 (1) + שרוול אקסל OPTI-5X100 (1),1,1925.1714,עמיר בן יהודה שלו,1925.1714,10
3DMAX LIGHT 10X 16CM - RIGHT (1) + 3DMAX LIGHT 10X16CM - LEFT (1) + טאקר נספג-25 סיכות-ETHICON (1) + טרוקר אקסל OPTI-5X100 (1) + ליגשור מרילנד ארוך - LF1937 (1) + שרוול אקסל 10-11  CB11LT (1),1,3685.406,ויסאם חורי,3685.406,6
3DMAX MEDIUM 8.5X13.7-LEFT (1) + 3DMAX MEDIUM 8.5X13.7-RIGHT (1) + אנדו קליפ 5 176630 (1) + בלון אמצעי T10SB (1) + בלון דו צדדי PDBS2 (1) + טאקר נספג-25 סיכות-ETHICON (1) + טרוקר ללא סכין 5 NB5STF (1) + מספריים לאפ (1) + סקשן איריגיישיין 5 (1),1,3753.6018,משה גיפס,3753.6018,9
3DMAX MEDIUM 8.5X13.7-LEFT (1) + 3DMAX MEDIUM 8.5X13.7-RIGHT (1) + אנדו קלינצ 5 מ''מ (1) + בלון אמצעי T10SB (1) + בלון דו צדדי PDBS2 (1) + טאקר נספג-25 סיכות-ETHICON (1) + טרוקר ללא סכין 5 NB5STF (1) + מספריים לאפ (1) + סקשן איריגיישיין 5 (1),1,2986.5271000000002,משה גיפס,2986.5271000000002,9
3DMAX MEDIUM 8.5X13.7-LEFT (1) + 3DMAX MEDIUM 8.5X13.7-RIGHT (1) + אנדו קלינצ 5 מ''מ (1) + אנדו קליפ 5 176630 (1) + בלון אמצעי T10SB (1) + בלון דו צדדי PDBS2 (1) + טאקר-10 סיכות MICROVAL (1) + טרוקר אקסל OPTI-סכין-5X100 (1) + טרוקר אקסל עם סכין 10-11 D11LT (1) + שרוול אקסל OPTI-5X100 (1),1,3124.0014,אדריאן ולאנו,3124.0014,10
3DMAX MEDIUM 8.5X13.7-LEFT (1) + 3DMAX MEDIUM 8.5X13.7-RIGHT (1) + VERSAONE BLADED TROCAR WITH FI (1) + בלון אמצעי T10SB (1) + בלון דו צדדי PDBS2 (1) + טאקר נספג-25 סיכות-ETHICON (1) + מספריים לאפ (1) + סקשן איריגיישיין 5 (1),1,2980.7792,משה גיפס,2980.7792,8
3DMAX MEDIUM 8.5X13.7-LEFT (1) + 3DMAX MEDIUM 8.5X13.7-RIGHT (1) + V-LOC 3/0 R.B.26-VLOCL0604 (1) + אנדו קליפ 5 EL5ML (1) + טאקר נספג-12 סיכות-ETHICON (1) + טרוקר אקסל OPTI-5X100 (1) + טרוקר אקסל ללא סכין 11 B11LT (1) + סקשן איריגיישיין 5 (1) + שרוול אקסל OPTI-5X100 (1),1,3137.1413000000002,איאן וייט,3137.1413000000002,9
3DMAX MEDIUM 8.5X13.7-LEFT (1) + 3DMAX MEDIUM 8.5X13.7-RIGHT (1) + LIQUIBAND FIX8 טאקר דבק (1) + בלון אמצעי T10SB (1) + בלון דו צדדי PDBS2 (1) + טאקר נספג-25 סיכות-ETHICON (1) + טרוקר אקסל OPTI-סכין-5X100 (1) + סקשן איריגיישיין 5 (1) + שרוול אקסל OPTI-5X100 (1),1,4029.5505,משה גיפס,4029.5505,9
3DMAX MEDIUM 8.5X13.7-LEFT (1) + 3DMAX MEDIUM 8.5X13.7-RIGHT (1) + LIQUIBAND FIX8 טאקר דבק (1) + MICROVAL 7.5 X 15CM (1) + אנדו קלינצ 5 מ''מ (1) + אנדו קליפ 5 176630 (1) + טאקר נספג - 30 סיכות (1) + טרוקר אקסל OPTI-סכין-5X100 (1) + טרוקר אקסל עם סכין 10-11 D11LT (1) + מספריים לאפ (1) + סקשן איריגיישיין 5 (1),1,4348.001899999999,מרינה אליס,4348.001899999999,11
3DMAX MEDIUM 8.5X13.7-LEFT (1) + 3DMAX MEDIUM 8.5X13.7-RIGHT (1) + GLUTACK DEVICE 50 DROPS (1) + טאקר נספג-25 סיכות-ETHICON (1) + טרוקר אקסל OPTI-5X100 (1) + טרוקר אקסל ללא סכין 11 B11LT (1) + שרוול אקסל OPTI-5X100 (1),1,3415.406,זכר שפירא,3415.406,7
3DMAX MEDIUM 8.5X13.7-LEFT (1) + 3DMAX MEDIUM 8.5X13.7-RIGHT (1) + GLUBRAN2-SURGICAL GLUE-1ML (1) + GLUTACK DEVICE 50 DROPS (1) + טרוקר אקסל OPTI-סכין-5X100 (1) + טרוקר אקסל ללא סכין 11 B11LT (1) + שרוול אקסל OPTI-5X100 (1),1,2443.8346,זכר שפירא,2443.8346,7
3DMAX MEDIUM 8.5X13.7-LEFT (1) + 3DMAX MEDIUM 8.5X13.7-RIGHT (1) + CAPSURE טאקר 30 (1) + בלון אמצעי T10SB (1) + בלון דו צדדי PDBS2 (1) + טרוקר ללא סכין 5 NB5STF (1) + מספריים לאפ (1) + סקשן איריגיישיין 5 (1),1,2761.0542,הראל יעקבי,2761.0542,8
3DMAX MEDIUM 8.5X13.7-LEFT (1) + 3DMAX MEDIUM 8.5X13.7-RIGHT (1) + CAPSURE טאקר 30 (1) + בלון אמצעי T10SB (1) + בלון דו צדדי PDBS2 (1) + טרוקר CFF03 - 5X100 (1) + טרוקר חסן 12 H12LP (1) + שרוול לטרוקר 5 - CFS02 (1),1,2699.3572,יוסף בראון,2699.3572,8
3DMAX MEDIUM 8.5X13.7-LEFT (1) + 3DMAX MEDIUM 8.5X13.7-RIGHT (1) + CAPSURE טאקר 30 (1) + VERSAONE BLADED TROCAR WITH FI (1) + בלון אמצעי T10SB (1) + בלון דו צדדי PDBS2 (1) + מספריים לאפ (1),1,2700.4,חנוך קשתן,2700.4,7
3DMAX LIGHT 8X13CM - RIGHT (1) + אנדו קליפ 5 EL5ML (1) + טאקר נספג-12 סיכות-ETHICON (1) + טרוקר אקסל OPTI-סכין-5X100 (1) + טרוקר אקסל ללא סכין 11 B11LT (1) + שרוול אקסל OPTI-5X100 (1),1,2639.9311,זכר שפירא,2639.9311,6
3DMAX LIGHT 8X13CM - RIGHT (1) + 3DMAX MEDIUM 8.5X13.7-LEFT (1) + CAPSURE טאקר 30 (1) + טרוקר חסן 12 H12LP (1),1,2027.5778,יניב ברגר,2027.5778,4
"3DMAX LIGHT 8X 3CM - LEFT (1) + 3DMAX LIGHT 8X13CM - RIGHT (1) + בלון להרניה עגול - SMBTTRNDX (1) + טאקר נספג-25 סיכות-ETHICON (1) + מספריים מונופולר 5 מ""מ (1)",1,2988.7336,אריה איתן,2988.7336,5
3DMAX LIGHT 8X 3CM - LEFT (1) + 3DMAX LIGHT 8X13CM - RIGHT (1) + VERSATEX MONO.MESH-VTX1515 (1) + בלון להרניה עגול - SMBTTRNDX (1) + טאקר נספג-25 סיכות-ETHICON (1),1,3171.4475,אריה איתן,3171.4475,5
ANATOMIC LIGHT 10X14CM LF (1) + ANATOMIC LIGHT 10X14CM RT (1) + בלון אמצעי T10SB (1) + בלון דו צדדי PDBS2 (1) + טרוקר אקסל OPTI-סכין-5X100 (1) + שרוול אקסל OPTI-5X100 (1),1,1825.604,בוריס קירשטיין,1825.604,6
ADHES.DERMABOND 0.7ML (1) + DEXTILE LEFT ANT. MESH 15X10CM (1) + DEXTILE RIGHT ANT. MESH 15X10C (1) + בלון אמצעי T10SB (1) + בלון דו צדדי PDBS2 (1) + טאקר נספג-25 סיכות-ETHICON (1) + טרוקר אקסל ללא סכין 11 B11LT (1) + טרוקר ללא סכין 5 NB5STF (1) + סקשן איריגיישיין 5 (1),1,3141.0452999999998,ערן נזרי,3141.0452999999998,9
ADHES. LIQUIBAND OPTIMA 0.5G (1) + PROGRIP ANTMCL 15X10CM-LEFT (1) + PROGRIP ANTMCL 15X10CM-RIGHT (1) + VENTRALEX SMALL - 5950007 (1) + בלון אמצעי T10SB (1) + בלון דו צדדי PDBS2 (1) + טרוקר אקסל OPTI-סכין-5X100 (1) + שרוול אקסל OPTI-5X100 (1),1,3864.0198,אורי נץ,3864.0198,8
ACS-G.W.14X190-B.M.W (1) + CORDIS-G.C.6FR-JR4.0 (1) + G.W.35X150X3-R.A (1) + MODEL - 5F IMPULSE FL3.5 (5PK) (1) + TERU.-INTRO.6FR-RAD.KIT (1) + ULTIMASTER TANSEI STENT 3.5X21 (1) + ULTIMASTER TANSEI STENT 4.0X18 (1) + ULTIMASTER TANSEI STENT 4.0X38 (1),1,3009.946,מיכאל יונש,3009.946,8
3DMAX MEDIUM 8.5X13.7-RIGHT (1) + טאקר נספג-25 סיכות-ETHICON (1) + טרוקר אקסל OPTI-5X100 (1) + טרוקר אקסל ללא סכין 11 B11LT (1) + שרוול אקסל OPTI-5X100 (1),1,1992.5193,זכר שפירא,1992.5193,5
3DMAX MEDIUM 8.5X13.7-RIGHT (1) + CAPSURE טאקר 30 (1) + V-LOC 2/0 R.B.26-VLOCL2105 (1) + בלון אמצעי T10SB (1) + בלון דו צדדי PDBS2 (1) + טרוקר ללא סכין 5 NB5STF (1) + סקשן איריגיישיין 5 (1),1,2375.1144,אנדרי קידר,2375.1144,7
3DMAX MEDIUM 8.5X13.7-LEFT (1) + 3DMAX MEDIUM 8.5X13.7-RIGHT (1) + טאקר נספג-12 סיכות-ETHICON (1) + טאקר נספג-25 סיכות-ETHICON (1) + טרוקר אקסל OPTI-5X100 (1) + טרוקר אקסל ללא סכין 11 B11LT (1) + שרוול אקסל OPTI-5X100 (1),1,3601.8559999999998,זכר שפירא,3601.8559999999998,7
3DMAX MEDIUM 8.5X13.7-LEFT (1) + 3DMAX MEDIUM 8.5X13.7-RIGHT (1) + טאקר נטען-20 סיכות MICROVAL (1) + טרוקר אקסל ללא סכין 11 B11LT (1) + טרוקר ללא סכין 5 NB5STF (1),1,1779.2132,עזרא עוז יקיר,1779.2132,5
"3DMAX MEDIUM 8.5X13.7-LEFT (1) + 3DMAX MEDIUM 8.5X13.7-RIGHT (1) + בלון אמצעי T10SB (1) + בלון דו צדדי PDBS2 (1) + טאקר נספג-25 סיכות-ETHICON (1) + טרוקר ללא סכין 5 NB5STF (1) + מספריים מונופולר 5 מ""מ (1) + סקשן איריגיישיין 5 (1)",1,3123.5038999999997,משה גיפס,3123.5038999999997,8
3DMAX MEDIUM 8.5X13.7-LEFT (1) + 3DMAX MEDIUM 8.5X13.7-RIGHT (1) + בלון אמצעי T10SB (1) + בלון דו צדדי PDBS2 (1) + טאקר נספג-25 סיכות-ETHICON (1) + טרוקר ללא סכין 5 NB5STF (1),1,2978.9114,משה גיפס,2978.9114,6
3DMAX MEDIUM 8.5X13.7-LEFT (1) + 3DMAX MEDIUM 8.5X13.7-RIGHT (1) + בלון אמצעי T10SB (1) + בלון דו צדדי PDBS2 (1) + טאקר נספג-25 סיכות-ETHICON (1) + טרוקר אקסל OPTI-סכין-5X100 (1) + סקשן איריגיישיין 5 (1) + שרוול אקסל OPTI-5X100 (1),1,3028.5405,משה גיפס,3028.5405,8
3DMAX MEDIUM 8.5X13.7-LEFT (1) + 3DMAX MEDIUM 8.5X13.7-RIGHT (1) + בלון אמצעי T10SB (1) + בלון דו צדדי PDBS2 (1) + טאקר נספג-25 סיכות-ETHICON (1) + טרוקר אקסל OPTI-סכין-5X100 (1) + מספריים לאפ (1) + סקשן איריגיישיין 5 (1) + שרוול אקסל OPTI-5X100 (1),1,3029.5405,משה גיפס,3029.5405,9
3DMAX MEDIUM 8.5X13.7-LEFT (1) + 3DMAX MEDIUM 8.5X13.7-RIGHT (1) + בלון אמצעי T10SB (1) + בלון דו צדדי PDBS2 (1) + טאקר נספג-12 סיכות-ETHICON (1) + טרוקר ללא סכין 5 NB5STF (1) + סקשן איריגיישיין 5 (1),1,2928.0287,משה גיפס,2928.0287,7
3DMAX MEDIUM 8.5X13.7-LEFT (1) + 3DMAX MEDIUM 8.5X13.7-RIGHT (1) + בלון אמצעי T10SB (1) + בלון דו צדדי PDBS2 (1) + טאקר נספג-12 סיכות-ETHICON (1) + טרוקר ללא סכין 5 NB5STF (1),1,2797.4426000000003,איאן וייט,2797.4426000000003,6
3DMAX MEDIUM 8.5X13.7-LEFT (1) + 3DMAX MEDIUM 8.5X13.7-RIGHT (1) + אנדו קליפ 5 EL5ML (1) + טאקר נספג-25 סיכות-ETHICON (1) + טרוקר אקסל OPTI-סכין-5X100 (1) + טרוקר אקסל ללא סכין 11 B11LT (1) + שרוול אקסל OPTI-5X100 (1),1,3113.1883,זכר שפירא,3113.1883,7
3DMAX MEDIUM 8.5X13.7-LEFT (1) + 3DMAX MEDIUM 8.5X13.7-RIGHT (1) + אנדו קליפ 5 EL5ML (1) + בלון אמצעי T10SB (1) + בלון דו צדדי PDBS2 (1) + טאקר נספג-12 סיכות-ETHICON (1) + טרוקר אקסל עם סכין 5 D5ST (1) + סקשן איריגיישיין 5 (1),1,3585.8228,איאן וייט,3585.8228,8
CAPSURE טאקר 30 (1) + DEXTILE LEFT ANT. MESH 16X12CM (1) + DEXTILE RIGHT ANT. MESH 16X12C (1) + PROGRIP FLAT SHEET MESH 16X12 (1) + STRATAFIX PDS 0 -SXPP1A433 (1) + טרוקר אקסל ללא סכין 11 B11LT (1) + טרוקר ללא סכין 5 NB5STF (1) + מספריים לאפ (1),1,2997.176,יורי מנוסקין,2997.176,8
CAPSURE טאקר 30 (1) + DEXTILE LEFT ANT. MESH 16X12CM (1) + DEXTILE RIGHT ANT. MESH 16X12C (1) + DYNAMESH 30X30 (1) + אנדו קליפ 5 EL5ML (1) + טרוקר אקסל ללא סכין 11 B11LT (1) + טרוקר ללא סכין 5 NB5STF (1) + מספריים לאפ (1) + שרוול אקסל 10-11  CB11LT (1),1,5779.3616,יורי מנוסקין,5779.3616,9
CAPSURE טאקר 30 (1) + DEXTILE LEFT ANT. MESH 16X12CM (1) + DEXTILE RIGHT ANT. MESH 16X12C (1) + DYNAMESH 30X30 (1) + STRATAFIX PDS 0 -SXPP1A433 (1) + טרוקר אקסל OPTI-5X100 (1) + טרוקר אקסל ללא סכין 11 B11LT (1) + מספריים לאפ (1) + שרוול אקסל 10-11  CB11LT (1) + שרוול אקסל OPTI-5X100 (1),1,5178.366,יורי מנוסקין,5178.366,10
CAPSURE טאקר 30 (1) + DEXTILE LEFT ANT. MESH 16X12CM (1) + DEXTILE RIGHT ANT. MESH 16X12C (1) + DYNAMESH 30X30 (1) + STRATAFIX PDS 0 -SXPP1A433 (1) + STRATAFIX PDS 0-SXPP1B406 (2) + טרוקר אקסל ללא סכין 11 B11LT (1) + מספריים לאפ (1) + שרוול אקסל OPTI-5X100 (1),1,5224.6608,יורי מנוסקין,5224.6608,10
CAPSURE טאקר 30 (1) + DEXTILE LEFT ANT. MESH 16X12CM (1) + DEXTILE RIGHT ANT. MESH 16X12C (1) + DYNAMESH 20X30 (1) + אנדו קליפ 5 EL5ML (1) + טרוקר אקסל ללא סכין 11 B11LT (1) + טרוקר ללא סכין 5 NB5STF (1) + שרוול אקסל 10-11  CB11LT (1),1,5134.6605,יורי מנוסקין,5134.6605,8
CAPSURE טאקר 30 (1) + DEXTILE LEFT ANT. MESH 16X12CM (1) + DEXTILE RIGHT ANT. MESH 16X12C (1) + DYNAMESH 20X30 (1) + STRATAFIX PDS 0 -SXPP1A433 (1) + טרוקר אקסל ללא סכין 11 B11LT (1) + טרוקר ללא סכין 5 NB5STF (1) + מספריים לאפ (1) + סקשן איריגיישיין 5 (1) + שרוול אקסל 10-11  CB11LT (1),1,4496.9952,יורי מנוסקין,4496.9952,10
CAPSURE טאקר 30 (1) + DEXTILE LEFT ANT. MESH 15X10CM (1) + DEXTILE RIGHT ANT. MESH 15X10C (1) + VERSAONE BLADED TROCAR WITH FI (1) + בלון אמצעי T10SB (1) + בלון דו צדדי PDBS2 (1) + טרוקר ללא סכין 5 NB5STF (1) + מספריים לאפ (1),1,2715.7592999999997,אליעד קרין,2715.7592999999997,8
CAPSURE טאקר 30 (1) + DEXTILE LEFT ANT. MESH 15X10CM (1) + DEXTILE RIGHT ANT. MESH 15X10C (1) + VENTRALEX SMALL - 5950007 (1) + VERSAONE BLADED TROCAR WITH FI (1) + בלון אמצעי T10SB (1) + בלון דו צדדי PDBS2 (1) + טרוקר ללא סכין 5 NB5STF (1) + סקשן איריגיישיין 5 (1),1,3979.5105,אליעד קרין,3979.5105,9
CAPSURE טאקר 30 (1) + DEXTILE LEFT ANT. MESH 15X10CM (1) + DEXTILE RIGHT ANT. MESH 15X10C (1) + VENTRALEX SMALL - 5950007 (1) + VERSAONE BLADED TROCAR WITH FI (1) + בלון אמצעי T10SB (1) + בלון דו צדדי PDBS2 (1) + טרוקר ללא סכין 5 NB5STF (1) + מספריים לאפ (1) + סקשן איריגיישיין 5 (1),1,3937.9930999999997,אליעד קרין,3937.9930999999997,10
CAPSURE טאקר 30 (1) + DEXTILE LEFT ANT. MESH 15X10CM (1) + DEXTILE RIGHT ANT. MESH 15X10C (1) + VENTRALEX MEDIUM - 5950008 (1) + VERSAONE BLADED TROCAR WITH FI (1) + בלון אמצעי T10SB (1) + בלון דו צדדי PDBS2 (1) + טרוקר ללא סכין 5 NB5STF (1),1,4014.4593,אליעד קרין,4014.4593,8
CAPSURE טאקר 30 (1) + DEXTILE LEFT ANT. MESH 15X10CM (1) + DEXTILE RIGHT ANT. MESH 15X10C (1) + SURGICEL 10CM * 20CM (1) + VERSAONE BLADED TROCAR WITH FI (1) + אנדו קליפ 5 176630 (1) + אנדו קליפ 5 EL5ML (1) + בלון אמצעי T10SB (1) + בלון דו צדדי PDBS2 (1) + טרוקר ללא סכין 5 NB5STF (1) + סקשן איריגיישיין 5 (1),1,4310.1239000000005,אליעד קרין,4310.1239000000005,11
CAPSURE טאקר 30 (1) + CLOSURE DEVICE (1) + DYNAMESH ENDOLAP 3D 10*15CM (1) + SYMBOTEX COMPOSITE MESH 20X15 (1) + אנדו קלינצ 5 מ''מ (1) + בלון אמצעי T10SB (1) + בלון דו צדדי PDBS2 (1) + טאקר נספג - 15 סיכות (1) + טרוקר אקסל ללא סכין 11 B11LT (1) + טרוקר ללא סכין 5 NB5STF (1) + מספריים לאפ (1) + סקשן איריגיישיין 5 (1),1,4512.6105,ירון מינץ,4512.6105,12
CAPSURE טאקר 30 (1) + CLOSURE DEVICE (1) + DYNAMESH 10X15 (1) + DYNAMESH ENDOLAP 3D 10*15CM (1) + HARMONIC HD 1000I - HARHD36 (1) + LIQUIBAND FIX8 טאקר דבק (1) + V-LOC 3/0 R.B.26-VLOCM0604 (1) + טאקר נטען-20 סיכות MICROVAL (1) + טרוקר אקסל OPTI-5X100 (1) + טרוקר אקסל ללא סכין 11 B11LT (1) + טרוקר אקסל עם סכין 10-11 D11LT (1) + מספריים לאפ (1) + סקשן איריגיישיין 5 (1) + שרוול אקסל OPTI-5X100 (1),1,6579.0568,אילנית מלר,6579.0568,14
"CAPSURE טאקר 30 (1) + CLOSURE DEVICE (1) + DEXTILE LEFT ANT. MESH 15X10CM (1) + DEXTILE RIGHT ANT. MESH 15X10C (1) + טרוקר אקסל OPTI-סכין-12X100 (1) + טרוקר אקסל ללא סכין 11 B11LT (1) + כיסוי מצלמה לפרסקופית (1) + מזרק 20 מ""ל (1) + סטרי-סטריפ 1/2 (1) + פלטה דיאט. ללא כבל-מבוגר (1) + שרוול אקסל OPTI-5X100 (1)",1,2049.2160000000003,אוסמה אבו חטום,2049.2160000000003,11
CAPSURE טאקר 30 (1) + CLOSURE DEVICE (1) + DEXTILE LEFT ANT. MESH 15X10CM (1) + DEXTILE RIGHT ANT. MESH 15X10C (1) + STRATAFIX PDS 0 -SXPP1A433 (1) + SYMBOTEX ROUND MESH 15CM (1) + בלון אמצעי T10SB (1) + בלון דו צדדי PDBS2 (1) + טרוקר אקסל OPTI-סכין-5X100 (1) + טרוקר אקסל עם סכין 10-11 D11LT (1) + טרוקר ללא סכין 5 NB5STF (1) + מספריים לאפ (1) + סקשן איריגיישיין 5 (1) + שרוול אקסל OPTI-5X100 (1),1,4222.4472,אליעד קרין,4222.4472,14
"ANTI FOG (1) + PROGRIP FLAT SHEET MESH 15X10 (1) + בלון דו צדדי PDBS2 (1) + טרוקר CFF03 - 5X100 (1) + כיסוי מצלמה לפרסקופית (1) + מזרק 20 מ""ל (1) + סטרי-סטריפ 1/2 (1) + פלטה דיאט. ללא כבל-מבוגר (1) + שרוול לטרוקר 5 - CFS02 (1)",1,1349.368,שאדי  אבו סויס,1349.368,9
3DMAX LARGE 10.8X16-LEFT (1) + 3DMAX LARGE 10.8X16-RIGHT (1) + SOL. SEPTAL SCRUB 500ML (1) + SOL.ALCOHOL+CHLORHEXIDINE 0.5L (1) + VENTRALEX SMALL - 5950007 (1) + VICRYL-P. 0 T.P 27-VCP603H (1) + אנדו קליפ 5 EL5ML (1) + בלון אמצעי T10SB (1) + בלון דו צדדי PDBS2 (1) + טאקר נספג - 15 סיכות (1),1,4338.996999999999,ראובן אליגר,4338.996999999999,10
3DMAX LARGE 10.8X16-LEFT (1) + 3DMAX LARGE 10.8X16-RIGHT (1) + SOL. SEPTAL SCRUB 500ML (1) + SOL.ALCOHOL+CHLORHEXIDINE 0.5L (1) + VENTRALEX MEDIUM - 5950008 (1) + VICRYL-P. 0 T.P 27-VCP603H (1) + בלון אמצעי T10SB (1) + בלון דו צדדי PDBS2 (1) + טאקר נספג - 15 סיכות (1),1,3785.7716,ראובן אליגר,3785.7716,9
3DMAX LARGE 10.8X16-LEFT (1) + 3DMAX LARGE 10.8X16-RIGHT (1) + SOL. SEPTAL SCRUB 500ML (1) + SOL.ALCOHOL+CHLORHEXIDINE 0.5L (1) + SURGICEL 10CM * 20CM (1) + בלון אמצעי T10SB (1) + בלון דו צדדי PDBS2 (1) + טאקר נספג - 15 סיכות (1),1,2507.5963,ראובן אליגר,2507.5963,8
CAPSURE טאקר 30 (1) + DYNAMESH ENDOLAP 3D 10*15CM (1) + בלון אמצעי T10SB (1) + בלון דו צדדי PDBS2 (1) + טאקר נספג-12 סיכות-ETHICON (1),1,3488.2095,מוריס בטומסקי,3488.2095,5
CAPSURE טאקר 30 (1) + DYNAMESH ENDOLAP 3D 10*15CM (1) + בלון אמצעי T10SB (1) + בלון דו צדדי PDBS2 (1),1,2237.0595,מוריס בטומסקי,2237.0595,4
CAPSURE טאקר 30 (1) + DYNAMESH ENDOLAP 3D 10*15CM (1) + אנדו קליפ 5 EL5ML (1) + בלון אמצעי T10SB (1) + בלון דו צדדי PDBS2 (1),1,2999.5415999999996,מוריס בטומסקי,2999.5415999999996,5
CAPSURE טאקר 30 (1) + DEXTILE RIGHT ANT. MESH 16X12C (1) + טרוקר אקסל OPTI-5X100 (1) + טרוקר אקסל ללא סכין 11 B11LT (1) + שרוול אקסל OPTI-5X100 (1),1,1720.2707,יורי מנוסקין,1720.2707,5
CAPSURE טאקר 30 (1) + DEXTILE LEFT ANT. MESH 16X12CM (1) + DEXTILE RIGHT ANT. MESH 16X12C (1) + טרוקר אקסל ללא סכין 11 B11LT (1) + טרוקר ללא סכין 5 NB5STF (2),1,2071.7991,יורי מנוסקין,2071.7991,6
CAPSURE טאקר 30 (1) + DEXTILE LEFT ANT. MESH 16X12CM (1) + DEXTILE RIGHT ANT. MESH 16X12C (1) + טרוקר אקסל OPTI-5X100 (1) + טרוקר אקסל ללא סכין 11 B11LT (1) + שרוול אקסל 10-11  CB11LT (1) + שרוול אקסל OPTI-5X100 (1),1,2198.3221000000003,יורי מנוסקין,2198.3221000000003,7
"CAPSURE טאקר 30 (1) + DEXTILE LEFT ANT. MESH 16X12CM (1) + DEXTILE RIGHT ANT. MESH 16X12C (1) + טרוקר אקסל OPTI-5X100 (1) + טרוקר אקסל ללא סכין 11 B11LT (1) + מספריים מונופולר 5 מ""מ (1) + שרוול אקסל OPTI-5X100 (1)",1,2205.8962,יורי מנוסקין,2205.8962,7
CAPSURE טאקר 30 (1) + DEXTILE LEFT ANT. MESH 16X12CM (1) + DEXTILE RIGHT ANT. MESH 16X12C (1) + טרוקר אקסל OPTI-5X100 (1) + טרוקר אקסל ללא סכין 11 B11LT (1) + מספריים לאפ (1),1,2049.3221000000003,יורי מנוסקין,2049.3221000000003,6
CAPSURE טאקר 30 (1) + DEXTILE LEFT ANT. MESH 16X12CM (1) + DEXTILE RIGHT ANT. MESH 16X12C (1) + אנדו קליפ 5 EL5ML (1) + טרוקר אקסל OPTI-5X100 (1) + טרוקר אקסל ללא סכין 11 B11LT (1),1,2792.3712,יורי מנוסקין,2792.3712,6
CAPSURE טאקר 30 (1) + DEXTILE LEFT ANT. MESH 16X12CM (1) + DEXTILE RIGHT ANT. MESH 16X12C (1) + PROGRIP FLAT SHEET MESH 16X12 (1) + טרוקר אקסל ללא סכין 11 B11LT (1) + טרוקר ללא סכין 5 NB5STF (1) + מספריים לאפ (1) + שרוול אקסל 10-11  CB11LT (1),1,2940.7386,יורי מנוסקין,2940.7386,8
"CAPSURE טאקר 30 (1) + DEXTILE LEFT ANT. MESH 16X12CM (1) + DEXTILE RIGHT ANT. MESH 16X12C (1) + PROGRIP FLAT SHEET MESH 16X12 (1) + טרוקר אקסל OPTI-5X100 (1) + מספריים מונופולר 5 מ""מ (1) + סקשן איריגיישיין 5 (1) + שרוול אקסל 10-11  CB11LT (1) + שרוול אקסל OPTI-5X100 (1)",1,3160.3646,יורי מנוסקין,3160.3646,9
CAPSURE טאקר 30 (1) + DEXTILE LEFT ANT. MESH 16X12CM (1) + DEXTILE RIGHT ANT. MESH 16X12C (1) + PROGRIP FLAT SHEET MESH 16X12 (1) + טרוקר אקסל OPTI-5X100 (1) + טרוקר אקסל ללא סכין 11 B11LT (1) + סקשן איריגיישיין 5 (1) + שרוול אקסל 10-11  CB11LT (1) + שרוול אקסל OPTI-5X100 (1),1,3152.7905,יורי מנוסקין,3152.7905,9
CAPSURE טאקר 30 (1) + DEXTILE LEFT ANT. MESH 16X12CM (1) + DEXTILE RIGHT ANT. MESH 16X12C (1) + PROGRIP FLAT SHEET MESH 16X12 (1) + STRATAFIX PDS 0 -SXPP1A433 (1) + טרוקר אקסל ללא סכין 11 B11LT (1) + טרוקר ללא סכין 5 NB5STF (1) + שרוול אקסל 10-11  CB11LT (1),1,3006.6707,יורי מנוסקין,3006.6707,8
"CAPSURE טאקר 30 (1) + PROGRIP ANTMCL 15X10CM-LEFT (1) + PROGRIP ANTMCL 15X10CM-RIGHT (1) + אנדו קליפ 5 EL5ML (1) + בלון אמצעי T10SB (1) + בלון דו צדדי PDBS2 (1) + מספריים מונופולר 5 מ""מ (1)",1,4358.5558,דמיטרי גולדשטיין,4358.5558,7
CAPSURE טאקר 30 (1) + PROGRIP ANTMCL 15X10CM-LEFT (1) + PROGRIP ANTMCL 15X10CM-RIGHT (1) + VENTRALEX SMALL - 5950007 (1) + בלון אמצעי T10SB (1) + בלון דו צדדי PDBS2 (1),1,4764.5190999999995,דמיטרי גולדשטיין,4764.5190999999995,6
CAPSURE טאקר 30 (1) + PROGRIP ANTMCL 15X10CM-LEFT (1) + PROGRIP ANTMCL 15X10CM-RIGHT (1),1,2883.7093,דמיטרי גולדשטיין,2883.7093,3
"CAPSURE טאקר 30 (1) + DYNAMESH ENDOLAP 3D 10*15CM (1) + בלון אמצעי T10SB (1) + בלון דו צדדי PDBS2 (1) + מספריים מונופולר 5 מ""מ (1)",1,2255.0412,מוריס בטומסקי,2255.0412,5
3DMAX LARGE 10.8X16-LEFT (1) + 3DMAX LARGE 10.8X16-RIGHT (1) + SOL.ALCOHOL-ETHANOL 70% 1L (1) + אנדו קליפ 5 EL5ML (1) + בלון אמצעי T10SB (1) + בלון דו צדדי PDBS2 (1) + טאקר נספג - 15 סיכות (1),1,3199.497,ראובן אליגר,3199.497,7
3DMAX LARGE 10.8X16-LEFT (1) + 3DMAX LARGE 10.8X16-RIGHT (1) + SOL.ALCOHOL+CHLORHEXIDINE 0.5L (1) + בלון דו צדדי PDBS2 (1) + טאקר נספג - 15 סיכות (1),1,1971.2373,ראובן אליגר,1971.2373,5
3DMAX LARGE 10.8X16-LEFT (1) + 3DMAX LARGE 10.8X16-RIGHT (1) + SOL.ALCOHOL+CHLORHEXIDINE 0.5L (1) + VICRYL-P. 0 T.P 27-VCP603H (1) + בלון אמצעי T10SB (1) + בלון דו צדדי PDBS2 (1) + טאקר נספג - 15 סיכות (1),1,2354.121,ראובן אליגר,2354.121,7
3DMAX LARGE 10.8X16-LEFT (1) + 3DMAX LARGE 10.8X16-RIGHT (1) + SOL.ALCOHOL+CHLORHEXIDINE 0.5L (1) + VICRYL-P. 0 T.P 27-VCP603H (1) + VICRYL-P. 2/0 R.C 25 -VCP9582H (1) + אנדו קליפ 5 EL5ML (1) + בלון אמצעי T10SB (1) + בלון דו צדדי PDBS2 (1) + טאקר נספג - 15 סיכות (1),1,3149.002,ראובן אליגר,3149.002,9
"3DMAX LARGE 10.8X16-LEFT (1) + 3DMAX LARGE 10.8X16-RIGHT (1) + SOL. SEPTOL 500ML (1) + בלון אמצעי T10SB (1) + בלון דו צדדי PDBS2 (1) + טאקר נספג-12 סיכות-ETHICON (1) + טרוקר CFF03 - 5X100 (1) + טרוקר אקסל עם סכין 10-11 D11LT (1) + מספריים מונופולר 5 מ""מ (1) + שרוול אקסל 10-11  CB11LT (1) + שרוול לטרוקר 5 - CFS02 (1)",1,3298.5751,עבד על רחמן אבו גנים,3298.5751,11
"3DMAX LARGE 10.8X16-LEFT (1) + 3DMAX LARGE 10.8X16-RIGHT (1) + SOL. SEPTAL SCRUB 500ML (1) + VICRYL-P. 0 T.P 27-VCP603H (1) + אנדו קליפ 5 EL5ML (1) + בלון אמצעי T10SB (1) + בלון דו צדדי PDBS2 (1) + טאקר נספג - 15 סיכות (1) + מחט ורז 120 מ""מ - חד פעמי (1)",1,3260.8051,ראובן אליגר,3260.8051,9
3DMAX LARGE 10.8X16-LEFT (1) + 3DMAX LARGE 10.8X16-RIGHT (1) + SOL. SEPTAL SCRUB 500ML (1) + SOL.ALCOHOL-ETHANOL 70% 1L (1) + טאקר נספג - 15 סיכות (1),1,1705.0243999999998,ראובן אליגר,1705.0243999999998,5
"3DMAX LARGE 10.8X16-LEFT (1) + 3DMAX LARGE 10.8X16-RIGHT (1) + SOL. SEPTAL SCRUB 500ML (1) + SOL.ALCOHOL-ETHANOL 70% 1L (1) + בלון אמצעי T10SB (1) + בלון דו צדדי PDBS2 (1) + טאקר נספג - 15 סיכות (1) + מספריים מונופולר 5 מ""מ (1)",1,2489.7776,ראובן אליגר,2489.7776,8
3DMAX LARGE 10.8X16-LEFT (1) + 3DMAX LARGE 10.8X16-RIGHT (1) + SOL. SEPTAL SCRUB 500ML (1) + SOL.ALCOHOL-ETHANOL 70% 1L (1) + אנדו קליפ 5 EL5ML (1) + טאקר נספג - 15 סיכות (1),1,2467.509,ראובן אליגר,2467.509,6
3DMAX LARGE 10.8X16-LEFT (1) + 3DMAX LARGE 10.8X16-RIGHT (1) + SOL. SEPTAL SCRUB 500ML (1) + SOL.ALCOHOL-ETHANOL 70% 1L (1) + ULTRAPRO MESH 6X11 (1) + טאקר נספג - 15 סיכות (1),1,1990.4798,ראובן אליגר,1990.4798,6
3DMAX LARGE 10.8X16-LEFT (1) + 3DMAX LARGE 10.8X16-RIGHT (1) + SOL. SEPTAL SCRUB 500ML (1) + SOL.ALCOHOL+CHLORHEXIDINE 0.5L (1) + אנדו קליפ 5 EL5ML (1) + בלון אמצעי T10SB (1) + בלון דו צדדי PDBS2 (1) + טאקר נספג - 15 סיכות (1),1,3226.0499,ראובן אליגר,3226.0499,8
3DMAX LARGE 10.8X16-LEFT (1) + 3DMAX LARGE 10.8X16-RIGHT (1) + SOL. SEPTAL SCRUB 500ML (1) + SOL.ALCOHOL+CHLORHEXIDINE 0.5L (1) + VICRYL-P. 0 T.P 27-VCP603H (1) + בלון אמצעי T10SB (1) + בלון דו צדדי PDBS2 (1) + טאקר נספג - 15 סיכות (1),1,2454.3111,ראובן אליגר,2454.3111,8
"DEXTILE LEFT ANT. MESH 15X10CM (1) + DEXTILE RIGHT ANT. MESH 15X10C (1) + אנדו קלינצ 5 מ''מ (1) + אנדו קליפ 5 EL5ML (1) + מספריים מונופולר 5 מ""מ (1) + שרוול אקסל OPTI-12X100 (1)",1,1682.4369,נתן פולוקשט,1682.4369,6
DEXTILE LEFT ANT. MESH 15X10CM (1) + DEXTILE RIGHT ANT. MESH 15X10C (1) + VERSAONE BLADED TROCAR WITH FI (1) + טאקר-10 סיכות MICROVAL (1) + סקשן איריגיישיין 5 (1) + שרוול אקסל 10-11  CB11LT (1),1,1605.4845,בנימין רסקין,1605.4845,6
DEXTILE LEFT ANT. MESH 15X10CM (1) + DEXTILE RIGHT ANT. MESH 15X10C (1) + VERSAONE BLADED TROCAR WITH FI (1) + בלון אמצעי T10SB (1) + בלון דו צדדי PDBS2 (1),1,1535.95,ערן נזרי,1535.95,5
"DEXTILE LEFT ANT. MESH 15X10CM (1) + DEXTILE RIGHT ANT. MESH 15X10C (1) + V-LOC 3/0 R.B.26-VLOCM0604 (1) + אנדו קליפ 5 EL5ML (1) + טאקר נספג-12 סיכות-ETHICON (1) + טרוקר אקסל OPTI-סכין-5X100 (1) + טרוקר אקסל ללא סכין 11 B11LT (1) + מחט ורז 120 מ""מ - חד פעמי (1)",1,3019.8521,רפאל מילר,3019.8521,8
DEXTILE LEFT ANT. MESH 15X10CM (1) + DEXTILE RIGHT ANT. MESH 15X10C (1) + V-LOC 3/0 R.B.26-VLOCM0604 (1) + אנדו קליפ 5 EL5ML (1) + טאקר נספג - 15 סיכות (1) + טרוקר אקסל OPTI-5X100 (1) + טרוקר אקסל ללא סכין 11 B11LT (1) + שרוול אקסל 10-11  CB11LT (1),1,2623.5148,רפאל מילר,2623.5148,8
DEXTILE LEFT ANT. MESH 15X10CM (1) + DEXTILE RIGHT ANT. MESH 15X10C (1) + V-LOC 3/0 R.B.26-VLOCL0604 (1) + טאקר נספג-12 סיכות-ETHICON (1) + טרוקר אקסל OPTI-סכין-5X100 (1) + טרוקר אקסל ללא סכין 11 B11LT (1) + שרוול אקסל 10-11  CB11LT (1),1,2325.2333,רפאל מילר,2325.2333,7
DEXTILE LEFT ANT. MESH 15X10CM (1) + DEXTILE RIGHT ANT. MESH 15X10C (1) + LIQUIBAND FIX8 טאקר דבק (1) + VERSAONE BLADED TROCAR WITH FI (1) + בלון דו צדדי PDBS2 (1) + טאקר נספג-12 סיכות-ETHICON (1) + טרוקר אקסל OPTI-12X100 (1) + טרוקר ללא סכין 5 NB5STF (1),1,3536.16,אדם אבו עביד,3536.16,8
DEXTILE LEFT ANT. MESH 15X10CM (1) + DEXTILE RIGHT ANT. MESH 15X10C (1) + GLUBRAN2-SURGICAL GLUE-1ML (1) + GLUTACK DEVICE 50 DROPS (1) + אנדו קלינצ 5 מ''מ (1) + שרוול אקסל 10-11  CB11LT (1),1,2314.4645,אלברט סטפנסקי,2314.4645,6
DEXTILE LEFT ANT. MESH 15X10CM (1) + DEXTILE RIGHT ANT. MESH 15X10C (1),1,760.0,שחר לקס,760.0,2
"DA VINCI XI - 470015 (1) + DA VINCI XI - 470341 (1) + DA VINCI XI - 470357 (1) + DA VINCI XI - 470361 (1) + ENDO CATCH-10 (1) + LAPARA-TY CLIP APPLIER (1) + MICROVAL 14X10-RIGHT (1) + V-LOC 3/0 R.B.26-VLOCM0604 (1) + אטם סיליקון 5 מ""מ לטרוקר YP PL (1) + בלון אמצעי T10SB (1) + בלון דו צדדי PDBS2 (1) + טאקר-10 סיכות MICROVAL (1) + טרוקר אקסל OPTI-סכין-12X100 (1) + טרוקר אקסל OPTI-סכין-5X100 (1)",1,3182.6294,אנדרי נדו,3182.6294,14
"DA VINCI XI - 400180-14 (1) + DA VINCI XI - 470015 (1) + DA VINCI XI - 470341 (1) + DA VINCI XI - 470361 (1) + ENDO CATCH-10 (1) + LAPARA-TY CLIP APPLIER (1) + MICROVAL 14X10-LEFT (1) + MICROVAL 14X10-RIGHT (1) + אנדו קלינצ 5 מ''מ (1) + אנדו קליפ 10 ER-320 (1) + בלון אמצעי T10SB (1) + בלון דו צדדי PDBS2 (1) + טאקר-10 סיכות MICROVAL (1) + טרוקר אקסל OPTI-סכין-12X100 (1) + טרוקר אקסל OPTI-סכין-5X100 (1) + מספריים מונופולר 5 מ""מ (1) + שרוול אקסל OPTI-5X100 (1)",1,4445.8183,אנדרי נדו,4445.8183,17
"DA VINCI XI - 400180-14 (1) + DA VINCI XI - 470015 (1) + DA VINCI XI - 470341 (1) + DA VINCI XI - 470357 (1) + DA VINCI XI - 470361 (1) + ENDO CATCH-10 (1) + LAPARA-TY CLIP APPLIER (1) + MICROVAL 14X10-LEFT (1) + MICROVAL 14X10-RIGHT (1) + V-LOC 3/0 R.B.26-VLOCM0604 (1) + אטם סיליקון 5 מ""מ לטרוקר YP PL (1) + אנדו קליפ 10 176625 (1) + בלון אמצעי T10SB (1) + בלון דו צדדי PDBS2 (1) + טאקר-10 סיכות MICROVAL (1) + טרוקר אקסל OPTI-סכין-12X100 (1)",1,4608.1038,אנדרי נדו,4608.1038,16
CLOSURE DEVICE (1) + DYNAMESH 12-ROUND (1) + FILBLOC 90 3/0  - FU395HHFAB (1) + FILBLOC PDO 0 - FR424HHAB (1) + MICROVAL 16X11-LEFT (1) + MICROVAL 16X11-RIGHT (1) + טאקר נטען-20 סיכות MICROVAL (1) + טרוקר אקסל OPTI-5X100 (1) + טרוקר אקסל ללא סכין 11 B11LT (1) + מספריים לאפ (1) + שרוול אקסל OPTI-5X100 (1),1,3623.8209999999995,עמיר סולד,3623.8209999999995,11
CAPSURE טאקר 30 (1) + PROGRIP FLAT SHEET MESH 15X10 (1) + טרוקר אקסל OPTI-5X100 (1) + טרוקר אקסל ללא סכין 11 B11LT (1) + שרוול אקסל 10-11  CB11LT (1) + שרוול אקסל OPTI-12X100 (1),1,2289.6895,באסל חאג',2289.6895,6
"CAPSURE טאקר 30 (1) + PROGRIP ANTMCL 15X10CM-LEFT (1) + PROGRIP ANTMCL 15X10CM-RIGHT (1) + בלון אמצעי T10SB (1) + בלון דו צדדי PDBS2 (1) + מספריים מונופולר 5 מ""מ (1)",1,3641.6019,דמיטרי גולדשטיין,3641.6019,6
CAPSURE טאקר 30 (1) + PROGRIP ANTMCL 15X10CM-LEFT (1) + PROGRIP ANTMCL 15X10CM-RIGHT (1) + אנדו קליפ 5 EL5ML (1) + טרוקר אקסל ללא סכין 11 B11LT (1),1,3742.2712,דמיטרי גולדשטיין,3742.2712,5
DEXTILE LEFT ANT. MESH 15X10CM (1) + DEXTILE RIGHT ANT. MESH 15X10C (1) + בלון דו צדדי PDBS2 (1) + טאקר נספג-12 סיכות-ETHICON (1) + טרוקר אקסל OPTI-5X100 (1) + טרוקר אקסל ללא סכין 11 B11LT (1) + מספריים לאפ (1),1,2451.15,אדם אבו עביד,2451.15,7
DEXTILE LEFT ANT. MESH 15X10CM (1) + DEXTILE RIGHT ANT. MESH 15X10C (1) + בלון אמצעי T10SB (1) + בלון דו צדדי PDBS2 (1) + טאקר נספג-25 סיכות-ETHICON (1) + טרוקר ללא סכין 5 NB5STF (1) + סקשן איריגיישיין 5 (1),1,2974.1845,ערן נזרי,2974.1845,7
"DEXTILE LEFT ANT. MESH 15X10CM (1) + DEXTILE RIGHT ANT. MESH 15X10C (1) + בלון אמצעי T10SB (1) + בלון דו צדדי PDBS2 (1) + טאקר נספג-25 סיכות-ETHICON (1) + טרוקר CFF03 - 5X100 (1) + מספריים מונופולר 5 מ""מ (1) + שרוול לטרוקר 5 - CFS02 (1)",1,3065.6542,אלכסנדר טטרוב,3065.6542,8
DEXTILE LEFT ANT. MESH 15X10CM (1) + DEXTILE RIGHT ANT. MESH 15X10C (1) + בלון אמצעי T10SB (1) + בלון דו צדדי PDBS2 (1) + טאקר נספג-12 סיכות-ETHICON (1) + טרוקר ללא סכין 5 NB5STF (1) + סקשן איריגיישיין 5 (1),1,2843.9845,ערן נזרי,2843.9845,7
DEXTILE LEFT ANT. MESH 15X10CM (1) + DEXTILE RIGHT ANT. MESH 15X10C (1) + בלון אמצעי T10SB (1) + בלון דו צדדי PDBS2 (1) + טאקר נספג-12 סיכות-ETHICON (1) + טרוקר ללא סכין 5 NB5STF (1),1,2787.1000000000004,ערן נזרי,2787.1000000000004,6
DEXTILE LEFT ANT. MESH 15X10CM (1) + DEXTILE RIGHT ANT. MESH 15X10C (1) + בלון אמצעי T10SB (1) + בלון דו צדדי PDBS2 (1) + טאקר נספג-12 סיכות-ETHICON (1) + טרוקר אקסל ללא סכין 11 B11LT (1) + טרוקר ללא סכין 5 NB5STF (1),1,2862.1000000000004,ערן נזרי,2862.1000000000004,7
DEXTILE LEFT ANT. MESH 15X10CM (1) + DEXTILE RIGHT ANT. MESH 15X10C (1) + אנדו קליפ 5 EL5ML (1) + טאקר-10 סיכות MICROVAL (1) + שרוול אקסל 10-11  CB11LT (1),1,2231.0841,איתי זוארץ,2231.0841,5
"DEXTILE LEFT ANT. MESH 15X10CM (1) + DEXTILE RIGHT ANT. MESH 15X10C (1) + אנדו קליפ 5 EL5ML (1) + טאקר-10 סיכות MICROVAL (1) + טרוקר אקסל OPTI-סכין-5X100 (1) + טרוקר אקסל ללא סכין 11 B11LT (1) + מספריים מונופולר 5 מ""מ (1) + שרוול אקסל 10-11  CB11LT (1)",1,2465.0349,איתי זוארץ,2465.0349,8
"DEXTILE LEFT ANT. MESH 15X10CM (1) + DEXTILE RIGHT ANT. MESH 15X10C (1) + אנדו קליפ 5 EL5ML (1) + בלון דו צדדי PDBS2 (1) + מספריים מונופולר 5 מ""מ (1) + שרוול אקסל 10-11  CB11LT (1)",1,1967.4018,נתן פולוקשט,1967.4018,6
"DEXTILE LEFT ANT. MESH 15X10CM (1) + DEXTILE RIGHT ANT. MESH 15X10C (1) + אנדו קליפ 5 EL5ML (1) + בלון אמצעי T10SB (1) + בלון דו צדדי PDBS2 (1) + מספריים מונופולר 5 מ""מ (1) + שרוול אקסל 10-11  CB11LT (1)",1,2374.3518,נתן פולוקשט,2374.3518,7
DEXTILE LEFT ANT. MESH 15X10CM (1) + DEXTILE RIGHT ANT. MESH 15X10C (1) + אנדו קליפ 5 EL5ML (1) + בלון אמצעי T10SB (1) + בלון דו צדדי PDBS2 (1) + טאקר נספג-12 סיכות-ETHICON (1) + טרוקר ללא סכין 5 NB5STF (1) + מספריים לאפ (1),1,3550.5823,ערן נזרי,3550.5823,8
DEXTILE LEFT ANT. MESH 15X10CM (1) + DEXTILE RIGHT ANT. MESH 15X10C (1) + אנדו קליפ 5 EL5ML (1) + בלון אמצעי T10SB (1) + בלון דו צדדי PDBS2 (1) + טאקר נספג-12 סיכות-ETHICON (1) + טרוקר ללא סכין 5 NB5STF (1),1,3549.5823,ערן נזרי,3549.5823,7
DEXTILE LEFT ANT. MESH 15X10CM (1) + DEXTILE RIGHT ANT. MESH 15X10C (1) + אנדו קליפ 5 EL5ML (1) + בלון אמצעי T10SB (1) + בלון דו צדדי PDBS2 (1) + טאקר נספג-12 סיכות-ETHICON (1),1,3469.5819,אלכסנדר טטרוב,3469.5819,6
DEXTILE LEFT ANT. MESH 15X10CM (1) + DEXTILE RIGHT ANT. MESH 15X10C (1) + אנדו קליפ 5 176630 (2) + בלון אמצעי T10SB (1) + בלון דו צדדי PDBS2 (1) + טאקר נספג - 30 סיכות (1) + טרוקר אקסל OPTI-סכין-5X100 (1) + שרוול אקסל OPTI-5X100 (1),1,4621.5952,ערן נזרי,4621.5952,9
DEXTILE LEFT ANT. MESH 15X10CM (1) + DEXTILE RIGHT ANT. MESH 15X10C (1) + אנדו קליפ 5 176630 (1) + בלון דו צדדי PDBS2 (1) + טאקר נספג-25 סיכות-ETHICON (1) + טרוקר אקסל ללא סכין 11 B11LT (1) + טרוקר ללא סכין 5 NB5STF (1) + סקשן איריגיישיין 5 (1),1,3415.0643999999998,אדם אבו עביד,3415.0643999999998,8
DEXTILE LEFT ANT. MESH 15X10CM (1) + DEXTILE RIGHT ANT. MESH 15X10C (1) + אנדו קליפ 5 176630 (1) + בלון אמצעי T10SB (1) + בלון דו צדדי PDBS2 (1) + טאקר נספג-25 סיכות-ETHICON (1) + טרוקר ללא סכין 5 NB5STF (1),1,3690.1225999999997,ערן נזרי,3690.1225999999997,7
DEXTILE LEFT ANT. MESH 16X12CM (1) + DEXTILE RIGHT ANT. MESH 16X12C (1) + טאקר נספג-12 סיכות-ETHICON (1) + טרוקר אקסל OPTI-5X100 (1) + טרוקר אקסל ללא סכין 11 B11LT (1) + מספריים לאפ (1) + סקשן איריגיישיין 5 (1) + שרוול אקסל OPTI-5X100 (1),1,2294.0345,שחר לקס,2294.0345,8
DEXTILE LEFT ANT. MESH 16X12CM (1) + DEXTILE RIGHT ANT. MESH 16X12C (1) + בלון דו צדדי PDBS2 (1) + שרוול אקסל 10-11  CB11LT (1),1,1124.0,נתן פולוקשט,1124.0,4
DEXTILE LEFT ANT. MESH 16X12CM (1) + DEXTILE RIGHT ANT. MESH 16X12C (1) + בלון דו צדדי PDBS2 (1) + מספריים לאפ (1) + שרוול אקסל 10-11  CB11LT (1),1,1125.0,נתן פולוקשט,1125.0,5
"DEXTILE LEFT ANT. MESH 16X12CM (1) + DEXTILE RIGHT ANT. MESH 16X12C (1) + אנדו קליפ 5 EL5ML (1) + מספריים מונופולר 5 מ""מ (1) + שרוול אקסל OPTI-12X100 (1)",1,1681.4369000000002,נתן פולוקשט,1681.4369000000002,5
DEXTILE LEFT ANT. MESH 16X12CM (1) + DEXTILE RIGHT ANT. MESH 16X12C (1) + אנדו קליפ 5 EL5ML (1) + טאקר נספג-25 סיכות-ETHICON (1) + טרוקר אקסל OPTI-5X100 (1) + טרוקר אקסל ללא סכין 11 B11LT (1) + שרוול אקסל OPTI-5X100 (1),1,3128.8320999999996,שחר לקס,3128.8320999999996,7
DEXTILE LEFT ANT. MESH 16X12CM (1) + DEXTILE RIGHT ANT. MESH 16X12C (1) + אנדו קליפ 5 EL5ML (1) + בלון דו צדדי PDBS2 (1) + שרוול אקסל OPTI-12X100 (1),1,1886.4823000000001,נתן פולוקשט,1886.4823000000001,5
DEXTILE LEFT ANT. MESH 16X12CM (1) + DEXTILE RIGHT ANT. MESH 16X12C (1) + אנדו קליפ 5 EL5ML (1) + בלון דו צדדי PDBS2 (1) + טאקר נספג-12 סיכות-ETHICON (1) + שרוול אקסל OPTI-12X100 (1),1,3137.6323,נתן פולוקשט,3137.6323,6
DEXTILE LEFT ANT. MESH 16X12CM (1) + DEXTILE RIGHT ANT. MESH 16X12C (1) + אנדו קליפ 5 EL5ML (1) + בלון דו צדדי PDBS2 (1) + בלון דו צדדי להרניה-1285-50-11 (1) + שרוול אקסל OPTI-12X100 (1),1,2111.3799,נתן פולוקשט,2111.3799,6
DEXTILE LEFT ANT. MESH 16X12CM (1) + DEXTILE RIGHT ANT. MESH 16X12C (1) + אנדו קליפ 5 EL5ML (1) + בלון אמצעי T10SB (1) + בלון דו צדדי PDBS2 (1) + טאקר נספג-12 סיכות-ETHICON (1),1,3469.5821,ראובן אליגר,3469.5821,6
DEXTILE LEFT ANT. MESH 16X12CM (1) + DEXTILE RIGHT ANT. MESH 16X12C (1) + VENTRALEX SMALL - 5950007 (1) + בלון דו צדדי PDBS2 (1) + שרוול אקסל 10-11  CB11LT (1),1,2330.87,נתן פולוקשט,2330.87,5
DEXTILE LEFT ANT. MESH 16X12CM (1) + DEXTILE RIGHT ANT. MESH 16X12C (1) + VENTRALEX SMALL - 5950007 (1) + בלון דו צדדי PDBS2 (1) + מספריים לאפ (1) + שרוול אקסל OPTI-12X100 (1),1,2331.87,נתן פולוקשט,2331.87,6
"DEXTILE LEFT ANT. MESH 15X10CM (1) + DYNAMESH ENDOLAP 3D 10*15CM (1) + טאקר נספג - 15 סיכות (1) + מחט ורז 120 מ""מ - חד פעמי (1) + שרוול אקסל 10-11  CB11LT (1)",1,1719.06,ארז ירדן,1719.06,5
DEXTILE LEFT ANT. MESH 15X10CM (1) + DEXTILE RIGHT ANT. MESH 15X10C (1) + טאקר-10 סיכות MICROVAL (1) + שרוול אקסל 10-11  CB11LT (1) + שרוול אקסל OPTI-12X100 (1),1,1543.6,ארז ירדן,1543.6,5
"DEXTILE LEFT ANT. MESH 15X10CM (1) + DEXTILE RIGHT ANT. MESH 15X10C (1) + טאקר-10 סיכות MICROVAL (1) + מספריים מונופולר 5 מ""מ (1) + שרוול אקסל 10-11  CB11LT (1)",1,1552.5528,איתי זוארץ,1552.5528,5
DEXTILE LEFT ANT. MESH 15X10CM (1) + DEXTILE RIGHT ANT. MESH 15X10C (1) + טאקר נספג-12 סיכות-ETHICON (1) + מספריים לאפ (1) + שרוול אקסל 10-11  CB11LT (1),1,2087.15,אלברט סטפנסקי,2087.15,5
DEXTILE LEFT ANT. MESH 15X10CM (1) + DEXTILE RIGHT ANT. MESH 15X10C (1) + בלון דו צדדי PDBS2 (1) + טאקר נספג-25 סיכות-ETHICON (1) + טרוקר אקסל OPTI-5X100 (1) + טרוקר אקסל ללא סכין 11 B11LT (1) + שרוול אקסל OPTI-5X100 (1),1,2655.35,אדם אבו עביד,2655.35,7
DYNAMESH ENDOLAP 3D 10*15CM (1) + LIQUIBAND FIX8 טאקר דבק (1) + VERSAONE BLADED TROCAR WITH FI (1) + בלון אמצעי T10SB (1) + בלון דו צדדי PDBS2 (1) + טרוקר ללא סכין 5 NB5STF (1) + מספריים לאפ (1) + סקשן איריגיישיין 5 (1),1,2358.7145,גילבר אוחנה,2358.7145,8
DYNAMESH ENDOLAP 3D 10*15CM (1) + LIQUIBAND FIX8 טאקר דבק (1) + VERSAONE BLADED TROCAR WITH FI (1) + אנדו קליפ 5 176630 (1) + בלון אמצעי T10SB (1) + בלון דו צדדי PDBS2 (1) + טאקר נספג - 15 סיכות (1) + טרוקר ללא סכין 5 NB5STF (1),1,3873.6526,ידידיה מלכי,3873.6526,8
DYNAMESH ENDOLAP 3D 10*15CM (1) + LIQUIBAND FIX8 טאקר דבק (1) + V-LOC 3/0 R.B.26-VLOCM0604 (1) + טאקר נטען-20 סיכות MICROVAL (1) + טרוקר אקסל OPTI-5X100 (1) + טרוקר אקסל עם סכין 10-11 D11LT (1) + מספריים לאפ (1) + סקשן איריגיישיין 5 (1) + שרוול אקסל OPTI-5X100 (1),1,2667.9878,אילנית מלר,2667.9878,9
DYNAMESH ENDOLAP 3D 10*15CM (1) + LIQUIBAND FIX8 טאקר דבק (1) + V-LOC 3/0 R.B.26-VLOCM0604 (1) + טאקר נטען-20 סיכות MICROVAL (1) + טרוקר אקסל OPTI-5X100 (1) + טרוקר אקסל ללא סכין 11 B11LT (1) + מספריים לאפ (1) + סקשן איריגיישיין 5 (1) + שרוול אקסל 10-11  CB11LT (1) + שרוול אקסל OPTI-5X100 (1),1,2731.7402,אילנית מלר,2731.7402,10
DYNAMESH ENDOLAP 3D 10*15CM (1) + LIQUIBAND FIX8 טאקר דבק (1) + V-LOC 3/0 R.B.26-VLOCM0604 (1) + אנדו קליפ 5 176630 (1) + בלון אמצעי T10SB (1) + בלון דו צדדי PDBS2 (1) + טרוקר אקסל ללא סכין 11 B11LT (1) + טרוקר ללא סכין 5 NB5STF (1) + סקשן איריגיישיין 5 (1),1,3214.6277,ידידיה מלכי,3214.6277,9
DYNAMESH ENDOLAP 3D 10*15CM (1) + LIQUIBAND FIX8 טאקר דבק (1) + V-LOC 3/0 R.B.26-VLOCM0604 (1) + אנדו קליפ 5 176630 (1) + בלון אמצעי T10SB (1) + בלון דו צדדי PDBS2 (1) + טאקר נספג - 15 סיכות (1) + טרוקר ללא סכין 5 NB5STF (1) + סקשן איריגיישיין 5 (1),1,3930.3368,ידידיה מלכי,3930.3368,9
DYNAMESH ENDOLAP 3D 10*15CM (1) + LIQUIBAND FIX8 טאקר דבק (1) + V-LOC 3/0 R.B.17-VLOCM0804 (1) + V-LOC 3/0 R.B.26-VLOCM0604 (1) + טאקר נטען-20 סיכות MICROVAL (1) + טרוקר אקסל OPTI-5X100 (1) + טרוקר אקסל עם סכין 10-11 D11LT (1) + מספריים לאפ (1) + סקשן איריגיישיין 5 (1) + שרוול אקסל OPTI-5X100 (1),1,2734.7342,אילנית מלר,2734.7342,10
DYNAMESH ENDOLAP 3D 10*15CM (1) + LIQUIBAND FIX8 טאקר דבק (1) + PROCEED VENTRAL PATCH 4.3 (1) + V-LOC 3/0 R.B.26-VLOCM0604 (1) + טאקר נטען-20 סיכות MICROVAL (1) + טרוקר אקסל OPTI-5X100 (1) + טרוקר אקסל עם סכין 10-11 D11LT (1) + מספריים לאפ (1) + סקשן איריגיישיין 5 (1) + שרוול אקסל OPTI-5X100 (1),1,3981.8028,אילנית מלר,3981.8028,10
DYNAMESH ENDOLAP 3D 10*15CM (1) + FILBLOC  2/0 - PS412HHAB (1) + אנדו קליפ 5 EL5ML (1) + בלון אמצעי T10SB (1) + בלון דו צדדי PDBS2 (1) + טרוקר אקסל OPTI-סכין-5X100 (1) + שרוול אקסל OPTI-5X100 (1),1,2149.3852,בוריס קירשטיין,2149.3852,7
"DYNAMESH ENDOLAP 3D 10*15CM (1) + ENDO CATCH-10 (1) + POLYSORB 0 E.LOOP 53 (1) + SOL. SEPTOL 500ML (1) + SONICISION-SCD391 (1) + בלון אמצעי T10SB (1) + בלון דו צדדי PDBS2 (1) + טרוקר אקסל OPTI-סכין-5X100 (1) + טרוקר אקסל עם סכין 10-11 D11LT (1) + מספריים מונופולר 5 מ""מ (1) + שרוול אקסל OPTI-5X100 (1)",1,2944.7599,בוריס קירשטיין,2944.7599,11
DYNAMESH 12-ROUND (1) + DYNAMESH ENDOLAP 3D 10*15CM (1) + בלון אמצעי T10SB (1) + בלון דו צדדי PDBS2 (1) + טאקר נספג-25 סיכות-ETHICON (1) + טרוקר אקסל עם סכין 10-11 D11LT (1) + טרוקר ללא סכין 5 NB5STF (1),1,4007.79,בוריס קירשטיין,4007.79,7
"DYNAMESH 12-ROUND (1) + DYNAMESH ENDOLAP 3D 10*15CM (1) + בלון אמצעי T10SB (1) + בלון דו צדדי PDBS2 (1) + טאקר נספג-25 סיכות-ETHICON (1) + טרוקר אקסל OPTI-סכין-5X100 (1) + טרוקר אקסל ללא סכין 11 B11LT (1) + מספריים מונופולר 5 מ""מ (1) + שרוול אקסל OPTI-5X100 (1)",1,4156.397,בוריס קירשטיין,4156.397,9
DYNAMESH 10X15 (1) + SURGICEL POWDER HEMOSTAT (1) + בלון אמצעי T10SB (1) + בלון דו צדדי PDBS2 (1) + טאקר-10 סיכות MICROVAL (1) + טרוקר ללא סכין 5 NB5STF (1) + סקשן איריגיישיין 5 (1),1,3496.3331,משה פפא,3496.3331,7
DEXTILE RIGHT ANT. MESH 15X10C (1) + UNMAPPED_CODE (1) + בלון אמצעי T10SB (1) + בלון דו צדדי PDBS2 (1) + טאקר נספג-12 סיכות-ETHICON (1) + טרוקר CFF03 - 5X100 (1) + שרוול לטרוקר 5 - CFS02 (1),1,2477.8472,אברהם רשף,2477.8472,7
"DEXTILE LEFT ANT. MESH 16X12CM (1) + DEXTILE RIGHT ANT. MESH 16X12C (1) + מספריים מונופולר 5 מ""מ (1) + שרוול אקסל OPTI-12X100 (1)",1,918.9528,נתן פולוקשט,918.9528,4
DEXTILE LEFT ANT. MESH 16X12CM (1) + DEXTILE RIGHT ANT. MESH 16X12C (1) + טאקר נספג-25 סיכות-ETHICON (1) + טרוקר אקסל OPTI-סכין-5X100 (1) + טרוקר אקסל ללא סכין 11 B11LT (1) + שרוול אקסל OPTI-5X100 (1),1,2366.35,שחר לקס,2366.35,6
3DMAX LARGE 10.8X16-LEFT (1) + 3DMAX LARGE 10.8X16-RIGHT (1) + SOL. SEPTAL SCRUB 500ML (1) + SOL. SEPTOL 500ML (1) + בלון אמצעי T10SB (1) + בלון דו צדדי PDBS2 (1) + טאקר נספג - 15 סיכות (1) + סטפלר לעור (1) + עפרון לדיאטרמיה+פאוצ' קשיח (1),1,2484.4638,ראובן אליגר,2484.4638,9
3DMAX LARGE 10.8X16-LEFT (1) + 3DMAX LARGE 10.8X16-RIGHT (1) + SOL. SEPTAL SCRUB 500ML (1) + SOL. SEPTOL 500ML (1) + אנדו קליפ 5 EL5ML (1) + בלון אמצעי T10SB (1) + בלון דו צדדי PDBS2 (1) + טאקר נספג - 15 סיכות (1) + סטפלר לעור (1),1,3175.7626,ראובן אליגר,3175.7626,9
"3DMAX LARGE 10.8X16-LEFT (1) + 3DMAX LARGE 10.8X16-RIGHT (1) + SOL. SEPTAL SCRUB 500ML (1) + SOL. SEPTOL 500ML (1) + אנדו קליפ 5 EL5ML (1) + בלון אמצעי T10SB (1) + בלון דו צדדי PDBS2 (1) + טאקר נספג - 15 סיכות (1) + מחט ורז 120 מ""מ - חד פעמי (1) + עפרון לדיאטרמיה+פאוצ' קשיח (1)",1,3253.0669,ראובן אליגר,3253.0669,10
3DMAX LARGE 10.8X16-LEFT (1) + 3DMAX LARGE 10.8X16-RIGHT (1) + SOL. SEPTAL SCRUB 500ML (1) + SOL. SEPTOL 500ML (1) + VICRYL-P. 0 T.P 27-VCP603H (1) + בלון אמצעי T10SB (1) + בלון דו צדדי PDBS2 (1) + טאקר נספג - 15 סיכות (1),1,2425.989,ראובן אליגר,2425.989,8
3DMAX LARGE 10.8X16-LEFT (1) + 3DMAX LARGE 10.8X16-RIGHT (1) + SOL. SEPTAL SCRUB 500ML (1) + SOL. SEPTOL 500ML (1) + VENTRALEX MEDIUM - 5950008 (1) + בלון אמצעי T10SB (1) + בלון דו צדדי PDBS2 (1) + טאקר נספג - 15 סיכות (1) + סטפלר לעור (1),1,3778.3858999999998,ראובן אליגר,3778.3858999999998,9
"3DMAX LARGE 10.8X16-LEFT (1) + 3DMAX LARGE 10.8X16-RIGHT (1) + SOL. SEPTAL SCRUB 500ML (1) + SOL. SEPTOL 500ML (1) + VENTRALEX MEDIUM - 5950008 (1) + אנדו קליפ 5 EL5ML (1) + בלון אמצעי T10SB (1) + בלון דו צדדי PDBS2 (1) + טאקר נספג - 15 סיכות (1) + מחט ורז 120 מ""מ - חד פעמי (1) + סטפלר לעור (1)",1,4561.5994,ראובן אליגר,4561.5994,11
3DMAX LARGE 10.8X16-LEFT (1) + 3DMAX LARGE 10.8X16-RIGHT (1) + POLYSORB 0 E.LOOP 53 (1) + טאקר נספג-12 סיכות-ETHICON (1) + שרוול אקסל 10-11  CB11LT (1),1,2387.775,ולדימיר גזיאנץ,2387.775,5
"3DMAX LARGE 10.8X16-LEFT (1) + 3DMAX LARGE 10.8X16-RIGHT (1) + PDS 0 ENDO L. 45 -EZ10G (1) + טאקר נספג-12 סיכות-ETHICON (1) + מספריים מונופולר 5 מ""מ (1) + שרוול אקסל 10-11  CB11LT (1)",1,2390.5518,ולדימיר גזיאנץ,2390.5518,6
3DMAX LARGE 10.8X16-LEFT (1) + 3DMAX LARGE 10.8X16-RIGHT (1) + PDS 0 ENDO L. 45 -EZ10G (1) + אנדו קליפ 5 EL5ML (1) + טאקר נספג-25 סיכות-ETHICON (1) + שרוול אקסל 10-11  CB11LT (1),1,3240.1969,ולדימיר גזיאנץ,3240.1969,6
3DMAX LARGE 10.8X16-LEFT (1) + 3DMAX LARGE 10.8X16-RIGHT (1) + PDS 0 ENDO L. 45 -EZ10G (1) + אנדו קליפ 5 EL5ML (1) + טאקר נספג-25 סיכות-ETHICON (1) + טרוקר אקסל עם סכין 10-11 D11LT (1),1,3210.3049,ולדימיר גזיאנץ,3210.3049,6
3DMAX LARGE 10.8X16-LEFT (1) + 3DMAX LARGE 10.8X16-RIGHT (1) + OPTIFIX  ABSORBABLE 30 SUTURE (1) + בלון אמצעי T10SB (1) + בלון דו צדדי PDBS2 (1) + טרוקר CFF03 - 5X100 (1) + טרוקר אקסל עם סכין 10-11 D11LT (1) + שרוול לטרוקר 5 - CFS02 (1),1,2982.1118,עבד על רחמן אבו גנים,2982.1118,8
"3DMAX LARGE 10.8X16-LEFT (1) + 3DMAX LARGE 10.8X16-RIGHT (1) + MICROVAL 7.5 X 15CM (1) + בלון אמצעי T10SB (1) + בלון דו צדדי PDBS2 (1) + טאקר נספג - 15 סיכות (1) + טרוקר אקסל עם סכין 5 D5ST (1) + מספריים מונופולר 5 מ""מ (1) + סקשן איריגיישיין 5 (1)",1,2757.0244000000002,מרינה אליס,2757.0244000000002,9
3DMAX LARGE 10.8X16-LEFT (1) + 3DMAX LARGE 10.8X16-RIGHT (1) + MICROVAL 7.5 X 15CM (1) + אנדו קליפ 5 EL5ML (1) + טאקר נספג - 15 סיכות (1),1,2485.1779,מרינה אליס,2485.1779,5
3DMAX LARGE 10.8X16-LEFT (1) + 3DMAX LARGE 10.8X16-RIGHT (1) + MICROVAL 7.5 X 15CM (1) + אנדו קליפ 5 176630 (1) + בלון אמצעי T10SB (1) + בלון דו צדדי PDBS2 (1) + טאקר נספג - 15 סיכות (1) + טרוקר אקסל עם סכין 5 D5ST (1),1,3385.5776,איגור ליטבק,3385.5776,8
3DMAX LARGE 10.8X16-LEFT (1) + 3DMAX LARGE 10.8X16-RIGHT (1) + MICROVAL 7.5 X 15CM (1) + אנדו קליפ 5 176630 (1) + אנדו קליפ 5 EL5ML (1) + בלון אמצעי T10SB (1) + בלון דו צדדי PDBS2 (1) + טאקר נספג - 15 סיכות (1) + טרוקר אקסל עם סכין 5 D5ST (1) + סקשן איריגיישיין 5 (1),1,4188.5702,מרינה אליס,4188.5702,10
DYNAMESH ENDOLAP 3D 10*15CM (1) + LIQUIBAND FIX8 טאקר דבק (1) + אנדו קלינצ 5 מ''מ (1) + אנדו קליפ 5 176630 (1) + בלון אמצעי T10SB (1) + בלון דו צדדי PDBS2 (1) + טאקר נספג - 15 סיכות (1) + טרוקר ללא סכין 5 NB5STF (1),1,3677.4489,ירון מינץ,3677.4489,8
"DYNAMESH ENDOLAP 3D 10*15CM (1) + LIQUIBAND FIX8 טאקר דבק (1) + בלון אמצעי T10SB (1) + בלון דו צדדי PDBS2 (1) + טרוקר ללא סכין 5 NB5STF (1) + מספריים מונופולר 5 מ""מ (1) + סקשן איריגיישיין 5 (1)",1,2365.437,ירון מינץ,2365.437,7
DYNAMESH ENDOLAP 3D 10*15CM (1) + LIQUIBAND FIX8 טאקר דבק (1) + בלון אמצעי T10SB (1) + בלון דו צדדי PDBS2 (1) + טאקר נספג - 30 סיכות (1) + טרוקר ללא סכין 5 NB5STF (1) + סקשן איריגיישיין 5 (1),1,3747.7145,ידידיה מלכי,3747.7145,7
DYNAMESH ENDOLAP 3D 10*15CM (1) + LIQUIBAND FIX8 טאקר דבק (1) + בלון אמצעי T10SB (1) + בלון דו צדדי PDBS2 (1) + טאקר נספג - 15 סיכות (1) + טרוקר ללא סכין 5 NB5STF (1) + מספריים לאפ (1) + סקשן איריגיישיין 5 (1),1,3081.281,ידידיה מלכי,3081.281,8
DYNAMESH ENDOLAP 3D 10*15CM (1) + LIQUIBAND FIX8 טאקר דבק (1) + בלון אמצעי T10SB (1) + בלון דו צדדי PDBS2 (1) + טאקר נספג - 15 סיכות (1) + טרוקר ללא סכין 5 NB5STF (1) + מספריים לאפ (1),1,3021.83,ירון מינץ,3021.83,7
DYNAMESH ENDOLAP 3D 10*15CM (1) + LIQUIBAND FIX8 טאקר דבק (1) + בלון אמצעי T10SB (1) + בלון דו צדדי PDBS2 (1) + טאקר נספג - 15 סיכות (1) + טרוקר ללא סכין 5 NB5STF (1),1,3020.83,ידידיה מלכי,3020.83,6
DYNAMESH ENDOLAP 3D 10*15CM (1) + LIQUIBAND FIX8 טאקר דבק (1) + אנדו קליפ 5 176630 (1) + בלון אמצעי T10SB (1) + בלון דו צדדי PDBS2 (1) + טאקר נספג - 15 סיכות (1) + טרוקר ללא סכין 5 NB5STF (1) + סקשן איריגיישיין 5 (1),1,3850.5443999999998,ירון מינץ,3850.5443999999998,8
DYNAMESH ENDOLAP 3D 10*15CM (1) + LIQUIBAND FIX8 טאקר דבק (1) + אנדו קליפ 5 176630 (1) + בלון אמצעי T10SB (1) + בלון דו צדדי PDBS2 (1) + טאקר נספג - 15 סיכות (1) + טרוקר אקסל ללא סכין 11 B11LT (1) + טרוקר ללא סכין 5 NB5STF (1),1,3868.6526,ידידיה מלכי,3868.6526,8
DYNAMESH ENDOLAP 3D 10*15CM (1) + LIQUIBAND FIX8 טאקר דבק (1) + אנדו קליפ 5 176630 (1) + אנדו קליפ 5 EL5ML (1) + בלון אמצעי T10SB (1) + בלון דו צדדי PDBS2 (1) + טרוקר ללא סכין 5 NB5STF (1) + סקשן איריגיישיין 5 (1),1,3813.0267,גילבר אוחנה,3813.0267,8
DYNAMESH ENDOLAP 3D 10*15CM (1) + LIQUIBAND FIX8 טאקר דבק (1) + אנדו קלינצ' 5 174317 (1) + בלון אמצעי T10SB (1) + בלון דו צדדי PDBS2 (1) + טרוקר ללא סכין 5 NB5STF (1),1,2325.3297000000002,ירון מינץ,2325.3297000000002,6
DYNAMESH ENDOLAP 3D 10*15CM (1) + LIQUIBAND FIX8 טאקר דבק (1) + אנדו קלינצ' 5 174317 (1) + אנדו קליפ 5 176630 (1) + בלון אמצעי T10SB (1) + בלון דו צדדי PDBS2 (1) + טרוקר ללא סכין 5 NB5STF (1),1,3098.1596,ירון מינץ,3098.1596,7
DYNAMESH ENDOLAP 3D 10*15CM (1) + LIQUIBAND FIX8 טאקר דבק (1) + אנדו קלינצ' 5 174317 (1) + אנדו קליפ 5 176630 (1) + בלון אמצעי T10SB (1) + בלון דו צדדי PDBS2 (1) + טאקר נספג - 30 סיכות (1) + טרוקר ללא סכין 5 NB5STF (1),1,4504.6226,ירון מינץ,4504.6226,8
DYNAMESH ENDOLAP 3D 10*15CM (1) + LIQUIBAND FIX8 טאקר דבק (1) + אנדו קלינצ 5 מ''מ (1) + בלון אמצעי T10SB (1) + בלון דו צדדי PDBS2 (1) + טרוקר ללא סכין 5 NB5STF (1) + מספריים לאפ (1),1,2222.83,ירון מינץ,2222.83,7
DYNAMESH ENDOLAP 3D 10*15CM (1) + LIQUIBAND FIX8 טאקר דבק (1) + אנדו קלינצ 5 מ''מ (1) + בלון אמצעי T10SB (1) + בלון דו צדדי PDBS2 (1) + טרוקר אקסל עם סכין 10-11 D11LT (1) + טרוקר ללא סכין 5 NB5STF (1) + מספריים לאפ (1) + סקשן איריגיישיין 5 (1),1,2359.8484,ידידיה מלכי,2359.8484,9
DYNAMESH ENDOLAP 3D 10*15CM (1) + LIQUIBAND FIX8 טאקר דבק (1) + אנדו קלינצ 5 מ''מ (1) + בלון אמצעי T10SB (1) + בלון דו צדדי PDBS2 (1) + טאקר נספג - 30 סיכות (1) + טרוקר ללא סכין 5 NB5STF (1) + סקשן איריגיישיין 5 (1),1,3748.7145,ירון מינץ,3748.7145,8
DYNAMESH ENDOLAP 3D 10*15CM (1) + LIQUIBAND FIX8 טאקר דבק (1) + אנדו קלינצ 5 מ''מ (1) + בלון אמצעי T10SB (1) + בלון דו צדדי PDBS2 (1) + טאקר נספג - 15 סיכות (1) + טרוקר ללא סכין 5 NB5STF (1),1,3021.83,ירון מינץ,3021.83,7
DYNAMESH ENDOLAP 3D 10*15CM (1) + LIQUIBAND FIX8 טאקר דבק (1) + אנדו קלינצ 5 מ''מ (1) + אנדו קליפ 5 176630 (1) + בלון אמצעי T10SB (1) + בלון דו צדדי PDBS2 (1) + טאקר נספג - 15 סיכות (1) + טרוקר ללא סכין 5 NB5STF (1) + מספריים לאפ (1) + סקשן איריגיישיין 5 (1),1,3740.4673000000003,ירון מינץ,3740.4673000000003,10
DYNAMESH ENDOLAP 3D 10*15CM (1) + V-LOC 2/0 R.B.30-VLOCM1545 (1) + אנדו קליפ 5 176630 (1) + בלון אמצעי T10SB (1) + בלון דו צדדי PDBS2 (1) + טאקר נספג - 15 סיכות (1) + טרוקר אקסל ללא סכין 11 B11LT (1) + טרוקר ללא סכין 5 NB5STF (1) + סקשן איריגיישיין 5 (1),1,3013.6177,ידידיה מלכי,3013.6177,9
DYNAMESH ENDOLAP 3D 10*15CM (1) + V-LOC 2/0 R.B.26-VLOCL2105 (1) + טאקר-10 סיכות MICROVAL (1) + שרוול אקסל 10-11  CB11LT (1),1,1241.5533,איתי זוארץ,1241.5533,4
DYNAMESH ENDOLAP 3D 10*15CM (1) + V-LOC 2/0 R.B.26-VLOCL2105 (1) + אנדו קליפ 5 176630 (1) + בלון אמצעי T10SB (1) + בלון דו צדדי PDBS2 (1) + טאקר נספג - 15 סיכות (1) + טרוקר אקסל עם סכין 10-11 D11LT (1) + טרוקר ללא סכין 5 NB5STF (1) + מספריים לאפ (1) + סקשן איריגיישיין 5 (1),1,3014.6177,ידידיה מלכי,3014.6177,10
DYNAMESH ENDOLAP 3D 10*15CM (1) + V-LOC 2/0 R.B.26-VLOCL0615 (1) + טאקר נספג-25 סיכות-ETHICON (1) + טרוקר CFF03 - 5X100 (1) + טרוקר CFF33 - 11X100 (1) + שרוול לטרוקר 5 - CFS02 (1),1,2176.0515,אלכסנדר טטרוב,2176.0515,6
DYNAMESH ENDOLAP 3D 10*15CM (1) + ULTRAPRO ADVANCED MESH 6*12CM (1) + בלון אמצעי T10SB (1) + בלון דו צדדי PDBS2 (1) + טאקר נספג - 15 סיכות (1) + טרוקר אקסל OPTI-סכין-5X100 (1) + טרוקר אקסל עם סכין 10-11 D11LT (1),1,2241.6714,אולג פונומרנקו,2241.6714,7
DYNAMESH ENDOLAP 3D 10*15CM (1) + ULTRAPRO ADVANCED MESH 6*12CM (1) + אנדו קלינצ 5 מ''מ (1) + בלון אמצעי T10SB (1) + בלון דו צדדי PDBS2 (1) + טאקר נספג - 15 סיכות (1) + טרוקר אקסל OPTI-סכין-5X100 (1) + טרוקר אקסל עם סכין 10-11 D11LT (1),1,2359.87,אולג פונומרנקו,2359.87,8
DYNAMESH ENDOLAP 3D 10*15CM (1) + ULTRAPRO ADVANCED MESH 6*12CM (1) + אנדו קלינצ 5 מ''מ (1) + בלון אמצעי T10SB (1) + בלון דו צדדי PDBS2 (1) + טאקר נספג - 15 סיכות (1) + טאקר נספג-25 סיכות-ETHICON (1) + טרוקר אקסל OPTI-סכין-5X100 (1) + טרוקר אקסל עם סכין 10-11 D11LT (1) + מספריים לאפ (1),1,3742.2217,אולג פונומרנקו,3742.2217,10
DYNAMESH ENDOLAP 3D 10*15CM (1) + SURGICEL SNOW 5CMX10CM (1) + אנדו קליפ 5 176630 (1) + בלון אמצעי T10SB (1) + בלון דו צדדי PDBS2 (1) + טאקר נספג - 15 סיכות (1) + טרוקר ללא סכין 5 NB5STF (1) + סקשן איריגיישיין 5 (1),1,3129.0801,ידידיה מלכי,3129.0801,8
DYNAMESH ENDOLAP 3D 10*15CM (1) + SURGICEL FIBRILLAR 5CM*10CM (1) + אנדו קליפ 5 176630 (1) + בלון אמצעי T10SB (1) + בלון דו צדדי PDBS2 (1) + טאקר נספג - 30 סיכות (1) + טרוקר ללא סכין 5 NB5STF (1) + סקשן איריגיישיין 5 (1),1,3811.7928,ידידיה מלכי,3811.7928,8
DYNAMESH ENDOLAP 3D 10*15CM (1) + SURGICEL FIBRILLAR 2.5CM*5.1CM (1) + בלון אמצעי T10SB (1) + בלון דו צדדי PDBS2 (1) + טאקר נספג - 15 סיכות (1),1,2112.3,גילבר אוחנה,2112.3,5
DYNAMESH ENDOLAP 3D 10*15CM (1) + SURGICEL 10CM * 20CM (1) + אנדו קליפ 5 176630 (1) + בלון אמצעי T10SB (1) + בלון דו צדדי PDBS2 (1) + טאקר נספג - 15 סיכות (1) + טרוקר ללא סכין 5 NB5STF (1) + סקשן איריגיישיין 5 (1),1,2896.7691999999997,ידידיה מלכי,2896.7691999999997,8
DYNAMESH ENDOLAP 3D 10*15CM (1) + STRATAFIX PDS 1-SXPP1A445 (1) + טאקר-10 סיכות MICROVAL (1) + טרוקר אקסל OPTI-5X100 (1) + טרוקר אקסל ללא סכין 11 B11LT (1) + שרוול אקסל OPTI-5X100 (1),1,1392.3867,עידן כרמלי,1392.3867,6
DYNAMESH ENDOLAP 3D 10*15CM (1) + SOL.ALCOHOL+CHLORHEXIDINE 0.5L (1) + טאקר-10 סיכות MICROVAL (1) + טרוקר אקסל OPTI-סכין-5X100 (1) + טרוקר אקסל ללא סכין 11 B11LT (1) + שרוול אקסל OPTI-5X100 (1),1,1309.2435,איתי זוארץ,1309.2435,6
DYNAMESH ENDOLAP 3D 10*15CM (1) + PDS 0 ENDO L. 45 -EZ10G (1) + SURGICEL 10CM * 20CM (1) + אנדו קליפ 5 EL5ML (1) + טאקר-10 סיכות MICROVAL (1) + טרוקר אקסל OPTI-5X100 (1) + טרוקר אקסל ללא סכין 11 B11LT (1) + שרוול אקסל OPTI-5X100 (1),1,2218.2136,עידן כרמלי,2218.2136,8
DYNAMESH ENDOLAP 3D 10*15CM (1) + MAX.0 R.B 27 -6456-61 (1) + אנדו קליפ 10 176625 (1) + אנדו קליפ 5 176630 (1) + בלון אמצעי T10SB (1) + בלון דו צדדי PDBS2 (1) + טאקר נספג-12 סיכות-ETHICON (1) + טרוקר אקסל OPTI-סכין-5X100 (1) + מספריים לאפ (1) + שרוול אקסל OPTI-5X100 (1),1,3944.8949000000002,אליעזר אבינוח,3944.8949000000002,10
DYNAMESH ENDOLAP 3D 10*15CM (1) + LIQUIBAND FIX8 טאקר דבק (1) + טאקר נספג-12 סיכות-ETHICON (1) + טרוקר אקסל OPTI-סכין-5X100 (1) + טרוקר אקסל ללא סכין 11 B11LT (1) + ליגשור מרילנד ארוך - LF1937 (1) + שרוול אקסל OPTI-5X100 (1),1,4171.03,אלמוג בן יעקב,4171.03,7
DYNAMESH ENDOLAP 3D 10*15CM (1) + אנדו קלינצ 5 מ''מ (1) + אנדו קליפ 5 176630 (1) + בלון אמצעי T10SB (1) + בלון דו צדדי PDBS2 (1) + טאקר-10 סיכות MICROVAL (1) + טרוקר ללא סכין 5 NB5STF (1) + מספריים לאפ (1),1,2628.2499,פיוטר לנגר,2628.2499,8
DYNAMESH ENDOLAP 3D 10*15CM (1) + VERSAONE BLADED TROCAR WITH FI (1) + בלון אמצעי T10SB (1) + בלון דו צדדי PDBS2 (1) + טאקר-10 סיכות MICROVAL (1) + טרוקר ללא סכין 5 NB5STF (1) + מספריים לאפ (1) + סקשן איריגיישיין 5 (1),1,1991.3045,פיוטר לנגר,1991.3045,8
DYNAMESH ENDOLAP 3D 10*15CM (1) + VENTRALEX SMALL - 5950007 (1) + בלון אמצעי T10SB (1) + טרוקר CFF03 - 5X100 (1) + שרוול לטרוקר 5 - CFS02 (1),1,2207.4372,בוריס קירשטיין,2207.4372,5
DYNAMESH ENDOLAP 3D 10*15CM (1) + V-LOC 3/0 R.B.26-VLOCM0604 (1) + טאקר-10 סיכות MICROVAL (1) + טרוקר אקסל ללא סכין 11 B11LT (1),1,1228.5,עידן כרמלי,1228.5,4
3DMAX LARGE 10.8X16-LEFT (1) + 3DMAX LARGE 10.8X16-RIGHT (1) + MICROVAL 7.5 X 15CM (1) + אנדו קלינצ 5 מ''מ (1) + בלון אמצעי T10SB (1) + בלון דו צדדי PDBS2 (1) + טאקר נספג - 15 סיכות (1) + טרוקר אקסל עם סכין 5 D5ST (1) + סקשן איריגיישיין 5 (1),1,2607.7765,איגור ליטבק,2607.7765,9
3DMAX LARGE 10.8X16-LEFT (1) + 3DMAX LARGE 10.8X16-RIGHT (1) + MICROVAL 7.5 X 15CM (1) + אנדו קלינצ 5 מ''מ (1) + בלון אמצעי T10SB (1) + בלון דו צדדי PDBS2 (1) + טאקר נספג - 15 סיכות (1) + טרוקר אקסל עם סכין 5 D5ST (1) + מספריים לאפ (1) + סקשן איריגיישיין 5 (1),1,2655.2655,מרינה אליס,2655.2655,10
3DMAX LARGE 10.8X16-LEFT (1) + 3DMAX LARGE 10.8X16-RIGHT (1) + MICROVAL 7.5 X 15CM (1) + אנדו קלינצ 5 מ''מ (1) + בלון אמצעי T10SB (1) + בלון דו צדדי PDBS2 (1) + טאקר נספג - 15 סיכות (1) + טרוקר אקסל OPTI-סכין-5X100 (1) + מספריים לאפ (1) + שרוול אקסל OPTI-5X100 (1),1,2689.4174000000003,מרינה אליס,2689.4174000000003,10
"3DMAX LARGE 10.8X16-LEFT (1) + 3DMAX LARGE 10.8X16-RIGHT (1) + MICROVAL 7.5 X 15CM (1) + VENTRALEX SMALL - 5950007 (1) + בלון אמצעי T10SB (1) + בלון דו צדדי PDBS2 (1) + טאקר נספג - 15 סיכות (1) + טרוקר אקסל עם סכין 5 D5ST (1) + מספריים מונופולר 5 מ""מ (1) + סקשן איריגיישיין 5 (1)",1,3845.1058,מרינה אליס,3845.1058,10
3DMAX LARGE 10.8X16-LEFT (1) + 3DMAX LARGE 10.8X16-RIGHT (1) + MICROVAL 15 X 15CM (1) + אנדו קליפ 5 176630 (1) + אנדו קליפ 5 EL5ML (1) + בלון אמצעי T10SB (1) + בלון דו צדדי PDBS2 (1) + טאקר נספג - 15 סיכות (1) + טרוקר אקסל עם סכין 5 D5ST (1) + סקשן איריגיישיין 5 (1),1,4107.5403,מרינה אליס,4107.5403,10
3DMAX LARGE 10.8X16-LEFT (1) + 3DMAX LARGE 10.8X16-RIGHT (1) + MICROVAL 15 X 15CM (1) + אנדו קלינצ' 5 174317 (1) + בלון אמצעי T10SB (1) + בלון דו צדדי PDBS2 (1) + טאקר נספג - 15 סיכות (1) + טרוקר אקסל עם סכין 5 D5ST (1) + סקשן איריגיישיין 5 (1),1,2720.6633,מרינה אליס,2720.6633,9
3DMAX LARGE 10.8X16-LEFT (1) + 3DMAX LARGE 10.8X16-RIGHT (1) + MAX.0 R.B 27 -6456-61 (1) + MONOCRYL-P.3/0 R.C 19 -MCP497H (1) + אנדו קליפ 5 EL5ML (1) + טאקר נספג-12 סיכות-ETHICON (1) + שרוול אקסל 10-11  CB11LT (1),1,3069.4638,סרגיי סטריגין,3069.4638,7
3DMAX LARGE 10.8X16-LEFT (1) + 3DMAX LARGE 10.8X16-RIGHT (1) + LIQUIBAND FIX8 טאקר דבק (1) + טרוקר אקסל ללא סכין 11 B11LT (1) + שרוול אקסל OPTI-5X100 (1),1,2025.9245999999998,ויאצ'סלב זילברמינץ,2025.9245999999998,5
3DMAX LARGE 10.8X16-LEFT (1) + 3DMAX LARGE 10.8X16-RIGHT (1) + LIQUIBAND FIX8 טאקר דבק (1) + טרוקר אקסל ללא סכין 11 B11LT (1) + טרוקר ללא סכין 5 NB5STF (1) + סקשן איריגיישיין 5 (1),1,2141.2225,ויאצ'סלב זילברמינץ,2141.2225,6
3DMAX LARGE 10.8X16-LEFT (1) + 3DMAX LARGE 10.8X16-RIGHT (1) + LIQUIBAND FIX8 טאקר דבק (1) + טרוקר אקסל ללא סכין 11 B11LT (1) + טרוקר אקסל עם סכין 5 D5ST (1),1,2025.9245999999998,ויאצ'סלב זילברמינץ,2025.9245999999998,5
3DMAX LARGE 10.8X16-LEFT (1) + 3DMAX LARGE 10.8X16-RIGHT (1) + LIQUIBAND FIX8 טאקר דבק (1) + טאקר-10 סיכות MICROVAL (1) + טרוקר אקסל ללא סכין 11 B11LT (1) + טרוקר ללא סכין 5 NB5STF (1) + סקשן איריגיישיין 5 (1),1,2721.4091,עזרא עוז יקיר,2721.4091,7
DYNAMESH ENDOLAP 3D 10*15CM (1) + V-LOC 3/0 R.B.26-VLOCM0604 (1) + אנדו קליפ 5 176630 (1) + בלון אמצעי T10SB (1) + בלון דו צדדי PDBS2 (1) + טאקר נספג - 15 סיכות (1) + טרוקר אקסל ללא סכין 11 B11LT (1) + טרוקר ללא סכין 5 NB5STF (1) + מספריים לאפ (1) + סקשן איריגיישיין 5 (1),1,3004.1101,גילבר אוחנה,3004.1101,10
"DYNAMESH ENDOLAP 3D 10*15CM (1) + בלון אמצעי T10SB (1) + בלון דו צדדי PDBS2 (1) + טאקר נספג-12 סיכות-ETHICON (1) + טרוקר CFF03 - 5X100 (1) + כיסוי מצלמה לפרסקופית (1) + מזרק 20 מ""ל (1) + סטרי-סטריפ 1/2 (1) + פלטה דיאט. ללא כבל-מבוגר (1) + שרוול לטרוקר 5 - CFS02 (1)",1,2552.7691999999997,אליעזר אבינוח,2552.7691999999997,10
DYNAMESH ENDOLAP 3D 10*15CM (1) + בלון אמצעי T10SB (1) + בלון דו צדדי PDBS2 (1) + טאקר נספג - 30 סיכות (1) + טרוקר ללא סכין 5 NB5STF (1) + מספריים לאפ (1) + סקשן איריגיישיין 5 (1),1,2747.7045,גילבר אוחנה,2747.7045,7
DYNAMESH ENDOLAP 3D 10*15CM (1) + בלון אמצעי T10SB (1) + בלון דו צדדי PDBS2 (1) + טאקר נספג - 30 סיכות (1) + טרוקר ללא סכין 5 NB5STF (1),1,2689.8199999999997,ידידיה מלכי,2689.8199999999997,5
DYNAMESH ENDOLAP 3D 10*15CM (1) + בלון אמצעי T10SB (1) + בלון דו צדדי PDBS2 (1) + טאקר נספג - 15 סיכות (1) + טרוקר ללא סכין 5 NB5STF (1) + סקשן איריגיישיין 5 (1),1,2080.4742,ידידיה מלכי,2080.4742,6
DYNAMESH ENDOLAP 3D 10*15CM (1) + בלון אמצעי T10SB (1) + בלון דו צדדי PDBS2 (1) + טאקר נספג - 15 סיכות (1) + טרוקר ללא סכין 5 NB5STF (1),1,2019.82,גילבר אוחנה,2019.82,5
DYNAMESH ENDOLAP 3D 10*15CM (1) + בלון אמצעי T10SB (1) + בלון דו צדדי PDBS2 (1),1,1139.82,בוריס קירשטיין,1139.82,3
DYNAMESH ENDOLAP 3D 10*15CM (1) + אנדו קליפ 5 EL5ML (1) + טאקר-10 סיכות MICROVAL (1) + שרוול אקסל 10-11  CB11LT (1),1,1914.9519,איתי זוארץ,1914.9519,4
"DYNAMESH ENDOLAP 3D 10*15CM (1) + אנדו קליפ 5 EL5ML (1) + טאקר-10 סיכות MICROVAL (1) + מספריים מונופולר 5 מ""מ (1) + שרוול אקסל 10-11  CB11LT (1)",1,1995.8718,איתי זוארץ,1995.8718,5
"DYNAMESH ENDOLAP 3D 10*15CM (1) + אנדו קליפ 5 EL5ML (1) + טאקר-10 סיכות MICROVAL (1) + טרוקר אקסל ללא סכין 11 B11LT (1) + מחט ורז 120 מ""מ - חד פעמי (1)",1,1935.1446,ארז ירדן,1935.1446,5
DYNAMESH ENDOLAP 3D 10*15CM (1) + אנדו קליפ 5 EL5ML (1) + בלון אמצעי T10SB (1) + בלון דו צדדי PDBS2 (1) + טרוקר אקסל OPTI-סכין-5X100 (1) + שרוול אקסל OPTI-5X100 (1),1,2052.3048,בוריס קירשטיין,2052.3048,6
DYNAMESH ENDOLAP 3D 10*15CM (1) + אנדו קליפ 5 EL5ML (1) + בלון אמצעי T10SB (1) + בלון דו צדדי PDBS2 (1) + טאקר-10 סיכות MICROVAL (1) + שרוול אקסל 10-11  CB11LT (1),1,2610.9021,ארז ירדן,2610.9021,6
DYNAMESH ENDOLAP 3D 10*15CM (1) + אנדו קליפ 5 EL5ML (1) + בלון אמצעי T10SB (1) + בלון דו צדדי PDBS2 (1) + טאקר נספג-12 סיכות-ETHICON (1) + טרוקר CFF03 - 5X100 (1) + שרוול לטרוקר 5 - CFS02 (1),1,3303.1995,אליעזר אבינוח,3303.1995,7
DYNAMESH ENDOLAP 3D 10*15CM (1) + אנדו קליפ 5 176630 (1) + בלון אמצעי T10SB (1) + בלון דו צדדי PDBS2 (1) + טרוקר אקסל OPTI-סכין-5X100 (1) + שרוול אקסל OPTI-5X100 (1),1,2062.6499,בוריס קירשטיין,2062.6499,6
DYNAMESH ENDOLAP 3D 10*15CM (1) + אנדו קליפ 5 176630 (1) + בלון אמצעי T10SB (1) + בלון דו צדדי PDBS2 (1) + טאקר נספג - 30 סיכות (1) + טרוקר ללא סכין 5 NB5STF (1) + סקשן איריגיישיין 5 (1),1,3519.5344,ידידיה מלכי,3519.5344,7
"DYNAMESH ENDOLAP 3D 10*15CM (1) + אנדו קלינצ' 5 174317 (1) + טאקר-10 סיכות MICROVAL (1) + מספריים מונופולר 5 מ""מ (1) + שרוול אקסל 10-11  CB11LT (1)",1,1337.8869000000002,איתי זוארץ,1337.8869000000002,5
DYNAMESH ENDOLAP 3D 10*15CM (1) + אנדו קלינצ 5 מ''מ (1) + בלון אמצעי T10SB (1) + בלון דו צדדי PDBS2 (1) + טאקר נספג - 15 סיכות (1) + טרוקר ללא סכין 5 NB5STF (1),1,1903.62,ירון מינץ,1903.62,6
DYNAMESH ENDOLAP 3D 10*15CM (1) + טאקר נספג-12 סיכות-ETHICON (1) + טרוקר CFF03 - 5X100 (1) + שרוול לטרוקר 5 - CFS02 (1),1,1860.0043,אליעזר אבינוח,1860.0043,4
DYNAMESH ENDOLAP 3D 10*15CM (1) + בלון דו צדדי PDBS2 (1) + טרוקר אקסל OPTI-סכין-5X100 (1) + שרוול אקסל OPTI-5X100 (1),1,882.87,בוריס קירשטיין,882.87,4
DYNAMESH ENDOLAP 3D 10*15CM (1) + בלון אמצעי T10SB (1) + טרוקר אקסל OPTI-סכין-5X100 (1) + שרוול אקסל OPTI-5X100 (1),1,1000.8199999999999,בוריס קירשטיין,1000.8199999999999,4
"DYNAMESH ENDOLAP 3D 10*15CM (1) + בלון אמצעי T10SB (1) + טרוקר אקסל OPTI-סכין-5X100 (1) + מחט ורז 120 מ""מ - חד פעמי (1) + שרוול אקסל OPTI-5X100 (1)",1,1021.01,בוריס קירשטיין,1021.01,5
DYNAMESH ENDOLAP 3D 10*15CM (1) + בלון אמצעי T10SB (1) + בלון דו צדדי PDBS2 (1) + שרוול אקסל OPTI-5X100 (1),1,1214.82,בוריס קירשטיין,1214.82,4
DYNAMESH ENDOLAP 3D 10*15CM (1) + בלון אמצעי T10SB (1) + בלון דו צדדי PDBS2 (1) + טרוקר ללא סכין 5 NB5STF (1),1,1219.82,בוריס קירשטיין,1219.82,4
DYNAMESH ENDOLAP 3D 10*15CM (1) + בלון אמצעי T10SB (1) + בלון דו צדדי PDBS2 (1) + טרוקר אקסל OPTI-סכין-5X100 (1) + מספריים לאפ (1),1,1215.82,בוריס קירשטיין,1215.82,5
"DYNAMESH ENDOLAP 3D 10*15CM (1) + בלון אמצעי T10SB (1) + בלון דו צדדי PDBS2 (1) + טרוקר אקסל OPTI-סכין-5X100 (1) + כיסוי מצלמה לפרסקופית (1) + מזרק 20 מ""ל (1) + סטרי-סטריפ 1/2 (1) + שרוול אקסל OPTI-5X100 (1)",1,1299.4709,בוריס קירשטיין,1299.4709,8
"DYNAMESH ENDOLAP 3D 10*15CM (1) + בלון אמצעי T10SB (1) + בלון דו צדדי PDBS2 (1) + טרוקר אקסל OPTI-סכין-5X100 (1) + כיסוי מצלמה לפרסקופית (1) + מזרק 20 מ""ל (1) + סטרי-סטריפ 1/2 (1) + פלטה דיאט. ללא כבל-מבוגר (1) + שרוול אקסל OPTI-5X100 (1)",1,1301.872,בוריס קירשטיין,1301.872,9
DYNAMESH ENDOLAP 3D 10*15CM (1) + בלון אמצעי T10SB (1) + בלון דו צדדי PDBS2 (1) + טרוקר אקסל OPTI-5X100 (1) + טרוקר אקסל ללא סכין 11 B11LT (1) + שרוול אקסל OPTI-5X100 (1),1,1364.82,בוריס קירשטיין,1364.82,6
DYNAMESH ENDOLAP 3D 10*15CM (1) + בלון אמצעי T10SB (1) + בלון דו צדדי PDBS2 (1) + טרוקר אקסל OPTI-5X100 (1),1,1214.82,בוריס קירשטיין,1214.82,4
DYNAMESH ENDOLAP 3D 10*15CM (1) + בלון אמצעי T10SB (1) + בלון דו צדדי PDBS2 (1) + טאקר-10 סיכות MICROVAL (1) + טרוקר ללא סכין 5 NB5STF (1),1,1853.42,פיוטר לנגר,1853.42,5
"DYNAMESH ENDOLAP 3D 10*15CM (1) + בלון אמצעי T10SB (1) + בלון דו צדדי PDBS2 (1) + טאקר נספג-12 סיכות-ETHICON (1) + טרוקר אקסל OPTI-סכין-5X100 (1) + מספריים מונופולר 5 מ""מ (1) + שרוול אקסל OPTI-5X100 (1)",1,2624.9228000000003,אליעזר אבינוח,2624.9228000000003,7
DYNAMESH ENDOLAP 3D 10*15CM (1) + בלון אמצעי T10SB (1) + בלון דו צדדי PDBS2 (1) + טאקר נספג-12 סיכות-ETHICON (1) + טרוקר אקסל OPTI-סכין-5X100 (1) + מספריים לאפ (1) + שרוול אקסל OPTI-5X100 (1),1,2541.9700000000003,אליעזר אבינוח,2541.9700000000003,7
DYNAMESH ENDOLAP 3D 10*15CM (1) + בלון אמצעי T10SB (1) + בלון דו צדדי PDBS2 (1) + טאקר נספג-12 סיכות-ETHICON (1) + טרוקר אקסל OPTI-5X100 (1) + שרוול אקסל OPTI-5X100 (1),1,2540.9700000000003,בוריס קירשטיין,2540.9700000000003,6
"DYNAMESH ENDOLAP 3D 10*15CM (1) + בלון אמצעי T10SB (1) + בלון דו צדדי PDBS2 (1) + טאקר נספג-12 סיכות-ETHICON (1) + טרוקר CFF03 - 5X100 (1) + מספריים מונופולר 5 מ""מ (1) + שרוול לטרוקר 5 - CFS02 (1)",1,2638.8324000000002,אליעזר אבינוח,2638.8324000000002,7
3DMAX LARGE 10.8X16-LEFT (1) + 3DMAX LARGE 10.8X16-RIGHT (1) + LIQUIBAND FIX8 טאקר דבק (1) + טאקר-10 סיכות MICROVAL (1) + טרוקר אקסל ללא סכין 11 B11LT (1) + טרוקר ללא סכין 5 NB5STF (1),1,2672.513,עזרא עוז יקיר,2672.513,6
3DMAX LARGE 10.8X16-LEFT (1) + 3DMAX LARGE 10.8X16-RIGHT (1) + LIQUIBAND FIX8 טאקר דבק (1) + בלון דו צדדי PDBS2 (1) + טרוקר CFF33 - 11X100 (1) + טרוקר ללא סכין 5 NB5STF (1) + מספריים לאפ (1) + סקשן איריגיישיין 5 (1),1,2451.0173,שמואל אביטל,2451.0173,8
3DMAX LARGE 10.8X16-LEFT (1) + 3DMAX LARGE 10.8X16-RIGHT (1) + LIQUIBAND FIX8 טאקר דבק (1) + בלון דו צדדי PDBS2 (1) + טרוקר CFF03 - 5X100 (1) + טרוקר CFF33 - 11X100 (1) + סקשן איריגיישיין 5 (1) + שרוול לטרוקר 5 - CFS02 (1),1,2473.9791999999998,שמואל אביטל,2473.9791999999998,8
"3DMAX LARGE 10.8X16-LEFT (1) + 3DMAX LARGE 10.8X16-RIGHT (1) + LIQUIBAND FIX8 טאקר דבק (1) + בלון דו צדדי PDBS2 (1) + טרוקר CFF03 - 5X100 (1) + טרוקר CFF33 - 11X100 (1) + מספריים מונופולר 5 מ""מ (1) + סקשן איריגיישיין 5 (1) + שרוול לטרוקר 5 - CFS02 (1)",1,2550.2385999999997,שמואל אביטל,2550.2385999999997,9
"3DMAX LARGE 10.8X16-LEFT (1) + 3DMAX LARGE 10.8X16-RIGHT (1) + LIQUIBAND FIX8 טאקר דבק (1) + בלון אמצעי T10SB (1) + בלון דו צדדי PDBS2 (1) + טרוקר ללא סכין 5 NB5STF (1) + מספריים מונופולר 5 מ""מ (1) + סקשן איריגיישיין 5 (1)",1,2866.269,שמואל אביטל,2866.269,8
3DMAX LARGE 10.8X16-LEFT (1) + 3DMAX LARGE 10.8X16-RIGHT (1) + LIQUIBAND FIX8 טאקר דבק (1) + בלון אמצעי T10SB (1) + בלון דו צדדי PDBS2 (1) + טרוקר אקסל OPTI-5X100 (1) + שרוול אקסל OPTI-5X100 (1),1,2721.8746,איאן וייט,2721.8746,7
3DMAX LARGE 10.8X16-LEFT (1) + 3DMAX LARGE 10.8X16-RIGHT (1) + LIQUIBAND FIX8 טאקר דבק (1) + בלון אמצעי T10SB (1) + בלון דו צדדי PDBS2 (1) + טרוקר CFF03 - 5X100 (1) + שרוול לטרוקר 5 - CFS02 (1),1,2723.9694,מאיר זמל,2723.9694,7
"3DMAX LARGE 10.8X16-LEFT (1) + 3DMAX LARGE 10.8X16-RIGHT (1) + LIQUIBAND FIX8 טאקר דבק (1) + בלון אמצעי T10SB (1) + בלון דו צדדי PDBS2 (1) + טרוקר CFF03 - 5X100 (1) + מספריים מונופולר 5 מ""מ (1) + סקשן איריגיישיין 5 (1) + שרוול לטרוקר 5 - CFS02 (1)",1,2857.1133,מאיר זמל,2857.1133,9
3DMAX LARGE 10.8X16-LEFT (1) + 3DMAX LARGE 10.8X16-RIGHT (1) + LIQUIBAND FIX8 טאקר דבק (1) + בלון אמצעי T10SB (1) + בלון דו צדדי PDBS2 (1) + טרוקר CFF03 - 5X100 (1) + מספריים לאפ (1),1,2730.6366,יוסף בראון,2730.6366,7
3DMAX LARGE 10.8X16-LEFT (1) + 3DMAX LARGE 10.8X16-RIGHT (1) + LIQUIBAND FIX8 טאקר דבק (1) + בלון אמצעי T10SB (1) + בלון דו צדדי PDBS2 (1) + טרוקר CFF03 - 5X100 (1) + טרוקר ללא סכין 5 NB5STF (1) + סקשן איריגיישיין 5 (1) + שרוול לטרוקר 5 - CFS02 (1),1,2869.9451,שמואל אביטל,2869.9451,9
3DMAX LARGE 10.8X16-LEFT (1) + 3DMAX LARGE 10.8X16-RIGHT (1) + LIQUIBAND FIX8 טאקר דבק (1) + בלון אמצעי T10SB (1) + בלון דו צדדי PDBS2 (1) + טרוקר CFF03 - 5X100 (1),1,2729.6366000000003,יוסף בראון,2729.6366000000003,6
3DMAX LARGE 10.8X16-LEFT (1) + 3DMAX LARGE 10.8X16-RIGHT (1) + LIQUIBAND FIX8 טאקר דבק (1) + אנדו קליפ 5 176630 (1) + טרוקר אקסל ללא סכין 11 B11LT (1) + מספריים לאפ (1),1,2724.7545,דני רוזין,2724.7545,6
3DMAX LARGE 10.8X16-LEFT (1) + 3DMAX LARGE 10.8X16-RIGHT (1) + LIQUIBAND FIX8 טאקר דבק (1) + אנדו קליפ 5 176630 (1) + בלון דו צדדי PDBS2 (1) + טרוקר CFF33 - 11X100 (1) + טרוקר ללא סכין 5 NB5STF (1),1,3163.3889,שמואל אביטל,3163.3889,7
3DMAX LARGE 10.8X16-LEFT (1) + 3DMAX LARGE 10.8X16-RIGHT (1) + LIQUIBAND FIX8 טאקר דבק (1) + אנדו קליפ 5 176630 (1) + בלון דו צדדי PDBS2 (1) + טרוקר CFF03 - 5X100 (1) + טרוקר CFF33 - 11X100 (1) + סקשן איריגיישיין 5 (1) + שרוול לטרוקר 5 - CFS02 (1),1,3246.8091,שמואל אביטל,3246.8091,9
3DMAX LARGE 10.8X16-LEFT (1) + 3DMAX LARGE 10.8X16-RIGHT (1) + LIQUIBAND FIX8 טאקר דבק (1) + אנדו קליפ 5 176630 (1) + בלון אמצעי T10SB (1) + בלון דו צדדי PDBS2 (1) + טרוקר CFF03 - 5X100 (1) + טרוקר CFF33 - 11X100 (1) + טרוקר חסן 10 T10BT (1) + סקשן איריגיישיין 5 (1) + שרוול לטרוקר 5 - CFS02 (1),1,4019.2061,שמואל אביטל,4019.2061,11
DYNAMESH ENDOLAP 3D 10*15CM (1) + טאקר-10 סיכות MICROVAL (1) + טרוקר אקסל OPTI-סכין-5X100 (1) + שרוול אקסל 10-11  CB11LT (1),1,1227.47,ארז ירדן,1227.47,4
FILBLOC 90 3/0  - FU395HHFAB (1) + MICROVAL 14X10-LEFT (1) + MICROVAL 14X10-RIGHT (1) + טאקר נספג - 15 סיכות (1) + טרוקר אקסל ללא סכין 11 B11LT (1) + טרוקר ללא סכין 5 NB5STF (1),1,2056.8207,עזרא עוז יקיר,2056.8207,6
FILBLOC 90 3/0  - FU395HHFAB (1) + HARH36- הרמוניק אייס פלוס 7 (1) + PROGRIP FLAT SHEET MESH 15X10 (1) + טרוקר אקסל OPTI-5X100 (1) + טרוקר אקסל ללא סכין 11 B11LT (1) + שרוול אקסל OPTI-5X100 (1),1,2544.5333,איגור וקסמן,2544.5333,6
FILBLOC 90 3/0  - FU395HHFAB (1) + HAR736 -  הרמוניק 700 (1) + PROGRIP FLAT SHEET MESH 15X10 (1) + טרוקר אקסל OPTI-5X100 (1) + טרוקר אקסל ללא סכין 11 B11LT (1) + שרוול אקסל OPTI-5X100 (1),1,2544.5333,איגור וקסמן,2544.5333,6
FILBLOC 90 3/0  - FU395HHFAB (1) + FILBLOC PDO 3/0 - FU395HHAB (1) + HAR736 -  הרמוניק 700 (1) + PROGRIP FLAT SHEET MESH 15X10 (1) + אנדו קליפ 10 ER-320 (1) + בלון אמצעי T10SB (1) + טאקר נספג-25 סיכות-ETHICON (1) + טרוקר CFF03 - 5X100 (1) + שרוול אקסל 10-11  CB11LT (1),1,4901.6035999999995,עבד על רחמן אבו גנים,4901.6035999999995,9
FILBLOC 90 3/0  - FU395HHFAB (1) + FILBLOC PDO 0 - FR424HHAB (1) + MICROVAL 16X11-LEFT (1) + MICROVAL 16X11-RIGHT (1) + טאקר-10 סיכות MICROVAL (1) + טרוקר אקסל ללא סכין 11 B11LT (1) + טרוקר ללא סכין 5 NB5STF (1) + סטרי -דרפ 1050 (1),1,1959.9955,עמיר סולד,1959.9955,8
FILBLOC 90 3/0  - FU395HHFAB (1) + FILBLOC PDO 0 - FR424HHAB (1) + MICROVAL 15 X 15CM (1) + MICROVAL 16X11-LEFT (1) + MICROVAL 16X11-RIGHT (1) + טאקר-10 סיכות MICROVAL (1) + טרוקר אקסל ללא סכין 11 B11LT (1) + טרוקר ללא סכין 5 NB5STF (1),1,2109.5963,עמיר סולד,2109.5963,8
FILBLOC 90 3/0  - FU395HHFAB (1) + FILBLOC PDO 0 - FR424HHAB (1) + MICROVAL 14X10-LEFT (1) + MICROVAL 16X11-RIGHT (1) + טאקר-10 סיכות MICROVAL (1) + טרוקר אקסל ללא סכין 11 B11LT (1) + טרוקר ללא סכין 5 NB5STF (1) + מספריים לאפ (1) + סטרי -דרפ 1050 (1),1,1958.3757,עמיר סולד,1958.3757,9
FILBLOC 90 3/0  - FU395HHFAB (1) + FILBLOC 90 3/0 - FU400HHFAB (1) + PROGRIP FLAT SHEET MESH 15X10 (1) + אנדו קליפ 5 176630 (1) + טאקר נספג - 15 סיכות (1) + טרוקר CFF03 - 5X100 (1) + טרוקר CFF33 - 11X100 (1) + סקשן איריגיישיין 5 (1) + שרוול לטרוקר 5 - CFS02 (1),1,2979.0203,מיכאל בלכר,2979.0203,9
DYNAMESH LICHTENSTIEN 7.5X15CM (1),1,439.3,רון לביא,439.3,1
DYNAMESH ENDOLAP 3D PVDF 12*17 (1) + טאקר-10 סיכות MICROVAL (1) + שרוול אקסל 10-11  CB11LT (1),1,1186.62,ארז ירדן,1186.62,3
DYNAMESH ENDOLAP 3D PVDF 12*17 (1) + LIQUIBAND FIX8 טאקר דבק (1) + SURGICEL 10CM * 20CM (1) + טאקר נספג-12 סיכות-ETHICON (1) + טרוקר אקסל OPTI-סכין-5X100 (1) + טרוקר אקסל ללא סכין 11 B11LT (1) + ליגשור מרילנד ארוך - LF1937 (1) + סקשן איריגיישיין 5 (1) + שרוול אקסל OPTI-5X100 (1),1,4309.3201,אלמוג בן יעקב,4309.3201,9
DYNAMESH ENDOLAP 3D 10*15CM (2) + אנדו קליפ 5 176630 (1) + בלון אמצעי T10SB (1) + בלון דו צדדי PDBS2 (1) + טאקר נספג - 15 סיכות (1) + טרוקר ללא סכין 5 NB5STF (1) + מספריים לאפ (1) + סקשן איריגיישיין 5 (1),1,3294.4044,ידידיה מלכי,3294.4044,9
DYNAMESH ENDOLAP 3D 10*15CM (1) + טאקר-10 סיכות MICROVAL (1) + מספריים לאפ (1) + שרוול אקסל 10-11  CB11LT (1),1,1153.47,איתי זוארץ,1153.47,4
DYNAMESH ENDOLAP 3D 10*15CM (1) + טאקר-10 סיכות MICROVAL (1) + טרוקר אקסל ללא סכין 11 B11LT (1) + שרוול אקסל 10-11  CB11LT (1),1,1227.47,ארז ירדן,1227.47,4
"DYNAMESH ENDOLAP 3D 10*15CM (1) + טאקר-10 סיכות MICROVAL (1) + טרוקר אקסל ללא סכין 11 B11LT (1) + מחט ורז 120 מ""מ - חד פעמי (1) + מספריים מונופולר 5 מ""מ (1)",1,1255.2341000000001,ארז ירדן,1255.2341000000001,5
"DYNAMESH ENDOLAP 3D 10*15CM (1) + טאקר-10 סיכות MICROVAL (1) + טרוקר אקסל ללא סכין 11 B11LT (1) + מחט ורז 120 מ""מ - חד פעמי (1)",1,1172.66,ארז ירדן,1172.66,4
GLUTACK DEVICE 50 DROPS (1) + ULTRAPRO ADVANCED MESH 10*15CM (1) + V-LOC 3/0 R.B.26-VLOCM0604 (1) + טרוקר אקסל OPTI-סכין-5X100 (1) + טרוקר אקסל ללא סכין 11 B11LT (1) + שרוול אקסל OPTI-5X100 (1),1,1620.5275,ז'אן פול לקארוס,1620.5275,6
GLUTACK DEVICE 50 DROPS (1) + ULTRAPRO ADVANCED MESH 10*15CM (1) + V-LOC 3/0 R.B.26-VLOCM0604 (1) + אנדו קליפ 5 EL5ML (1) + טרוקר אקסל OPTI-סכין-5X100 (1) + טרוקר אקסל עם סכין 10-11 D11LT (1) + שרוול אקסל OPTI-5X100 (1),1,2372.8999,ז'אן פול לקארוס,2372.8999,7
GLUTACK DEVICE 50 DROPS (1) + SYMBOTEX.COM.MESH 12CM-RAUND (1) + ULTRAPRO ADVANCED MESH 10*15CM (1) + V-LOC 3/0 R.B.26-VLOCM0604 (1) + טרוקר אקסל OPTI-סכין-5X100 (1) + טרוקר אקסל עם סכין 10-11 D11LT (1) + שרוול אקסל OPTI-5X100 (1),1,2946.8166,ז'אן פול לקארוס,2946.8166,7
GLUBRAN2-SURGICAL GLUE-1ML (1) + GLUTACK DEVICE 50 DROPS (1) + ULTRAPRO ADVANCED MESH 10*15CM (1) + V-LOC 3/0 R.B.26-VLOCM0604 (1) + טרוקר אקסל OPTI-סכין-5X100 (1) + טרוקר אקסל עם סכין 10-11 D11LT (1) + שרוול אקסל OPTI-5X100 (1),1,2053.2347,ז'אן פול לקארוס,2053.2347,7
GLUBRAN2-SURGICAL GLUE-0.5ML (1) + GLUTACK DEVICE 25 DROPS (1) + SYMBOTEX.COM.MESH 12CM-RAUND (1) + ULTRAPRO ADVANCED MESH 10*15CM (1) + V-LOC 3/0 R.B.26-VLOCM0604 (1) + V-LOC 3/0 R.B.26-VLOCN0605 (1) + אנדו קליפ 5 EL5ML (1) + טאקר נספג-25 סיכות-ETHICON (1) + טרוקר אקסל OPTI-סכין-5X100 (1) + טרוקר אקסל ללא סכין 11 B11LT (1) + מספריים לאפ (1) + שרוול אקסל 10-11  CB11LT (1) + שרוול אקסל OPTI-5X100 (1),1,5063.9349999999995,ז'אן פול לקארוס,5063.9349999999995,13
FILBLOC PDO 3/0 - FU395HHAB (1) + HAR736 -  הרמוניק 700 (1) + PROGRIP FLAT SHEET MESH 15X10 (1) + טרוקר אקסל OPTI-5X100 (1) + טרוקר אקסל ללא סכין 11 B11LT (1),1,2469.5333,איגור וקסמן,2469.5333,5
FILBLOC PDO 2/0 - FS412HHAB (1) + PROGRIP FLAT SHEET MESH 15X10 (1) + SYMBOTEX.COM.MESH 12CM-RAUND (1) + טאקר נספג-25 סיכות-ETHICON (1) + טרוקר אקסל OPTI-סכין-5X100 (1) + טרוקר אקסל עם סכין 10-11 D11LT (1) + שרוול אקסל OPTI-5X100 (1),1,3886.6933,סרגיי דומצ'יק,3886.6933,7
FILBLOC PDO 2/0 - FS412HHAB (1) + PROGRIP FLAT SHEET MESH 15X10 (1) + STRATAFIX PDO 1-SXPP1A404 (1) + טרוקר אקסל OPTI-סכין-5X100 (1) + טרוקר אקסל עם סכין 10-11 D11LT (1) + שרוול אקסל OPTI-5X100 (1),1,1304.45,סרגיי דומצ'יק,1304.45,6
FILBLOC PDO 0 - FR424HHAB (1) + MICROVAL 16X11-LEFT (1) + MICROVAL 16X11-RIGHT (1) + טאקר-10 סיכות MICROVAL (1) + טרוקר אקסל ללא סכין 11 B11LT (1) + טרוקר ללא סכין 5 NB5STF (1),1,1901.2121,עמיר סולד,1901.2121,6
FILBLOC PDO 0 - FR424HHAB (1) + MICROVAL 16X11-LEFT (1) + MICROVAL 16X11-RIGHT (1) + SURGICEL ENDO. APPLICATOR TIP (1) + SURGICEL POWDER HEMOSTAT (1) + טאקר-10 סיכות MICROVAL (1) + טרוקר אקסל ללא סכין 11 B11LT (1) + טרוקר ללא סכין 5 NB5STF (1) + סקשן איריגיישיין 5 (1),1,2762.8668000000002,עמיר סולד,2762.8668000000002,9
FILBLOC 90 3/0  - FU395HHFAB (1) + PROGRIP FLAT SHEET MESH 15X10 (1) + טרוקר אקסל OPTI-סכין-5X100 (1) + טרוקר אקסל עם סכין 10-11 D11LT (1) + שרוול אקסל 10-11  CB11LT (1) + שרוול אקסל OPTI-5X100 (1),1,1289.5333,אחמד אסדי,1289.5333,6
FILBLOC 90 3/0  - FU395HHFAB (1) + PROGRIP FLAT SHEET MESH 15X10 (1) + אנדו קליפ 5 EL5ML (1) + טרוקר אקסל OPTI-5X100 (1) + טרוקר אקסל ללא סכין 11 B11LT (1) + שרוול אקסל OPTI-5X100 (1),1,1977.0179,איגור וקסמן,1977.0179,6
FILBLOC 90 3/0  - FU395HHFAB (1) + MICROVAL 16X11-LEFT (1) + MICROVAL 16X11-RIGHT (1) + טאקר-10 סיכות MICROVAL (1) + טרוקר אקסל ללא סכין 11 B11LT (1) + טרוקר ללא סכין 5 NB5STF (1) + מספריים לאפ (1),1,1853.5083,עמיר סולד,1853.5083,7
FILBLOC 90 3/0  - FU395HHFAB (1) + MICROVAL 16X11-LEFT (1) + MICROVAL 16X11-RIGHT (1) + אנדו קליפ 5 EL5ML (1) + טאקר-10 סיכות MICROVAL (1) + טרוקר אקסל ללא סכין 11 B11LT (1) + טרוקר ללא סכין 5 NB5STF (1) + מספריים לאפ (1) + סטרי -דרפ 1050 (1),1,2626.3968,עמיר סולד,2626.3968,9
FILBLOC 90 3/0  - FU395HHFAB (1) + MICROVAL 14X10-RIGHT (1) + ULTRAPRO ADVANCED MESH 6*12CM (1) + טאקר נטען-20 סיכות MICROVAL (1) + טרוקר אקסל ללא סכין 11 B11LT (1) + טרוקר ללא סכין 5 NB5STF (1) + מספריים לאפ (1) + סקשן איריגיישיין 5 (1),1,1918.4015,עמיר סולד,1918.4015,8
FILBLOC 90 3/0  - FU395HHFAB (1) + MICROVAL 14X10-LEFT (1) + MICROVAL 14X10-RIGHT (1) + טאקר-10 סיכות MICROVAL (1) + טרוקר אקסל ללא סכין 11 B11LT (1) + טרוקר ללא סכין 5 NB5STF (1) + מספריים לאפ (1),1,1897.0809,עמיר סולד,1897.0809,7
MICROVAL 14X10-LEFT (1) + MICROVAL 14X10-RIGHT (1) + MICROVAL 7.5 X 15CM (1) + בלון אמצעי T10SB (1) + בלון דו צדדי PDBS2 (1) + טאקר-10 סיכות MICROVAL (1) + טרוקר אקסל OPTI-סכין-5X100 (1) + שרוול אקסל OPTI-5X100 (1),1,2585.9865999999997,עופר לנדאו,2585.9865999999997,8
MICROVAL 14X10-LEFT (1) + MICROVAL 14X10-RIGHT (1) + MICROVAL 7.5 X 15CM (1) + בלון אמצעי T10SB (1) + בלון דו צדדי PDBS2 (1) + טאקר נספג-25 סיכות-ETHICON (1) + טרוקר אקסל OPTI-סכין-5X100 (1) + טרוקר אקסל עם סכין 10-11 D11LT (1),1,3287.0137,סרחיו סוסמיליאן,3287.0137,8
MICROVAL 14X10-LEFT (1) + MICROVAL 14X10-RIGHT (1) + MICROVAL 7.5 X 15CM (1) + בלון אמצעי T10SB (1) + בלון דו צדדי PDBS2 (1) + טאקר נספג-12 סיכות-ETHICON (1) + טרוקר אקסל OPTI-סכין-5X100 (1) + טרוקר אקסל עם סכין 10-11 D11LT (1) + מספריים לאפ (1),1,3204.5366,סרחיו סוסמיליאן,3204.5366,9
MICROVAL 14X10-LEFT (1) + MICROVAL 14X10-RIGHT (1) + MICROVAL 15 X 15CM (1) + בלון אמצעי T10SB (1) + בלון דו צדדי PDBS2 (1) + טאקר נספג-12 סיכות-ETHICON (1) + טרוקר אקסל OPTI-סכין-5X100 (1) + טרוקר אקסל עם סכין 10-11 D11LT (1),1,3220.9121,סרחיו סוסמיליאן,3220.9121,8
LIQUIBAND FIX8 טאקר דבק (1) + SYMBOTEX ROUND MESH 15CM (1) + אנדו קליפ 10 176625 (1) + בלון אמצעי T10SB (1) + בלון דו צדדי PDBS2 (1) + טאקר נספג - 30 סיכות (1) + טרוקר אקסל OPTI-סכין-5X100 (1) + טרוקר אקסל עם סכין 10-11 D11LT (1) + מספריים לאפ (1),1,5127.4737,חי בן רוחי,5127.4737,9
LIQUIBAND FIX8 טאקר דבק (1) + MICROVAL 14X10-LEFT (1) + MICROVAL 14X10-RIGHT (1) + בלון אמצעי T10SB (1) + בלון דו צדדי PDBS2 (1) + טאקר-10 סיכות MICROVAL (1) + טרוקר ללא סכין 5 NB5STF (1) + מספריים לאפ (1),1,3377.4714,לב איטין,3377.4714,8
LIQUIBAND FIX8 טאקר דבק (1) + MICROVAL 14X10-LEFT (1) + MICROVAL 14X10-RIGHT (1) + אנדו קליפ 5 176630 (1) + טאקר נספג - 15 סיכות (1) + טרוקר אקסל ללא סכין 11 B11LT (1) + טרוקר ללא סכין 5 NB5STF (1) + מספריים לאפ (1) + סקשן איריגיישיין 5 (1),1,3799.6812,עזרא עוז יקיר,3799.6812,9
"LIQUIBAND FIX8 טאקר דבק (1) + MICROVAL 14X10-LEFT (1) + MICROVAL 14X10-RIGHT (1) + SURGICEL FIBRILLAR 2.5CM*5.1CM (1) + בלון אמצעי T10SB (1) + בלון דו צדדי PDBS2 (1) + טאקר-10 סיכות MICROVAL (1) + טרוקר ללא סכין 5 NB5STF (1) + מספריים מונופולר 5 מ""מ (1)",1,3671.7302,לב איטין,3671.7302,9
LAPARA-TY CLIP APPLIER (1) + MICROVAL 15 X 15CM (1) + V-LOC 3/0 R.B.17-VLOCM0804 (1) + V-LOC 3/0 R.B.26-VLOCM0604 (1) + בלון אמצעי T10SB (1) + בלון דו צדדי PDBS2 (1) + טרוקר CFF03 - 5X100 (1) + טרוקר אקסל OPTI-12X100 (1) + טרוקר אקסל OPTI-סכין-5X100 (1) + טרוקר אקסל ללא סכין 11 B11LT (1) + טרוקר חסן 12 H12LP (1) + ליגשור מרילנד ארוך - LF1937 (1) + מספריים לאפ (1) + סקשן איריגיישיין 5 (2) + שרוול אקסל OPTI-5X100 (1) + שרוול לטרוקר 5 - CFS02 (1),1,3237.5777,יוסף בראון,3237.5777,17
LAMIDEY-THICK LOOP 24FR - VXRU (1) + PROGRIP FLAT SHEET MESH 15X10 (1) + טרוקר אקסל OPTI-5X100 (1) + טרוקר אקסל ללא סכין 11 B11LT (1) + טרוקר אקסל עם סכין 10-11 D11LT (1) + שרוול אקסל OPTI-5X100 (1),1,1724.67,אופיר בן ישי,1724.67,6
"L HOOK- הוק אפור ידני (1) + PROGRIP FLAT SHEET MESH 15X10 (1) + V-LOC 3/0 R.B.26-VLOCL0604 (1) + טרוקר אקסל OPTI-5X100 (1) + מספריים מונופולר 5 מ""מ (1) + שרוול אקסל 10-11  CB11LT (1)",1,1202.4328,בשארה בשארה,1202.4328,6
HARMONIC HD 1000I - HARHD36 (1) + PROGRIP FLAT SHEET MESH 15X10 (1) + טרוקר אקסל OPTI-5X100 (1) + טרוקר אקסל ללא סכין 11 B11LT (1) + שרוול אקסל OPTI-5X100 (1),1,2447.45,איגור וקסמן,2447.45,5
HAR736 -  הרמוניק 700 (1) + PROGRIP FLAT SHEET MESH 15X10 (1) + עפרון סימון סטרילי - רגיל (1),1,2224.3559,איגור וקסמן,2224.3559,3
HAR736 -  הרמוניק 700 (1) + PROGRIP FLAT SHEET MESH 15X10 (1) + VENTRALEX SMALL - 5950007 (1),1,3429.3199999999997,איגור וקסמן,3429.3199999999997,3
HAR736 -  הרמוניק 700 (1) + PROGRIP FLAT SHEET MESH 15X10 (1) + VENTRALEX MEDIUM - 5950008 (1) + בלון להרניה עגול - SMBTTRNDX (1) + טאקר נספג-25 סיכות-ETHICON (1) + טרוקר אקסל OPTI-5X100 (1) + טרוקר אקסל ללא סכין 11 B11LT (1) + שרוול אקסל OPTI-5X100 (1),1,5826.95,איגור וקסמן,5826.95,8
HAR736 -  הרמוניק 700 (1) + PROGRIP FLAT SHEET MESH 15X10 (1),1,2222.45,איגור וקסמן,2222.45,2
MICROVAL 14X10-LEFT (1) + MICROVAL 14X10-RIGHT (1) + VERSAONE BLADED TROCAR WITH FI (1) + אנדו קליפ 5 176630 (1) + בלון אמצעי T10SB (1) + בלון דו צדדי PDBS2 (1) + טאקר-10 סיכות MICROVAL (1) + מספריים לאפ (1),1,3193.7702,עופר לנדאו,3193.7702,8
MICROVAL 14X10-LEFT (1) + MICROVAL 14X10-RIGHT (1) + SURGICEL FIBRILLAR 5CM*10CM (1) + אנדו קליפ 5 EL5ML (1) + בלון אמצעי T10SB (1) + בלון דו צדדי PDBS2 (1) + טאקר-10 סיכות MICROVAL (1) + טרוקר אקסל OPTI-סכין-5X100 (1) + סקשן איריגיישיין 5 (1),1,3524.6179,רון גרינברג,3524.6179,9
3DMAX LARGE 10.8X16-LEFT (1) + 3DMAX LARGE 10.8X16-RIGHT (1) + LIQUIBAND FIX8 טאקר דבק (1) + אנדו קליפ 5 176630 (1) + בלון אמצעי T10SB (1) + בלון דו צדדי PDBS2 (1) + טאקר נספג-12 סיכות-ETHICON (1) + טרוקר אקסל OPTI-סכין-5X100 (1) + שרוול אקסל OPTI-5X100 (1),1,4815.6346,איאן וייט,4815.6346,9
3DMAX LARGE 10.8X16-LEFT (1) + 3DMAX LARGE 10.8X16-RIGHT (1) + LIQUIBAND FIX8 טאקר דבק (1) + אנדו קלינצ 5 מ''מ (1) + בלון דו צדדי PDBS2 (1) + טרוקר CFF03 - 5X100 (1) + טרוקר CFF33 - 11X100 (1) + סקשן איריגיישיין 5 (1) + שרוול לטרוקר 5 - CFS02 (1),1,2474.9791999999998,שמואל אביטל,2474.9791999999998,9
"3DMAX LARGE 10.8X16-LEFT (1) + 3DMAX LARGE 10.8X16-RIGHT (1) + LIQUIBAND FIX8 טאקר דבק (1) + אטם סיליקון 5 מ""מ לטרוקר YP PL (2) + טרוקר אקסל ללא סכין 11 B11LT (1)",1,2046.6858,דני רוזין,2046.6858,6
3DMAX LARGE 10.8X16-LEFT (1) + 3DMAX LARGE 10.8X16-RIGHT (1) + LIQUIBAND FIX8 טאקר דבק (1) + VERSAONE BLADED TROCAR WITH FI (1) + אנדו קליפ 5 EL5ML (1) + טרוקר אקסל ללא סכין 11 B11LT (1),1,2863.1967999999997,ויאצ'סלב זילברמינץ,2863.1967999999997,6
3DMAX LARGE 10.8X16-LEFT (1) + 3DMAX LARGE 10.8X16-RIGHT (1) + LIQUIBAND FIX8 טאקר דבק (1) + VERSAONE BLADED TROCAR WITH FI (1) + אנדו קליפ 5 176630 (1) + בלון דו צדדי PDBS2 (1) + טרוקר CFF33 - 11X100 (1) + מספריים לאפ (1) + סקשן איריגיישיין 5 (1),1,3187.3485,שמואל אביטל,3187.3485,9
"3DMAX LARGE 10.8X16-LEFT (1) + 3DMAX LARGE 10.8X16-RIGHT (1) + LIQUIBAND FIX8 טאקר דבק (1) + VENTRALEX SMALL - 5950007 (1) + בלון אמצעי T10SB (1) + בלון דו צדדי PDBS2 (1) + טרוקר CFF03 - 5X100 (1) + טרוקר אקסל OPTI-סכין-5X100 (1) + מספריים מונופולר 5 מ""מ (1) + סקשן איריגיישיין 5 (1) + שרוול אקסל OPTI-5X100 (1) + שרוול לטרוקר 5 - CFS02 (1)",1,4213.9833,מאיר זמל,4213.9833,12
"3DMAX LARGE 10.8X16-LEFT (1) + 3DMAX LARGE 10.8X16-RIGHT (1) + LIQUIBAND FIX8 טאקר דבק (1) + VENTRALEX SMALL - 5950007 (1) + אטם סיליקון 5 מ""מ לטרוקר YP PL (1) + טרוקר חסן 12 H12LP (1) + מספריים לאפ (1)",1,3225.6153,ודים מז'יבובסקי,3225.6153,7
"3DMAX LARGE 10.8X16-LEFT (1) + 3DMAX LARGE 10.8X16-RIGHT (1) + LIQUIBAND FIX8 טאקר דבק (1) + VENTRALEX SMALL - 5950007 (1) + אטם סיליקון 5 מ""מ לטרוקר YP PL (1) + אנדו קליפ 5 EL5ML (1) + טרוקר אקסל ללא סכין 11 B11LT (1) + טרוקר חסן 12 H12LP (1) + מספריים מונופולר 5 מ""מ (1)",1,4176.9313999999995,דני רוזין,4176.9313999999995,9
"3DMAX LARGE 10.8X16-LEFT (1) + 3DMAX LARGE 10.8X16-RIGHT (1) + LIQUIBAND FIX8 טאקר דבק (1) + VENTRALEX SMALL - 5950007 (1) + אטם סיליקון 5 מ""מ לטרוקר YP PL (1) + אנדו קליפ 5 176630 (1) + טרוקר חסן 12 H12LP (1) + מספריים לאפ (1)",1,4031.3266,ודים מז'יבובסקי,4031.3266,8
"3DMAX LARGE 10.8X16-LEFT (1) + 3DMAX LARGE 10.8X16-RIGHT (1) + LIQUIBAND FIX8 טאקר דבק (1) + VENTRALEX MEDIUM - 5950008 (1) + טרוקר אקסל ללא סכין 11 B11LT (1) + טרוקר חסן 12 H12LP (1) + מספריים מונופולר 5 מ""מ (1)",1,3404.2316,דני רוזין,3404.2316,7
MICROVAL 14X10-LEFT (1) + MICROVAL 14X10-RIGHT (1) + SURGICEL FIBRILLAR 2.5CM*5.1CM (1) + אנדו קליפ 5 176630 (1) + בלון אמצעי T10SB (1) + בלון דו צדדי PDBS2 (1) + טאקר-10 סיכות MICROVAL (1) + טרוקר ללא סכין 5 NB5STF (1),1,3365.2502,לב איטין,3365.2502,8
MICROVAL 14X10-LEFT (1) + MICROVAL 14X10-RIGHT (1) + SURGICEL ENDO. APPLICATOR TIP (1) + SURGICEL POWDER HEMOSTAT (1) + טאקר נספג - 15 סיכות (1) + טרוקר אקסל ללא סכין 11 B11LT (1) + טרוקר ללא סכין 5 NB5STF (1) + מספריים לאפ (1) + סקשן איריגיישיין 5 (1),1,2822.3921,עזרא עוז יקיר,2822.3921,9
"MICROVAL 14X10-LEFT (1) + MICROVAL 14X10-RIGHT (1) + SURGICEL ENDO. APPLICATOR TIP (1) + SURGICEL POWDER HEMOSTAT (1) + אטם סיליקון 5 מ""מ לטרוקר YP PL (1) + בלון אמצעי T10SB (1) + בלון דו צדדי PDBS2 (1) + טאקר-10 סיכות MICROVAL (1) + סקשן איריגיישיין 5 (1)",1,3221.8114,רון גרינברג,3221.8114,9
MICROVAL 14X10-LEFT (1) + MICROVAL 14X10-RIGHT (1) + SURGICEL 10CM * 20CM (1) + בלון אמצעי T10SB (1) + בלון דו צדדי PDBS2 (1) + טאקר-10 סיכות MICROVAL (1) + טרוקר אקסל OPTI-סכין-5X100 (1) + סקשן איריגיישיין 5 (1) + שרוול אקסל OPTI-5X100 (1),1,2552.1688,רון גרינברג,2552.1688,9
MICROVAL 14X10-LEFT (1) + MICROVAL 14X10-RIGHT (1) + אנדו קליפ 5 176630 (1) + טאקר-10 סיכות MICROVAL (1) + טרוקר אקסל ללא סכין 11 B11LT (1) + טרוקר ללא סכין 5 NB5STF (1) + מספריים לאפ (1),1,2570.5574,עזרא עוז יקיר,2570.5574,7
"MICROVAL 14X10-LEFT (1) + MICROVAL 14X10-RIGHT (1) + אנדו קליפ 5 176630 (1) + טאקר נספג - 15 סיכות (1) + טרוקר ללא סכין 5 NB5STF (1) + מספריים מונופולר 5 מ""מ (1)",1,2584.1044,עזרא עוז יקיר,2584.1044,6
MICROVAL 14X10-LEFT (1) + MICROVAL 14X10-RIGHT (1) + אנדו קליפ 5 176630 (1) + בלון אמצעי T10SB (1) + בלון דו צדדי PDBS2 (1) + טאקר-10 סיכות MICROVAL (1) + טרוקר ללא סכין 5 NB5STF (1) + מספריים לאפ (1),1,3191.5074,עופר לנדאו,3191.5074,8
MICROVAL 14X10-LEFT (1) + MICROVAL 14X10-RIGHT (1) + אנדו קליפ 5 176630 (1) + בלון אמצעי T10SB (1) + בלון דו צדדי PDBS2 (1) + טאקר-10 סיכות MICROVAL (1) + טרוקר אקסל עם סכין 5 D5ST (1) + טרוקר חסן 10 T10BT (1),1,3536.8738,עופר לנדאו,3536.8738,8
MICROVAL 14X10-LEFT (1) + MICROVAL 14X10-RIGHT (1) + אנדו קליפ 5 176630 (1) + בלון אמצעי T10SB (1) + בלון דו צדדי PDBS2 (1) + טאקר-10 סיכות MICROVAL (1) + טרוקר אקסל עם סכין 5 D5ST (1),1,3184.1638,עופר לנדאו,3184.1638,7
MICROVAL 14X10-LEFT (1) + MICROVAL 14X10-RIGHT (1) + אנדו קלינצ' 5 174317 (1) + בלון אמצעי T10SB (1) + בלון דו צדדי PDBS2 (1) + טאקר-10 סיכות MICROVAL (1) + טרוקר אקסל OPTI-סכין-5X100 (1) + שרוול אקסל OPTI-5X100 (1),1,2525.2574,עופר לנדאו,2525.2574,8
MICROVAL 14X10-LEFT (1) + MICROVAL 14X10-RIGHT (1) + אנדו קלינצ' 5 174317 (1) + בלון אמצעי T10SB (1) + בלון דו צדדי PDBS2 (1) + טאקר-10 סיכות MICROVAL (1) + טרוקר אקסל OPTI-5X100 (1) + מספריים לאפ (1) + שרוול אקסל OPTI-5X100 (1),1,2531.9175999999998,רון גרינברג,2531.9175999999998,9
MICROVAL 14X10-LEFT (1) + MICROVAL 14X10-RIGHT (1) + אנדו קלינצ 5 מ''מ (1) + בלון אמצעי T10SB (1) + בלון דו צדדי PDBS2 (1) + טאקר-10 סיכות MICROVAL (1) + טרוקר אקסל OPTI-סכין-5X100 (1) + שרוול אקסל OPTI-5X100 (1),1,2488.6599,עופר לנדאו,2488.6599,8
MICROVAL 14X10-LEFT (1) + MICROVAL 14X10-RIGHT (1) + אנדו קלינצ 5 מ''מ (1) + אנדו קליפ 5 176630 (1) + בלון אמצעי T10SB (1) + בלון דו צדדי PDBS2 (1) + טאקר-10 סיכות MICROVAL (1) + טרוקר אקסל OPTI-סכין-5X100 (1) + מספריים לאפ (1) + שרוול אקסל OPTI-5X100 (1),1,3262.4825,עופר לנדאו,3262.4825,10
"MICROVAL 14X10-LEFT (1) + MICROVAL 14X10-RIGHT (1) + אטם סיליקון 5 מ""מ לטרוקר YP PL (1) + בלון אמצעי T10SB (1) + בלון דו צדדי PDBS2 (1) + טאקר-10 סיכות MICROVAL (1) + מספריים לאפ (1)",1,2364.9263,רון גרינברג,2364.9263,7
MICROVAL 14X10-LEFT (1) + MICROVAL 14X10-RIGHT (1) + VERSAONE BLADED TROCAR WITH FI (1) + טאקר-10 סיכות MICROVAL (1) + טרוקר אקסל ללא סכין 11 B11LT (1) + מספריים לאפ (1),1,1797.7348000000002,עזרא עוז יקיר,1797.7348000000002,6
MICROVAL 14X10-LEFT (1) + MICROVAL 14X10-RIGHT (1) + VERSAONE BLADED TROCAR WITH FI (1) + בלון אמצעי T10SB (1) + בלון דו צדדי PDBS2 (1) + טאקר-10 סיכות MICROVAL (1) + מספריים לאפ (1),1,2418.6848,עופר לנדאו,2418.6848,7
MICROVAL 14X10-LEFT (1) + MICROVAL 14X10-RIGHT (1) + VERSAONE BLADED TROCAR WITH FI (1) + בלון אמצעי T10SB (1) + בלון דו צדדי PDBS2 (1) + טאקר נטען-20 סיכות MICROVAL (1) + סקשן איריגיישיין 5 (1),1,2690.7584,עופר לנדאו,2690.7584,7
MICROVAL 14X10-LEFT (1) + MICROVAL 14X10-RIGHT (1) + VERSAONE BLADED TROCAR WITH FI (1) + אנדו קליפ 5 EL5ML (1) + בלון אמצעי T10SB (1) + טאקר-10 סיכות MICROVAL (1),1,2891.1669,עופר לנדאו,2891.1669,6
MICROVAL 14X10-LEFT (1) + MICROVAL 14X10-RIGHT (1) + VERSAONE BLADED TROCAR WITH FI (1) + אנדו קליפ 5 EL5ML (1) + בלון אמצעי T10SB (1) + בלון דו צדדי PDBS2 (1) + טאקר-10 סיכות MICROVAL (1) + ליגשור - LF1837 (1),1,4432.2897,עופר לנדאו,4432.2897,8
MICROVAL 14X10-LEFT (1) + MICROVAL 14X10-RIGHT (1) + VERSAONE BLADED TROCAR WITH FI (1) + אנדו קליפ 5 EL5ML (1) + בלון אמצעי T10SB (1) + בלון דו צדדי PDBS2 (1) + בלון חד צדדי PDB1000 (1) + טאקר נטען-20 סיכות MICROVAL (1) + מספריים לאפ (1) + סקשן איריגיישיין 5 (1),1,3906.6306999999997,גד לוטן,3906.6306999999997,10
3DMAX LARGE 10.8X16-LEFT (1) + 3DMAX LARGE 10.8X16-RIGHT (1) + LIQUIBAND FIX8 טאקר דבק (1) + MICROVAL 7.5 X 15CM (1) + V-LOC 3/0 R.B.26-VLOCM0604 (1) + VERSAONE BLADED TROCAR WITH FI (1) + אנדו קלינצ 5 מ''מ (1) + טרוקר אקסל ללא סכין 11 B11LT (1) + טרוקר ללא סכין 5 NB5STF (1) + ליגשור מרילנד ארוך - LF1937 (1) + מספריים לאפ (1) + סקשן איריגיישיין 5 (1),1,3632.3248,שמואל אביטל,3632.3248,12
3DMAX LARGE 10.8X16-LEFT (1) + 3DMAX LARGE 10.8X16-RIGHT (1) + GLUTACK DEVICE 50 DROPS (1) + שרוול אקסל 10-11  CB11LT (1),1,1987.5376999999999,איגור ירוחימוב,1987.5376999999999,4
MICROVAL 14X10-LEFT (1) + MICROVAL 14X10-RIGHT (1) + בלון אמצעי T10SB (1) + בלון דו צדדי PDBS2 (1) + טאקר-10 סיכות MICROVAL (1) + טרוקר אקסל עם סכין 5 D5ST (1) + מספריים לאפ (1),1,2371.4614,עופר לנדאו,2371.4614,7
"MICROVAL 14X10-LEFT (1) + MICROVAL 14X10-RIGHT (1) + בלון אמצעי T10SB (1) + בלון דו צדדי PDBS2 (1) + טאקר-10 סיכות MICROVAL (1) + טרוקר אקסל OPTI-סכין-5X100 (1) + מספריים מונופולר 5 מ""מ (1) + סקשן איריגיישיין 5 (1) + שרוול אקסל OPTI-5X100 (1)",1,2628.8944,עופר לנדאו,2628.8944,9
MICROVAL 14X10-LEFT (1) + MICROVAL 14X10-RIGHT (1) + בלון אמצעי T10SB (1) + בלון דו צדדי PDBS2 (1) + טאקר-10 סיכות MICROVAL (1) + טרוקר אקסל OPTI-סכין-5X100 (1) + מספריים לאפ (1) + סקשן איריגיישיין 5 (1) + שרוול אקסל OPTI-5X100 (1),1,2545.9416,עופר לנדאו,2545.9416,9
MICROVAL 14X10-LEFT (1) + MICROVAL 14X10-RIGHT (1) + בלון אמצעי T10SB (1) + בלון דו צדדי PDBS2 (1) + טאקר-10 סיכות MICROVAL (1) + טרוקר אקסל OPTI-סכין-5X100 (1) + טרוקר אקסל עם סכין 5 D5ST (1) + סקשן איריגיישיין 5 (1) + שרוול אקסל OPTI-5X100 (1),1,2618.2183999999997,עופר לנדאו,2618.2183999999997,9
MICROVAL 14X10-LEFT (1) + MICROVAL 14X10-RIGHT (1) + בלון אמצעי T10SB (1) + בלון דו צדדי PDBS2 (1) + טאקר-10 סיכות MICROVAL (1) + טרוקר אקסל OPTI-סכין-5X100 (1) + טרוקר אקסל עם סכין 10-11 D11LT (1) + מספריים לאפ (1) + שרוול אקסל OPTI-5X100 (1),1,2565.9476,רון גרינברג,2565.9476,9
MICROVAL 14X10-LEFT (1) + MICROVAL 14X10-RIGHT (1) + בלון אמצעי T10SB (1) + בלון דו צדדי PDBS2 (1) + טאקר-10 סיכות MICROVAL (1) + טרוקר אקסל OPTI-5X100 (1) + מספריים לאפ (1) + שרוול אקסל OPTI-5X100 (1),1,2446.4614,עופר לנדאו,2446.4614,8
"MICROVAL 14X10-LEFT (1) + MICROVAL 14X10-RIGHT (1) + בלון אמצעי T10SB (1) + בלון דו צדדי PDBS2 (1) + טאקר-10 סיכות MICROVAL (1) + טרוקר אקסל OPTI-5X100 (1) + טרוקר ללא סכין 5 NB5STF (1) + מספריים מונופולר 5 מ""מ (1)",1,2573.2402,לב איטין,2573.2402,8
MICROVAL 14X10-LEFT (1) + MICROVAL 14X10-RIGHT (1) + בלון אמצעי T10SB (1) + בלון דו צדדי PDBS2 (1) + טאקר-10 סיכות MICROVAL (1) + טרוקר אקסל OPTI-12X100 (1) + טרוקר ללא סכין 5 NB5STF (1) + מספריים לאפ (1),1,2493.6599,לב איטין,2493.6599,8
MICROVAL 14X10-LEFT (1) + MICROVAL 14X10-RIGHT (1) + בלון אמצעי T10SB (1) + בלון דו צדדי PDBS2 (1) + טאקר נטען-20 סיכות MICROVAL (1) + טרוקר ללא סכין 5 NB5STF (1) + מספריים לאפ (1),1,2638.4876,גד לוטן,2638.4876,7
MICROVAL 14X10-LEFT (1) + MICROVAL 14X10-RIGHT (1) + בלון אמצעי T10SB (1) + בלון דו צדדי PDBS2 (1) + טאקר נטען-20 סיכות MICROVAL (1) + טאקר-10 סיכות MICROVAL (1) + טרוקר ללא סכין 5 NB5STF (1),1,3268.7999,גד לוטן,3268.7999,7
MICROVAL 14X10-LEFT (1) + MICROVAL 14X10-RIGHT (1) + בלון אמצעי T10SB (1) + בלון דו צדדי PDBS2 (1) + בלון חד צדדי PDB1000 (1) + טאקר-10 סיכות MICROVAL (1) + טרוקר ללא סכין 5 NB5STF (1),1,2863.8699,לב איטין,2863.8699,7
MICROVAL 14X10-LEFT (1) + MICROVAL 14X10-RIGHT (1) + אנדו קליפ 5 EL5ML (1) + בלון אמצעי T10SB (1) + בלון דו צדדי PDBS2 (1) + טאקר-10 סיכות MICROVAL (1) + טרוקר אקסל עם סכין 10-11 D11LT (1) + טרוקר ללא סכין 5 NB5STF (1),1,3255.1669,לב איטין,3255.1669,8
MICROVAL 14X10-LEFT (1) + MICROVAL 14X10-RIGHT (1) + אנדו קליפ 5 EL5ML (1) + בלון אמצעי T10SB (1) + בלון דו צדדי PDBS2 (1) + טאקר-10 סיכות MICROVAL (1) + טרוקר אקסל OPTI-סכין-5X100 (1) + טרוקר אקסל עם סכין 10-11 D11LT (1),1,3248.8162,שלמה קייזר,3248.8162,8
MICROVAL 14X10-LEFT (1) + MICROVAL 14X10-RIGHT (1) + אנדו קליפ 5 EL5ML (1) + בלון אמצעי T10SB (1) + בלון דו צדדי PDBS2 (1) + טאקר-10 סיכות MICROVAL (1) + טרוקר אקסל OPTI-12X100 (1) + טרוקר ללא סכין 5 NB5STF (1),1,3253.8185,לב איטין,3253.8185,8
"MICROVAL 14X10-LEFT (1) + MICROVAL 14X10-RIGHT (1) + בלון אמצעי T10SB (1) + בלון דו צדדי PDBS2 (1) + טאקר-10 סיכות MICROVAL (1) + טרוקר ללא סכין 5 NB5STF (1) + מספריים מונופולר 5 מ""מ (1) + סקשן איריגיישיין 5 (1)",1,2551.8254,אניה פייגין,2551.8254,8
MICROVAL 14X10-LEFT (1) + MICROVAL 14X10-RIGHT (1) + בלון אמצעי T10SB (1) + בלון דו צדדי PDBS2 (1) + טאקר-10 סיכות MICROVAL (1) + טרוקר אקסל עם סכין 5 D5ST (1) + סקשן איריגיישיין 5 (1),1,2468.2184,עופר לנדאו,2468.2184,7
"MICROVAL 14X10-LEFT (1) + MICROVAL 14X10-RIGHT (1) + בלון אמצעי T10SB (1) + בלון דו צדדי PDBS2 (1) + טאקר-10 סיכות MICROVAL (1) + טרוקר אקסל עם סכין 5 D5ST (1) + מספריים מונופולר 5 מ""מ (1) + סקשן איריגיישיין 5 (1)",1,2546.8254,רון גרינברג,2546.8254,8
3DMAX LARGE 10.8X16-LEFT (1) + 3DMAX LARGE 10.8X16-RIGHT (1) + LIQUIBAND FIX8 טאקר דבק (1) + VENTRALEX MEDIUM - 5950008 (1) + אנדו קליפ 5 176630 (1) + טרוקר חסן 12 H12LP (1) + מספריים לאפ (1),1,4024.4545,דני רוזין,4024.4545,7
3DMAX LARGE 10.8X16-LEFT (1) + 3DMAX LARGE 10.8X16-RIGHT (1) + LIQUIBAND FIX8 טאקר דבק (1) + VENTRALEX MEDIUM - 5950008 (1) + אנדו קליפ 5 176630 (1) + בלון אמצעי T10SB (1) + בלון דו צדדי PDBS2 (1) + טרוקר CFF03 - 5X100 (1) + טרוקר ללא סכין 5 NB5STF (1) + מספריים לאפ (1) + סקשן איריגיישיין 5 (1) + שרוול לטרוקר 5 - CFS02 (1),1,5020.8231,שמואל אביטל,5020.8231,12
"3DMAX LARGE 10.8X16-LEFT (1) + 3DMAX LARGE 10.8X16-RIGHT (1) + LIQUIBAND FIX8 טאקר דבק (1) + VENTRALEX MEDIUM - 5950008 (1) + אטם סיליקון 5 מ""מ לטרוקר YP PL (1) + טרוקר אקסל ללא סכין 11 B11LT (1) + טרוקר חסן 12 H12LP (1)",1,3425.6902,דני רוזין,3425.6902,7
"3DMAX LARGE 10.8X16-LEFT (1) + 3DMAX LARGE 10.8X16-RIGHT (1) + LIQUIBAND FIX8 טאקר דבק (1) + V-LOC 3/0 R.B.26-VLOCM0604 (1) + טרוקר אקסל ללא סכין 11 B11LT (1) + טרוקר ללא סכין 5 NB5STF (1) + מספריים מונופולר 5 מ""מ (1) + סקשן איריגיישיין 5 (1)",1,2255.4993999999997,שמואל אביטל,2255.4993999999997,8
3DMAX LARGE 10.8X16-LEFT (1) + 3DMAX LARGE 10.8X16-RIGHT (1) + LIQUIBAND FIX8 טאקר דבק (1) + V-LOC 3/0 R.B.26-VLOCM0604 (1) + טרוקר אקסל OPTI-5X100 (1) + טרוקר אקסל ללא סכין 11 B11LT (1) + מספריים לאפ (1) + סקשן איריגיישיין 5 (1) + שרוול אקסל OPTI-5X100 (1),1,2308.3962,ירון רודניצקי,2308.3962,9
"3DMAX LARGE 10.8X16-LEFT (1) + 3DMAX LARGE 10.8X16-RIGHT (1) + LIQUIBAND FIX8 טאקר דבק (1) + V-LOC 3/0 R.B.17-VLOCM0804 (1) + אנדו קלינצ 5 מ''מ (1) + אנדו קליפ 5 176630 (1) + בלון אמצעי T10SB (1) + בלון דו צדדי PDBS2 (1) + טרוקר ללא סכין 5 NB5STF (1) + מספריים מונופולר 5 מ""מ (1) + סקשן איריגיישיין 5 (1)",1,3717.4924,שמואל אביטל,3717.4924,11
3DMAX LARGE 10.8X16-LEFT (1) + 3DMAX LARGE 10.8X16-RIGHT (1) + LIQUIBAND FIX8 טאקר דבק (1) + V-LOC 2/0 R.B.26-VLOCL2105 (1) + אנדו קליפ 5 176630 (1) + טרוקר אקסל ללא סכין 11 B11LT (1) + מספריים לאפ (1),1,2813.8378,ודים מז'יבובסקי,2813.8378,7
"3DMAX LARGE 10.8X16-LEFT (1) + 3DMAX LARGE 10.8X16-RIGHT (1) + LIQUIBAND FIX8 טאקר דבק (1) + UMBIL.HERNIA MESH DIA 7 (1) + VENTRALEX SMALL - 5950007 (1) + אטם סיליקון 5 מ""מ לטרוקר YP PL (1) + טרוקר אקסל ללא סכין 11 B11LT (1) + טרוקר חסן 12 H12LP (1)",1,4523.8503,דני רוזין,4523.8503,8
3DMAX LARGE 10.8X16-LEFT (1) + 3DMAX LARGE 10.8X16-RIGHT (1) + LIQUIBAND FIX8 טאקר דבק (1) + SURGICEL FIBRILLAR 5CM*10CM (1) + בלון דו צדדי PDBS2 (1) + טרוקר CFF03 - 5X100 (1) + טרוקר CFF33 - 11X100 (1) + מספריים לאפ (1) + סקשן איריגיישיין 5 (1) + שרוול לטרוקר 5 - CFS02 (1),1,2776.2122,שמואל אביטל,2776.2122,10
3DMAX LARGE 10.8X16-LEFT (1) + 3DMAX LARGE 10.8X16-RIGHT (1) + LIQUIBAND FIX8 טאקר דבק (1) + SURGICEL FIBRILLAR 5CM*10CM (1) + אנדו קלינצ 5 מ''מ (1) + אנדו קליפ 5 176630 (1) + בלון אמצעי T10SB (1) + בלון דו צדדי PDBS2 (1) + טרוקר CFF03 - 5X100 (1) + טרוקר חסן 10 T10BT (1) + טרוקר ללא סכין 5 NB5STF (1) + סקשן איריגיישיין 5 (1) + שרוול לטרוקר 5 - CFS02 (1),1,4361.2544,שמואל אביטל,4361.2544,13
3DMAX LARGE 10.8X16-LEFT (1) + 3DMAX LARGE 10.8X16-RIGHT (1) + LIQUIBAND FIX8 טאקר דבק (1) + SURGICEL FIBRILLAR 5CM*10CM (1) + V-LOC 3/0 R.B.26-VLOCM0604 (1) + VENTRALEX SMALL - 5950007 (1) + טרוקר אקסל ללא סכין 11 B11LT (1) + טרוקר ללא סכין 5 NB5STF (1) + מספריים לאפ (1) + סקשן איריגיישיין 5 (1),1,3673.2583999999997,שמואל אביטל,3673.2583999999997,10
3DMAX LARGE 10.8X16-LEFT (1) + 3DMAX LARGE 10.8X16-RIGHT (1) + LIQUIBAND FIX8 טאקר דבק (1) + SURGICEL FIBRILLAR 2.5CM*5.1CM (1) + SURGICEL FIBRILLAR 5CM*10CM (1) + אנדו קליפ 5 176630 (1) + בלון אמצעי T10SB (1) + בלון דו צדדי PDBS2 (1) + טרוקר CFF03 - 5X100 (1) + טרוקר CFF33 - 11X100 (1) + סקשן איריגיישיין 5 (1),1,4062.2297,שמואל אביטל,4062.2297,11
3DMAX LARGE 10.8X16-LEFT (1) + 3DMAX LARGE 10.8X16-RIGHT (1) + LIQUIBAND FIX8 טאקר דבק (1) + SURGICEL FIBRILLAR 2.5CM*5.1CM (1) + SURGICEL FIBRILLAR 5CM*10CM (1) + V-LOC 3/0 R.B.26-VLOCM0604 (1) + VERSAONE BLADED TROCAR WITH FI (1) + אנדו קליפ 5 176630 (1) + טרוקר אקסל ללא סכין 11 B11LT (1) + טרוקר ללא סכין 5 NB5STF (1) + מספריים לאפ (1) + סקשן איריגיישיין 5 (1),1,3499.6866999999997,שמואל אביטל,3499.6866999999997,12
MICROVAL 16X11-LEFT (1) + MICROVAL 16X11-RIGHT (1) + VERSAONE BLADED TROCAR WITH FI (1) + אנדו קליפ 5 176630 (1) + טאקר-10 סיכות MICROVAL (1) + טרוקר אקסל ללא סכין 11 B11LT (1) + טרוקר ללא סכין 5 NB5STF (1) + מספריים לאפ (1) + סקשן איריגיישיין 5 (1),1,2705.6057,עזרא עוז יקיר,2705.6057,9
MICROVAL 16X11-LEFT (1) + MICROVAL 16X11-RIGHT (1) + VENTRALEX MEDIUM - 5950008 (1) + בלון אמצעי T10SB (1) + בלון דו צדדי PDBS2 (1) + טאקר נטען-20 סיכות MICROVAL (1) + טאקר-10 סיכות MICROVAL (1) + טרוקר אקסל OPTI-סכין-5X100 (1) + טרוקר אקסל ללא סכין 11 B11LT (1) + מספריים לאפ (1) + שרוול אקסל OPTI-5X100 (1),1,4673.215,בועז שגיא,4673.215,11
MICROVAL 16X11-LEFT (1) + MICROVAL 16X11-RIGHT (1) + SURGICEL ENDO. APPLICATOR TIP (1) + SURGICEL POWDER HEMOSTAT (1) + טאקר-10 סיכות MICROVAL (1) + טרוקר אקסל ללא סכין 11 B11LT (1) + טרוקר ללא סכין 5 NB5STF (1),1,2593.3328,עמיר סולד,2593.3328,7
MICROVAL 16X11-LEFT (1) + MICROVAL 16X11-RIGHT (1) + SURGICEL 10CM * 20CM (1) + אנדו קליפ 5 EL5ML (1) + טאקר-10 סיכות MICROVAL (1) + טרוקר אקסל ללא סכין 11 B11LT (1) + טרוקר ללא סכין 5 NB5STF (1) + מספריים לאפ (1) + סקשן איריגיישיין 5 (1),1,2672.9569,עמיר סולד,2672.9569,9
MICROVAL 16X11-LEFT (1) + MICROVAL 16X11-RIGHT (1) + PROL.MESH-L (1) + אנדו קלינצ 5 מ''מ (1) + אנדו קליפ 5 EL5ML (1) + בלון אמצעי T10SB (1) + בלון דו צדדי PDBS2 (1) + טאקר-10 סיכות MICROVAL (1) + טרוקר אקסל OPTI-סכין-5X100 (1) + טרוקר אקסל עם סכין 10-11 D11LT (1) + מספריים לאפ (1) + סקשן איריגיישיין 5 (1),1,3755.2678,שלמה קייזר,3755.2678,12
MICROVAL 16X11-LEFT (1) + MICROVAL 16X11-RIGHT (1) + MICROVAL 7.5 X 15CM (1) + טאקר נספג-12 סיכות-ETHICON (1) + טרוקר אקסל OPTI-סכין-5X100 (1) + טרוקר אקסל עם סכין 10-11 D11LT (1),1,2513.4442,סרחיו סוסמיליאן,2513.4442,6
MICROVAL 14X10-RIGHT (1) + MICROVAL 16X11-LEFT (1) + אנדו קליפ 5 176630 (1) + בלון אמצעי T10SB (1) + בלון דו צדדי PDBS2 (1) + טאקר-10 סיכות MICROVAL (1) + טרוקר אקסל OPTI-סכין-5X100 (1) + סקשן איריגיישיין 5 (1) + שרוול אקסל OPTI-5X100 (1),1,3313.1456,עופר לנדאו,3313.1456,9
MICROVAL 14X10-LEFT (1) + אנדו קליפ 5 EL5ML (1) + בלון אמצעי T10SB (1) + בלון דו צדדי PDBS2 (1) + טאקר-10 סיכות MICROVAL (1) + טרוקר אקסל עם סכין 5 D5ST (1) + סקשן איריגיישיין 5 (1),1,2731.6054,עופר לנדאו,2731.6054,7
MICROVAL 14X10-LEFT (1) + MICROVAL 14X10-RIGHT (1) + טרוקר אקסל ללא סכין 11 B11LT (1) + טרוקר ללא סכין 5 NB5STF (1),1,1163.1099,עמיר סולד,1163.1099,4
MICROVAL 14X10-LEFT (1) + MICROVAL 14X10-RIGHT (1) + טרוקר אקסל ללא סכין 11 B11LT (1),1,1079.7374,עמיר סולד,1079.7374,3
MICROVAL 14X10-LEFT (1) + MICROVAL 14X10-RIGHT (1) + טאקר-10 סיכות MICROVAL (1) + טרוקר אקסל ללא סכין 11 B11LT (1) + טרוקר ללא סכין 5 NB5STF (1) + מספריים לאפ (1) + סקשן איריגיישיין 5 (1),1,1858.3641000000002,עזרא עוז יקיר,1858.3641000000002,7
MICROVAL 14X10-LEFT (1) + MICROVAL 14X10-RIGHT (1) + טאקר-10 סיכות MICROVAL (1) + טרוקר אקסל ללא סכין 11 B11LT (1) + טרוקר ללא סכין 5 NB5STF (1) + מספריים לאפ (1),1,1797.7099,עזרא עוז יקיר,1797.7099,6
MICROVAL 14X10-LEFT (1) + MICROVAL 14X10-RIGHT (1) + טאקר נספג - 15 סיכות (1) + טרוקר אקסל ללא סכין 11 B11LT (1) + טרוקר ללא סכין 5 NB5STF (1) + מספריים לאפ (1),1,1960.7374,עזרא עוז יקיר,1960.7374,6
"MICROVAL 14X10-LEFT (1) + MICROVAL 14X10-RIGHT (1) + בלון אמצעי T10SB (1) + טאקר-10 סיכות MICROVAL (1) + טרוקר ללא סכין 5 NB5STF (1) + מספריים מונופולר 5 מ""מ (1)",1,2205.9409,לב איטין,2205.9409,6
MICROVAL 14X10-LEFT (1) + MICROVAL 14X10-RIGHT (1) + בלון אמצעי T10SB (1) + טאקר-10 סיכות MICROVAL (1) + טרוקר ללא סכין 5 NB5STF (1),1,2128.6599,לב איטין,2128.6599,5
"MICROVAL 14X10-LEFT (1) + MICROVAL 14X10-RIGHT (1) + בלון אמצעי T10SB (1) + טאקר-10 סיכות MICROVAL (1) + טרוקר אקסל OPTI-סכין-5X100 (1) + טרוקר אקסל עם סכין 5 D5ST (1) + מספריים מונופולר 5 מ""מ (1) + שרוול אקסל OPTI-5X100 (1)",1,2314.0355,עופר לנדאו,2314.0355,8
3DMAX LARGE 10.8X16-LEFT (1) + 3DMAX LARGE 10.8X16-RIGHT (1) + FILBLOC 90 3/0  - FU395HHFAB (1) + טאקר נספג-12 סיכות-ETHICON (1) + טרוקר אקסל OPTI-5X100 (1) + טרוקר אקסל ללא סכין 11 B11LT (1) + שרוול אקסל OPTI-5X100 (1),1,2517.9353,תמר פאולה אברמוביץ-סגל,2517.9353,7
"MICROVAL 16X11-LEFT (1) + MICROVAL 16X11-RIGHT (1) + בלון אמצעי T10SB (1) + בלון דו צדדי PDBS2 (1) + טאקר נטען-20 סיכות MICROVAL (1) + טרוקר ללא סכין 5 NB5STF (1) + מספריים מונופולר 5 מ""מ (1)",1,2708.7313999999997,בועז שגיא,2708.7313999999997,7
"MICROVAL 16X11-LEFT (1) + MICROVAL 16X11-RIGHT (1) + בלון אמצעי T10SB (1) + בלון דו צדדי PDBS2 (1) + בלון חד צדדי PDB1000 (1) + טאקר-10 סיכות MICROVAL (1) + טרוקר אקסל OPTI-סכין-5X100 (1) + טרוקר אקסל עם סכין 10-11 D11LT (1) + מספריים מונופולר 5 מ""מ (1)",1,3007.4013999999997,שלמה קייזר,3007.4013999999997,9
MICROVAL 16X11-LEFT (1) + MICROVAL 16X11-RIGHT (1) + אנדו קליפ 5 EL5ML (1) + טרוקר אקסל ללא סכין 11 B11LT (1) + טרוקר ללא סכין 5 NB5STF (1),1,1921.2161999999998,עמיר סולד,1921.2161999999998,5
MICROVAL 16X11-LEFT (1) + MICROVAL 16X11-RIGHT (1) + אנדו קליפ 5 EL5ML (1) + טאקר-10 סיכות MICROVAL (1) + טרוקר אקסל OPTI-12X100 (1) + טרוקר ללא סכין 5 NB5STF (1),1,2554.1162999999997,עמיר סולד,2554.1162999999997,6
MICROVAL 16X11-LEFT (1) + MICROVAL 16X11-RIGHT (1) + אנדו קליפ 5 176630 (1) + טאקר-10 סיכות MICROVAL (1) + טרוקר אקסל ללא סכין 11 B11LT (1) + טרוקר ללא סכין 5 NB5STF (1) + מספריים לאפ (1) + סקשן איריגיישיין 5 (1),1,2634.2138,עזרא עוז יקיר,2634.2138,8
MICROVAL 16X11-LEFT (1) + MICROVAL 16X11-RIGHT (1) + אנדו קליפ 5 176630 (1) + טאקר-10 סיכות MICROVAL (1) + טרוקר אקסל ללא סכין 11 B11LT (1) + טרוקר ללא סכין 5 NB5STF (1) + מספריים לאפ (1),1,2566.1547,עזרא עוז יקיר,2566.1547,7
MICROVAL 16X11-LEFT (1) + MICROVAL 16X11-RIGHT (1) + אנדו קליפ 5 176630 (1) + טאקר-10 סיכות MICROVAL (1) + טרוקר CFF03 - 5X100 (1) + טרוקר CFF33 - 11X100 (1) + טרוקר אקסל ללא סכין 11 B11LT (1),1,2708.4393999999998,עזרא עוז יקיר,2708.4393999999998,7
MICROVAL 16X11-LEFT (1) + MICROVAL 16X11-RIGHT (1) + אנדו קלינצ 5 מ''מ (1) + בלון אמצעי T10SB (1) + בלון דו צדדי PDBS2 (1) + טאקר-10 סיכות MICROVAL (1) + טרוקר אקסל OPTI-סכין-5X100 (1) + סקשן איריגיישיין 5 (1) + שרוול אקסל OPTI-5X100 (1),1,2542.9723,אדריאן ולאנו,2542.9723,9
MICROVAL 16X11-LEFT (1) + MICROVAL 16X11-RIGHT (1) + אנדו קלינצ 5 מ''מ (1) + אנדו קליפ 5 EL5ML (1) + בלון אמצעי T10SB (1) + טאקר-10 סיכות MICROVAL (1) + טרוקר אקסל OPTI-סכין-5X100 (1) + טרוקר אקסל עם סכין 10-11 D11LT (1) + סקשן איריגיישיין 5 (1),1,3030.2178,שלמה קייזר,3030.2178,9
MICROVAL 16X11-LEFT (1) + MICROVAL 16X11-RIGHT (1) + אנדו קלינצ 5 מ''מ (1) + אנדו קליפ 5 EL5ML (1) + בלון אמצעי T10SB (1) + בלון דו צדדי PDBS2 (1) + טאקר-10 סיכות MICROVAL (1) + טרוקר אקסל OPTI-סכין-5X100 (1) + טרוקר אקסל עם סכין 10-11 D11LT (1) + מספריים לאפ (1) + שרוול אקסל OPTI-5X100 (1),1,3334.5636,שלמה קייזר,3334.5636,11
MICROVAL 16X11-LEFT (1) + MICROVAL 16X11-RIGHT (1) + אנדו קלינצ 5 מ''מ (1) + אנדו קליפ 5 EL5ML (1) + בלון אמצעי T10SB (1) + בלון דו צדדי PDBS2 (1) + טאקר-10 סיכות MICROVAL (1) + טרוקר אקסל OPTI-סכין-5X100 (1) + טרוקר אקסל עם סכין 10-11 D11LT (1) + מספריים לאפ (1),1,3247.7642,שלמה קייזר,3247.7642,10
MICROVAL 16X11-LEFT (1) + MICROVAL 16X11-RIGHT (1) + אנדו קלינצ 5 מ''מ (1) + אנדו קליפ 5 EL5ML (1) + בלון אמצעי T10SB (1) + בלון דו צדדי PDBS2 (1) + טאקר-10 סיכות MICROVAL (1) + טרוקר אקסל OPTI-סכין-5X100 (1) + טרוקר אקסל עם סכין 10-11 D11LT (1),1,3209.8596,שלמה קייזר,3209.8596,9
MICROVAL 16X11-LEFT (1) + MICROVAL 16X11-RIGHT (1) + אנדו קלינצ 5 מ''מ (1) + אנדו קליפ 5 EL5ML (1) + בלון אמצעי T10SB (1) + בלון דו צדדי PDBS2 (1) + טאקר נטען-20 סיכות MICROVAL (1) + טרוקר אקסל OPTI-5X100 (1) + טרוקר אקסל עם סכין 10-11 D11LT (1) + מספריים לאפ (1) + סקשן איריגיישיין 5 (1),1,3537.7578,שלמה קייזר,3537.7578,11
MICROVAL 16X11-LEFT (1) + MICROVAL 16X11-RIGHT (1) + VERSAONE BLADED TROCAR WITH FI (1) + טאקר נספג - 15 סיכות (1) + טרוקר אקסל ללא סכין 11 B11LT (1) + מספריים לאפ (1) + סקשן איריגיישיין 5 (1),1,2032.183,עזרא עוז יקיר,2032.183,7
MICROVAL 16X11-LEFT (1) + MICROVAL 16X11-RIGHT (1) + VERSAONE BLADED TROCAR WITH FI (1) + אנדו קליפ 5 EL5ML (1) + טאקר-10 סיכות MICROVAL (1) + טרוקר אקסל ללא סכין 11 B11LT (1) + סקשן איריגיישיין 5 (1),1,2627.2678,עזרא עוז יקיר,2627.2678,7
"MICROVAL 16X11-LEFT (1) + MICROVAL 16X11-RIGHT (1) + בלון אמצעי T10SB (1) + בלון דו צדדי PDBS2 (1) + טאקר-10 סיכות MICROVAL (1) + טרוקר ללא סכין 5 NB5STF (1) + מספריים מונופולר 5 מ""מ (1)",1,2491.1913999999997,בועז שגיא,2491.1913999999997,7
MICROVAL 16X11-LEFT (1) + MICROVAL 16X11-RIGHT (1) + בלון אמצעי T10SB (1) + בלון דו צדדי PDBS2 (1) + טאקר-10 סיכות MICROVAL (1) + טרוקר אקסל OPTI-סכין-5X100 (1) + סקשן איריגיישיין 5 (1) + שרוול אקסל OPTI-5X100 (1),1,2542.7331,אדריאן ולאנו,2542.7331,8
MICROVAL 16X11-LEFT (1) + MICROVAL 16X11-RIGHT (1) + בלון אמצעי T10SB (1) + בלון דו צדדי PDBS2 (1) + טאקר-10 סיכות MICROVAL (1) + טרוקר אקסל OPTI-סכין-5X100 (1) + טרוקר אקסל עם סכין 10-11 D11LT (1) + מספריים לאפ (1),1,2483.5843999999997,שלמה קייזר,2483.5843999999997,8
MICROVAL 16X11-LEFT (1) + MICROVAL 16X11-RIGHT (1) + בלון אמצעי T10SB (1) + בלון דו צדדי PDBS2 (1) + טאקר-10 סיכות MICROVAL (1) + טרוקר אקסל OPTI-סכין-5X100 (1) + טרוקר אקסל עם סכין 10-11 D11LT (1),1,2495.0788,שלמה קייזר,2495.0788,7
3DMAX LARGE 10.8X16-LEFT (1) + 3DMAX LARGE 10.8X16-RIGHT (1) + GLUTACK DEVICE 50 DROPS (1) + טרוקר אקסל ללא סכין 11 B11LT (1),1,1914.8082,איגור ירוחימוב,1914.8082,4
3DMAX LARGE 10.8X16-LEFT (1) + 3DMAX LARGE 10.8X16-RIGHT (1) + GLUTACK DEVICE 50 DROPS (1) + אנדו קליפ 5 EL5ML (1) + מספריים לאפ (1) + שרוול אקסל 10-11  CB11LT (1),1,2678.2905,איגור ירוחימוב,2678.2905,6
3DMAX LARGE 10.8X16-LEFT (1) + 3DMAX LARGE 10.8X16-RIGHT (1) + GLUTACK DEVICE 50 DROPS (1) + VENTRALEX SMALL - 5950007 (1) + אנדו קליפ 5 EL5ML (1) + שרוול אקסל 10-11  CB11LT (1),1,3956.8925,איגור ירוחימוב,3956.8925,6
3DMAX LARGE 10.8X16-LEFT (1) + 3DMAX LARGE 10.8X16-RIGHT (1) + GLUBRAN2-SURGICAL GLUE-1ML (1) + GLUTACK DEVICE 50 DROPS (1) + מספריים לאפ (1) + שרוול אקסל 10-11  CB11LT (1),1,2386.27,איגור ירוחימוב,2386.27,6
"3DMAX LARGE 10.8X16-LEFT (1) + 3DMAX LARGE 10.8X16-RIGHT (1) + GLUBRAN2-SURGICAL GLUE-1ML (1) + GLUTACK DEVICE 50 DROPS (1) + כיסוי מצלמה לפרסקופית (1) + מזרק 20 מ""ל (1) + סטרי-סטריפ 1/2 (1) + פלטה דיאט. ללא כבל-מבוגר (1) + שרוול אקסל 10-11  CB11LT (1)",1,2442.0294,ולדמיר נסטרנקו,2442.0294,9
3DMAX LARGE 10.8X16-LEFT (1) + 3DMAX LARGE 10.8X16-RIGHT (1) + GLUBRAN2-SURGICAL GLUE-1ML (1) + GLUTACK DEVICE 50 DROPS (1) + אנדו קליפ 5 EL5ML (1) + מספריים לאפ (1) + שרוול אקסל 10-11  CB11LT (1),1,3148.7519,איגור ירוחימוב,3148.7519,7
3DMAX LARGE 10.8X16-LEFT (1) + 3DMAX LARGE 10.8X16-RIGHT (1) + GLUBRAN2-SURGICAL GLUE-1ML (1) + GLUTACK DEVICE 50 DROPS (1) + אנדו קליפ 5 EL5ML (1) + טאקר נספג-12 סיכות-ETHICON (1) + שרוול אקסל 10-11  CB11LT (1),1,4444.2262,איגור ירוחימוב,4444.2262,7
3DMAX LARGE 10.8X16-LEFT (1) + 3DMAX LARGE 10.8X16-RIGHT (1) + GLUBRAN2-SURGICAL GLUE-1ML (1) + GLUTACK DEVICE 50 DROPS (1) + אנדו קליפ 5 EL5ML (1) + טאקר נספג-12 סיכות-ETHICON (1) + טרוקר אקסל עם סכין 10-11 D11LT (1),1,4479.8914,אילן וסרמן,4479.8914,7
"3DMAX LARGE 10.8X16-LEFT (1) + 3DMAX LARGE 10.8X16-RIGHT (1) + GLUBRAN2-SURGICAL GLUE-1ML (1) + GLUTACK DEVICE 50 DROPS (1) + VENTRALEX SMALL - 5950007 (1) + אנדו קליפ 5 EL5ML (1) + מחט ורז 120 מ""מ - חד פעמי (1) + שרוול אקסל 10-11  CB11LT (1)",1,4419.902099999999,איגור ירוחימוב,4419.902099999999,8
3DMAX LARGE 10.8X16-LEFT (1) + 3DMAX LARGE 10.8X16-RIGHT (1) + GLUBRAN2-SURGICAL GLUE-0.5ML (1) + GLUBRAN2-SURGICAL GLUE-1ML (1) + GLUTACK DEVICE 25 DROPS (1) + GLUTACK DEVICE 50 DROPS (1) + אנדו קליפ 5 EL5ML (1) + שרוול אקסל 10-11  CB11LT (1),1,3988.9066000000003,אילן וסרמן,3988.9066000000003,8
3DMAX LARGE 10.8X16-LEFT (1) + 3DMAX LARGE 10.8X16-RIGHT (1) + FILBLOC PDO 2/0 - FS412HHAB (1) + אנדו קליפ 5 EL5ML (1) + בלון להרניה עגול - SMBTTRNDX (1) + טאקר נטען-20 סיכות MICROVAL (1),1,3334.9304,אולג דוחנו,3334.9304,6
3DMAX LARGE 10.8X16-LEFT (1) + 3DMAX LARGE 10.8X16-RIGHT (1) + FILBLOC 90 3/0 - FU400HHFAB (1) + V-LOC 3/0 R.B.17-VLOCM0804 (1) + אנדו קליפ 10 176625 (1) + טאקר נספג-12 סיכות-ETHICON (1) + טרוקר CFF03 - 5X100 (1) + טרוקר אקסל OPTI-סכין-12X100 (1) + מספריים לאפ (1) + סקשן איריגיישיין 5 (1) + שרוול לטרוקר 5 - CFS02 (1),1,3219.7854,תמר פאולה אברמוביץ-סגל,3219.7854,11
PROGRIP ANTMCL 15X10CM-LEFT (1) + PROGRIP ANTMCL 15X10CM-RIGHT (1) + STRATAFIX MONOC.3/0-SXMP1B103 (1) + אנדו קליפ 5 EL5ML (1) + בלון אמצעי T10SB (1) + בלון דו צדדי PDBS2 (1) + טאקר נספג-12 סיכות-ETHICON (1) + טרוקר ללא סכין 5 NB5STF (1),1,4664.4013,אלחנדרו מורנינקס,4664.4013,8
"PROGRIP ANTMCL 15X10CM-LEFT (1) + PROGRIP ANTMCL 15X10CM-RIGHT (1) + STRATAFIX MONOC.3/0-SXMP1B103 (1) + VENTRALEX SMALL - 5950007 (1) + אנדו קליפ 5 176630 (1) + בלון אמצעי T10SB (1) + בלון דו צדדי PDBS2 (1) + טרוקר ללא סכין 5 NB5STF (1) + מספריים מונופולר 5 מ""מ (1) + סקשן איריגיישיין 5 (1)",1,4765.9581,אלחנדרו מורנינקס,4765.9581,10
PROGRIP ANTMCL 15X10CM-LEFT (1) + PROGRIP ANTMCL 15X10CM-RIGHT (1) + STRATAFIX MONOC.3/0-SXMP1B103 (1) + SURGICEL 10CM * 20CM (1) + VENTRALEX SMALL - 5950007 (1) + אנדו קליפ 5 EL5ML (1) + בלון אמצעי T10SB (1) + בלון דו צדדי PDBS2 (1) + טאקר נספג-12 סיכות-ETHICON (1) + טרוקר ללא סכין 5 NB5STF (1) + סקשן איריגיישיין 5 (1),1,5976.6148,אלחנדרו מורנינקס,5976.6148,11
"PROGRIP ANTMCL 15X10CM-LEFT (1) + PROGRIP ANTMCL 15X10CM-RIGHT (1) + SOL. SEPTOL 500ML (1) + בלון אמצעי T10SB (1) + בלון דו צדדי PDBS2 (1) + טרוקר CFF03 - 5X100 (1) + כיסוי מצלמה לפרסקופית (1) + מזרק 20 מ""ל (1) + סטרי-סטריפ 1/2 (1) + פלטה דיאט. ללא כבל-מבוגר (1) + שרוול לטרוקר 5 - CFS02 (1)",1,2666.2627,אלכסנדר וחרושב,2666.2627,11
"PROGRIP ANTMCL 15X10CM-LEFT (1) + PROGRIP ANTMCL 15X10CM-RIGHT (1) + SOL. SEPTOL 500ML (1) + בלון אמצעי T10SB (1) + בלון דו צדדי PDBS2 (1) + טרוקר CFF03 - 5X100 (1) + טרוקר אקסל עם סכין 10-11 D11LT (1) + כיסוי מצלמה לפרסקופית (1) + מזרק 20 מ""ל (1) + סטרי-סטריפ 1/2 (1) + פלטה דיאט. ללא כבל-מבוגר (1) + שרוול לטרוקר 5 - CFS02 (1)",1,2736.6843,ניר כהן,2736.6843,12
PROGRIP ANTMCL 15X10CM-LEFT (1) + PROGRIP ANTMCL 15X10CM-RIGHT (1) + RU-HOOK ELECTRODE/60-5163-001 (1) + SOL. SEPTAL SCRUB 500ML (1) + SOL.ALCOHOL+CHLORHEXIDINE 0.5L (1) + V-LOC 3/0 R.B.26-VLOCL0604 (1) + טרוקר אקסל OPTI-5X100 (1) + טרוקר אקסל ללא סכין 11 B11LT (1) + שרוול אקסל 10-11  CB11LT (1) + שרוול אקסל OPTI-5X100 (1),1,2184.1852,בשארה בשארה,2184.1852,10
PROGRIP ANTMCL 15X10CM-LEFT (1) + PROGRIP ANTMCL 15X10CM-RIGHT (1) + PROGRIP FLAT SHEET MESH 15X10 (1) + VERSAONE BLADED TROCAR WITH FI (1) + אנדו קליפ 5 EL5ML (1) + בלון אמצעי T10SB (1) + בלון דו צדדי PDBS2 (1) + טרוקר ללא סכין 5 NB5STF (1) + מספריים לאפ (1) + סקשן איריגיישיין 5 (1),1,4356.2196,אלחנדרו מורנינקס,4356.2196,10
PROGRIP ANTMCL 15X10CM-LEFT (1) + PROGRIP ANTMCL 15X10CM-RIGHT (1) + PROGRIP FLAT SHEET MESH 15X10 (1) + SURGICEL 10CM * 20CM (1) + אנדו קליפ 5 EL5ML (1) + בלון אמצעי T10SB (1) + בלון דו צדדי PDBS2 (1) + טרוקר ללא סכין 5 NB5STF (1) + סקשן איריגיישיין 5 (1),1,4317.3558,אלחנדרו מורנינקס,4317.3558,9
MICROVAL 7.5 X 15CM (1) + V-LOC 3/0 R.B.26-VLOCM0604 (1) + טרוקר אקסל ללא סכין 11 B11LT (1) + טרוקר ללא סכין 5 NB5STF (1) + מספריים לאפ (1) + סקשן איריגיישיין 5 (1),1,389.7872,הראל יעקבי,389.7872,6
MICROVAL 16X11-RIGHT (1) + טאקר-10 סיכות MICROVAL (1) + טרוקר אקסל ללא סכין 11 B11LT (1) + טרוקר ללא סכין 5 NB5STF (1),1,1270.0022,עמיר סולד,1270.0022,4
MICROVAL 16X11-RIGHT (1) + MICROVAL 7.5 X 15CM (1) + בלון אמצעי T10SB (1) + בלון דו צדדי PDBS2 (1) + טאקר נספג-12 סיכות-ETHICON (1) + טרוקר אקסל OPTI-סכין-5X100 (1) + טרוקר אקסל עם סכין 10-11 D11LT (1),1,2701.2474,סרחיו סוסמיליאן,2701.2474,7
"MICROVAL 16X11-LEFT (1) + MICROVAL 16X11-RIGHT (1) + טאקר-10 סיכות MICROVAL (1) + טרוקר ללא סכין 5 NB5STF (1) + מספריים מונופולר 5 מ""מ (1)",1,1813.0816,עמיר סולד,1813.0816,5
MICROVAL 16X11-LEFT (1) + MICROVAL 16X11-RIGHT (1) + טאקר-10 סיכות MICROVAL (1) + טרוקר אקסל ללא סכין 11 B11LT (1) + טרוקר ללא סכין 5 NB5STF (1) + שרוול אקסל OPTI-5X100 (1),1,1866.6344,עמיר סולד,1866.6344,6
MICROVAL 16X11-LEFT (1) + MICROVAL 16X11-RIGHT (1) + טאקר-10 סיכות MICROVAL (1) + טרוקר אקסל ללא סכין 11 B11LT (1) + טרוקר ללא סכין 5 NB5STF (1) + מספריים לאפ (1) + סקשן איריגיישיין 5 (1),1,1861.3912,עזרא עוז יקיר,1861.3912,7
"MICROVAL 16X11-LEFT (1) + MICROVAL 16X11-RIGHT (1) + טאקר נספג - 15 סיכות (1) + טרוקר אקסל ללא סכין 11 B11LT (1) + טרוקר ללא סכין 5 NB5STF (1) + מספריים מונופולר 5 מ""מ (1)",1,2054.4816,עזרא עוז יקיר,2054.4816,6
MICROVAL 16X11-LEFT (1) + MICROVAL 16X11-RIGHT (1) + בלון אמצעי T10SB (1) + טאקר-10 סיכות MICROVAL (1) + טרוקר אקסל OPTI-סכין-5X100 (1) + שרוול אקסל OPTI-5X100 (1),1,2194.2821,אדריאן ולאנו,2194.2821,6
PROGRIP ANTMCL 15X10CM-LEFT (1) + PROGRIP ANTMCL 15X10CM-RIGHT (1) + VENTRALEX MEDIUM - 5950008 (1) + בלון אמצעי T10SB (1) + בלון דו צדדי PDBS2 (1) + טרוקר אקסל OPTI-סכין-5X100 (1) + שרוול אקסל OPTI-5X100 (1),1,3930.55,אורי נץ,3930.55,7
PROGRIP ANTMCL 15X10CM-LEFT (1) + PROGRIP ANTMCL 15X10CM-RIGHT (1) + VENTRALEX MEDIUM - 5950008 (1) + בלון אמצעי T10SB (1) + בלון דו צדדי PDBS2 (1),1,3780.55,אנדרוניק קפייב,3780.55,5
PROGRIP ANTMCL 15X10CM-LEFT (1) + PROGRIP ANTMCL 15X10CM-RIGHT (1) + VENTRALEX MEDIUM - 5950008 (1) + אנדו קליפ 5 EL5ML (1) + בלון אמצעי T10SB (1) + בלון דו צדדי PDBS2 (1) + טרוקר אקסל OPTI-סכין-5X100 (1) + שרוול אקסל OPTI-5X100 (1),1,4693.0346,אורי נץ,4693.0346,8
PROGRIP ANTMCL 15X10CM-LEFT (1) + PROGRIP ANTMCL 15X10CM-RIGHT (1) + V-LOC 3/0 R.B.26-VLOCM0604 (1) + טרוקר אקסל OPTI-סכין-5X100 (1) + טרוקר אקסל עם סכין 10-11 D11LT (1) + שרוול אקסל OPTI-5X100 (1),1,2098.9833,שמעון ספוז'ניקוב,2098.9833,6
PROGRIP ANTMCL 15X10CM-LEFT (1) + PROGRIP ANTMCL 15X10CM-RIGHT (1) + V-LOC 3/0 R.B.26-VLOCL0604 (1) + טרוקר אקסל OPTI-5X100 (1) + טרוקר אקסל ללא סכין 11 B11LT (1) + שרוול אקסל 10-11  CB11LT (1) + שרוול אקסל OPTI-5X100 (1),1,2160.9300000000003,בשארה בשארה,2160.9300000000003,7
PROGRIP ANTMCL 15X10CM-LEFT (1) + PROGRIP ANTMCL 15X10CM-RIGHT (1) + V-LOC 3/0 R.B.26-VLOCL0604 (1) + טרוקר אקסל OPTI-5X100 (1) + טרוקר אקסל ללא סכין 11 B11LT (1) + שרוול אקסל 10-11  CB11LT (1),1,2098.9833,בשארה בשארה,2098.9833,6
PROGRIP ANTMCL 15X10CM-LEFT (1) + PROGRIP ANTMCL 15X10CM-RIGHT (1) + V-LOC 3/0 R.B.26-VLOCL0604 (1) + טרוקר אקסל OPTI-5X100 (1) + טרוקר אקסל ללא סכין 11 B11LT (1) + ליגשור מרילנד ארוך - LF1937 (1) + שרוול אקסל 10-11  CB11LT (1),1,3335.9300000000003,בשארה בשארה,3335.9300000000003,7
PROGRIP ANTMCL 15X10CM-LEFT (1) + PROGRIP ANTMCL 15X10CM-RIGHT (1) + V-LOC 3/0 R.B.26-VLOCL0604 (1) + טאקר נספג-25 סיכות-ETHICON (1) + טרוקר אקסל OPTI-סכין-5X100 (1) + טרוקר אקסל עם סכין 10-11 D11LT (1) + שרוול אקסל 10-11  CB11LT (1) + שרוול אקסל OPTI-5X100 (1),1,3542.2799999999997,בשארה בשארה,3542.2799999999997,8
PROGRIP ANTMCL 15X10CM-LEFT (1) + PROGRIP ANTMCL 15X10CM-RIGHT (1) + V-LOC 3/0 R.B.26-VLOCL0604 (1) + אנדו קליפ 5 EL5ML (1) + טרוקר אקסל OPTI-סכין-5X100 (1) + טרוקר אקסל ללא סכין 11 B11LT (1) + מספריים לאפ (1) + שרוול אקסל OPTI-5X100 (1),1,2862.4652,שמעון ספוז'ניקוב,2862.4652,8
"PROGRIP ANTMCL 15X10CM-LEFT (1) + PROGRIP ANTMCL 15X10CM-RIGHT (1) + SYMBOTEX.COM.MESH 12CM-RAUND (1) + בלון אמצעי T10SB (1) + בלון דו צדדי PDBS2 (1) + טאקר 5 מ""מ  174006 (1) + טרוקר CFF03 - 5X100 (1) + טרוקר אקסל עם סכין 10-11 D11LT (1) + שרוול אקסל 10-11  CB11LT (1) + שרוול לטרוקר 5 - CFS02 (1)",1,5515.5693,אמנון אבנת,5515.5693,10
PROGRIP ANTMCL 15X10CM-LEFT (1) + PROGRIP ANTMCL 15X10CM-RIGHT (1) + SURGICEL SNOW 5CMX10CM (1) + אנדו קליפ 5 EL5ML (1) + בלון אמצעי T10SB (1) + בלון דו צדדי PDBS2 (1),1,3520.3346,יעקב מינץ,3520.3346,6
"PROGRIP ANTMCL 15X10CM-LEFT (1) + PROGRIP ANTMCL 15X10CM-RIGHT (1) + SURGICEL SNOW 5CMX10CM (1) + אנדו קלינצ' 5 174317 (1) + בלון אמצעי T10SB (1) + בלון דו צדדי PDBS2 (1) + מספריים מונופולר 5 מ""מ (1)",1,2943.2669,יעקב מינץ,2943.2669,7
PROGRIP ANTMCL 15X10CM-LEFT (1) + PROGRIP ANTMCL 15X10CM-RIGHT (1) + SURGICEL SNOW 5CMX10CM (1) + אנדו קלינצ' 5 174317 (1) + בלון אמצעי T10SB (1) + בלון דו צדדי PDBS2 (1),1,2862.3497,יעקב מינץ,2862.3497,6
"PROGRIP ANTMCL 15X10CM-LEFT (1) + PROGRIP ANTMCL 15X10CM-RIGHT (1) + SURGICEL SNOW 5CMX10CM (1) + אנדו קלינצ' 5 174317 (1) + אנדו קליפ 5 EL5ML (1) + בלון אמצעי T10SB (1) + בלון דו צדדי PDBS2 (1) + מספריים מונופולר 5 מ""מ (1)",1,3705.7515000000003,יעקב מינץ,3705.7515000000003,8
"PROGRIP ANTMCL 15X10CM-LEFT (1) + PROGRIP ANTMCL 15X10CM-RIGHT (1) + STRATAFIX MONOC.3/0-SXMP1B103 (1) + בלון אמצעי T10SB (1) + בלון דו צדדי PDBS2 (1) + טרוקר ללא סכין 5 NB5STF (1) + מספריים מונופולר 5 מ""מ (1) + סקשן איריגיישיין 5 (1)",1,2795.3737,אלחנדרו מורנינקס,2795.3737,8
"PROGRIP ANTMCL 15X10CM-LEFT (1) + PROGRIP ANTMCL 15X10CM-RIGHT (1) + STRATAFIX MONOC.3/0-SXMP1B103 (1) + אנדו קליפ 5 EL5ML (1) + בלון אמצעי T10SB (1) + בלון דו צדדי PDBS2 (1) + טאקר נספג-12 סיכות-ETHICON (1) + טרוקר ללא סכין 5 NB5STF (1) + מספריים מונופולר 5 מ""מ (1) + סקשן איריגיישיין 5 (1)",1,4808.9938,אלחנדרו מורנינקס,4808.9938,10
PROGRIP ANTMCL 15X10CM-LEFT (1) + PROGRIP ANTMCL 15X10CM-RIGHT (1) + VENTRALEX SMALL - 5950007 (1) + בלון אמצעי T10SB (1) + בלון דו צדדי PDBS2 (1) + טרוקר CFF03 - 5X100 (1) + טרוקר אקסל עם סכין 10-11 D11LT (1) + שרוול לטרוקר 5 - CFS02 (1),1,3926.6296,ניר כהן,3926.6296,8
"PROGRIP ANTMCL 15X10CM-LEFT (1) + PROGRIP ANTMCL 15X10CM-RIGHT (1) + VENTRALEX SMALL - 5950007 (1) + אנדו קליפ 5 EL5ML (1) + בלון אמצעי T10SB (1) + בלון דו צדדי PDBS2 (1) + מספריים מונופולר 5 מ""מ (1)",1,4531.1218,דמיטרי גולדשטיין,4531.1218,7
PROGRIP ANTMCL 15X10CM-LEFT (1) + PROGRIP ANTMCL 15X10CM-RIGHT (1) + VENTRALEX SMALL - 5950007 (1) + אנדו קליפ 5 EL5ML (1) + בלון אמצעי T10SB (1) + בלון דו צדדי PDBS2 (1),1,4450.2019,דמיטרי גולדשטיין,4450.2019,6
3DMAX LARGE 10.8X16-LEFT (1) + 3DMAX LARGE 10.8X16-RIGHT (1) + FILBLOC 90 3/0  - FU395HHFAB (1) + טאקר נספג-12 סיכות-ETHICON (1) + טרוקר אקסל OPTI-12X100 (1) + טרוקר אקסל OPTI-5X100 (1) + מספריים לאפ (1) + סקשן איריגיישיין 5 (1) + שרוול אקסל OPTI-5X100 (1),1,2506.0324,תמר פאולה אברמוביץ-סגל,2506.0324,9
3DMAX LARGE 10.8X16-LEFT (1) + 3DMAX LARGE 10.8X16-RIGHT (1) + FILBLOC 90 3/0  - FU395HHFAB (1) + טאקר נספג-12 סיכות-ETHICON (1) + טרוקר CFF03 - 5X100 (1) + טרוקר אקסל ללא סכין 11 B11LT (1) + מספריים לאפ (1) + שרוול לטרוקר 5 - CFS02 (1),1,2532.8449,תמר פאולה אברמוביץ-סגל,2532.8449,8
3DMAX LARGE 10.8X16-LEFT (1) + 3DMAX LARGE 10.8X16-RIGHT (1) + FILBLOC 90 3/0  - FU395HHFAB (1) + אנדו קליפ 5 176630 (1) + טאקר נספג-12 סיכות-ETHICON (1) + טרוקר CFF03 - 5X100 (1) + טרוקר אקסל ללא סכין 11 B11LT (1) + סקשן איריגיישיין 5 (1) + שרוול לטרוקר 5 - CFS02 (1),1,3304.0835,תמר פאולה אברמוביץ-סגל,3304.0835,9
3DMAX LARGE 10.8X16-LEFT (1) + 3DMAX LARGE 10.8X16-RIGHT (1) + FILBLOC 90 3/0  - FU395HHFAB (1) + אנדו קלינצ' 5 174317 (1) + אנדו קליפ 5 EL5ML (1) + טאקר נספג-12 סיכות-ETHICON (1) + טרוקר CFF03 - 5X100 (1) + טרוקר אקסל עם סכין 10-11 D11LT (1) + מספריים לאפ (1) + סקשן איריגיישיין 5 (1) + שרוול לטרוקר 5 - CFS02 (1),1,3360.9407,תמר פאולה אברמוביץ-סגל,3360.9407,11
3DMAX LARGE 10.8X16-LEFT (1) + 3DMAX LARGE 10.8X16-RIGHT (1) + FILBLOC 90 3/0  - FU395HHFAB (1) + FILBLOC PDO 3/0 - FU395HHAB (1) + אנדו קליפ 5 EL5ML (1) + בלון להרניה עגול - SMBTTRNDX (1) + טאקר נטען-20 סיכות MICROVAL (1) + טרוקר אקסל ללא סכין 11 B11LT (1),1,3576.0368,אולג דוחנו,3576.0368,8
3DMAX LARGE 10.8X16-LEFT (1) + 3DMAX LARGE 10.8X16-RIGHT (1) + FILBLOC 90 3/0  - FU395HHFAB (1) + FILBLOC 90 3/0 - FU400HHFAB (1) + אנדו קליפ 5 176630 (1) + טאקר נספג-25 סיכות-ETHICON (1) + טרוקר CFF03 - 5X100 (1) + טרוקר אקסל ללא סכין 11 B11LT (1) + מספריים לאפ (1) + סקשן איריגיישיין 5 (1),1,3538.9422999999997,תמר פאולה אברמוביץ-סגל,3538.9422999999997,10
"3DMAX LARGE 10.8X16-LEFT (1) + 3DMAX LARGE 10.8X16-RIGHT (1) + ENDO BAG 5X7IN (1) + LIQUIBAND FIX8 טאקר דבק (1) + אטם סיליקון 5 מ""מ לטרוקר YP PL (1) + אנדו קליפ 5 EL5ML (1) + טרוקר אקסל עם סכין 10-11 D11LT (1)",1,2775.0431,דני רוזין,2775.0431,7
3DMAX LARGE 10.8X16-LEFT (1) + 3DMAX LARGE 10.8X16-RIGHT (1) + ENDO BAG 5X7IN (1) + LIQUIBAND FIX8 טאקר דבק (1) + SURGICEL FIBRILLAR 5CM*10CM (1) + V-LOC 3/0 R.B.26-VLOCM0604 (2) + טאקר נספג - 15 סיכות (1) + טרוקר אקסל ללא סכין 11 B11LT (1) + טרוקר ללא סכין 5 NB5STF (1) + ליגשור מרילנד ארוך - LF1937 (1) + סקשן איריגיישיין 5 (1),1,4688.3847,שמואל אביטל,4688.3847,12
3DMAX LARGE 10.8X16-LEFT (1) + 3DMAX LARGE 10.8X16-RIGHT (1) + CLOSURE DEVICE (1) + טרוקר אקסל ללא סכין 11 B11LT (1) + מספריים לאפ (1),1,968.7746,דני רוזין,968.7746,5
3DMAX LARGE 10.8X16-LEFT (1) + 3DMAX LARGE 10.8X16-RIGHT (1) + CLOSURE DEVICE (1) + MICROVAL 7.5 X 15CM (1) + VENTRALIGHT ST CIRCLE MESH 15. (1) + אנדו קלינצ 5 מ''מ (1) + אנדו קליפ 5 EL5ML (1) + בלון אמצעי T10SB (1) + בלון דו צדדי PDBS2 (1) + טאקר נספג - 15 סיכות (1) + טאקר נספג-25 סיכות-ETHICON (1) + טרוקר אקסל עם סכין 5 D5ST (1) + סקשן איריגיישיין 5 (1),1,6074.5264,מרינה אליס,6074.5264,13
3DMAX LARGE 10.8X16-LEFT (1) + 3DMAX LARGE 10.8X16-RIGHT (1) + CLOSURE DEVICE (1) + LIQUIBAND FIX8 טאקר דבק (1) + טרוקר אקסל ללא סכין 11 B11LT (1) + מספריים לאפ (1),1,1969.7846,דני רוזין,1969.7846,6
"3DMAX LARGE 10.8X16-LEFT (1) + 3DMAX LARGE 10.8X16-RIGHT (1) + CLOSURE DEVICE (1) + LIQUIBAND FIX8 טאקר דבק (1) + אטם סיליקון 5 מ""מ לטרוקר YP PL (1) + אנדו קליפ 5 EL5ML (1) + טרוקר אקסל ללא סכין 11 B11LT (1) + מספריים מונופולר 5 מ""מ (1)",1,2912.9213999999997,דני רוזין,2912.9213999999997,8
3DMAX LARGE 10.8X16-LEFT (1) + 3DMAX LARGE 10.8X16-RIGHT (1) + CAPSURE טאקר 30 (1) + טרוקר אקסל OPTI-סכין-5X100 (1) + טרוקר אקסל ללא סכין 11 B11LT (1) + טרוקר אקסל עם סכין 10-11 D11LT (1) + שרוול אקסל OPTI-5X100 (1),1,2310.0343,אוסמה אבו חטום,2310.0343,7
PROGRIP ANTMCL 15X10CM-LEFT (1) + PROGRIP ANTMCL 15X10CM-RIGHT (1) + בלון אמצעי T10SB (1) + בלון דו צדדי PDBS2 (1) + טרוקר אקסל OPTI-סכין-5X100 (1) + סטפלר לעור (1) + שרוול אקסל OPTI-5X100 (1),1,2644.9217,אורי נץ,2644.9217,7
"PROGRIP ANTMCL 15X10CM-LEFT (1) + PROGRIP ANTMCL 15X10CM-RIGHT (1) + בלון אמצעי T10SB (1) + בלון דו צדדי PDBS2 (1) + טרוקר CFF03 - 5X100 (1) + כיסוי מצלמה לפרסקופית (1) + מזרק 20 מ""ל (1) + סטרי-סטריפ 1/2 (1) + פלטה דיאט. ללא כבל-מבוגר (1) + שרוול לטרוקר 5 - CFS02 (1)",1,2646.1437,ניר כהן,2646.1437,10
"PROGRIP ANTMCL 15X10CM-LEFT (1) + PROGRIP ANTMCL 15X10CM-RIGHT (1) + בלון אמצעי T10SB (1) + בלון דו צדדי PDBS2 (1) + טרוקר CFF03 - 5X100 (1) + טרוקר אקסל OPTI-סכין-5X100 (1) + כיסוי מצלמה לפרסקופית (1) + מזרק 20 מ""ל (1) + סטרי-סטריפ 1/2 (1) + פלטה דיאט. ללא כבל-מבוגר (1) + שרוול אקסל OPTI-5X100 (1)",1,2749.2098,אורי נץ,2749.2098,11
"PROGRIP ANTMCL 15X10CM-LEFT (1) + PROGRIP ANTMCL 15X10CM-RIGHT (1) + בלון אמצעי T10SB (1) + בלון דו צדדי PDBS2 (1) + טרוקר CFF03 - 5X100 (1) + טרוקר אקסל OPTI-סכין-5X100 (1) + טרוקר אקסל עם סכין 10-11 D11LT (1) + כיסוי מצלמה לפרסקופית (1) + מזרק 20 מ""ל (1) + סטרי-סטריפ 1/2 (1) + פלטה דיאט. ללא כבל-מבוגר (1) + שרוול אקסל OPTI-5X100 (1) + שרוול לטרוקר 5 - CFS02 (1)",1,2867.6492,אורי נץ,2867.6492,13
PROGRIP ANTMCL 15X10CM-LEFT (1) + PROGRIP ANTMCL 15X10CM-RIGHT (1) + בלון אמצעי T10SB (1) + בלון דו צדדי PDBS2 (1) + טרוקר CFF03 - 5X100 (1),1,2582.7870000000003,אמנון אבנת,2582.7870000000003,5
PROGRIP ANTMCL 15X10CM-LEFT (1) + PROGRIP ANTMCL 15X10CM-RIGHT (1) + בלון אמצעי T10SB (1) + בלון דו צדדי PDBS2 (1) + טאקר נספג-12 סיכות-ETHICON (1) + טרוקר ללא סכין 5 NB5STF (1) + סקשן איריגיישיין 5 (1),1,3872.6542,אלחנדרו מורנינקס,3872.6542,7
PROGRIP ANTMCL 15X10CM-LEFT (1) + PROGRIP ANTMCL 15X10CM-RIGHT (1) + בלון אמצעי T10SB (1) + בלון דו צדדי PDBS2 (1) + טאקר נספג-12 סיכות-ETHICON (1) + טרוקר ללא סכין 5 NB5STF (1) + מספריים לאפ (1) + סקשן איריגיישיין 5 (1),1,3873.6542,אלחנדרו מורנינקס,3873.6542,8
PROGRIP ANTMCL 15X10CM-LEFT (1) + PROGRIP ANTMCL 15X10CM-RIGHT (1) + בלון אמצעי T10SB (1) + בלון דו צדדי PDBS2 (1) + טאקר נספג-12 סיכות-ETHICON (1) + טרוקר אקסל OPTI-סכין-5X100 (1) + טרוקר ללא סכין 5 NB5STF (1) + סקשן איריגיישיין 5 (1) + שרוול אקסל OPTI-5X100 (1),1,4020.6902,אלחנדרו מורנינקס,4020.6902,9
"PROGRIP ANTMCL 15X10CM-LEFT (1) + PROGRIP ANTMCL 15X10CM-RIGHT (1) + אנדו קליפ 5 EL5ML (1) + בלון אמצעי T10SB (1) + בלון דו צדדי PDBS2 (1) + מספריים מונופולר 5 מ""מ (1)",1,3324.2491,אנדרוניק קפייב,3324.2491,6
"PROGRIP ANTMCL 15X10CM-LEFT (1) + PROGRIP ANTMCL 15X10CM-RIGHT (1) + אנדו קליפ 5 EL5ML (1) + בלון אמצעי T10SB (1) + בלון דו צדדי PDBS2 (1) + כיסוי מצלמה לפרסקופית (1) + מזרק 20 מ""ל (1) + סטרי-סטריפ 1/2 (1) + פלטה דיאט. ללא כבל-מבוגר (1)",1,3255.3843,דמיטרי גולדשטיין,3255.3843,9
PROGRIP ANTMCL 15X10CM-LEFT (1) + PROGRIP ANTMCL 15X10CM-RIGHT (1) + אנדו קליפ 5 EL5ML (1) + בלון אמצעי T10SB (1) + בלון דו צדדי PDBS2 (1) + טרוקר אקסל OPTI-סכין-5X100 (1) + טרוקר אקסל עם סכין 10-11 D11LT (1) + שרוול אקסל OPTI-5X100 (1),1,3468.3346,אורי נץ,3468.3346,8
PROGRIP ANTMCL 15X10CM-LEFT (1) + PROGRIP ANTMCL 15X10CM-RIGHT (1) + אנדו קליפ 5 EL5ML (1) + בלון אמצעי T10SB (1) + בלון דו צדדי PDBS2 (1) + טאקר נספג-12 סיכות-ETHICON (1) + טרוקר ללא סכין 5 NB5STF (1) + סקשן איריגיישיין 5 (1),1,4633.9331,אלחנדרו מורנינקס,4633.9331,8
PROGRIP ANTMCL 15X10CM-LEFT (1) + PROGRIP ANTMCL 15X10CM-RIGHT (1) + אנדו קליפ 5 176630 (1) + בלון אמצעי T10SB (1) + בלון דו צדדי PDBS2 (1) + טרוקר ללא סכין 5 NB5STF (1) + מספריים לאפ (1) + סקשן איריגיישיין 5 (1),1,3391.5644,אלחנדרו מורנינקס,3391.5644,8
PROGRIP ANTMCL 15X10CM-LEFT (1) + PROGRIP ANTMCL 15X10CM-RIGHT (1) + אנדו קליפ 5 176630 (1) + בלון אמצעי T10SB (1) + בלון דו צדדי PDBS2 (1) + טרוקר CFF03 - 5X100 (1) + שרוול לטרוקר 5 - CFS02 (1),1,3417.5822,אמנון אבנת,3417.5822,7
PROGRIP ANTMCL 15X10CM-LEFT (1) + PROGRIP ANTMCL 15X10CM-RIGHT (1) + אנדו קליפ 5 176630 (1) + בלון אמצעי T10SB (1) + בלון דו צדדי PDBS2 (1) + טאקר נספג-12 סיכות-ETHICON (1) + טרוקר ללא סכין 5 NB5STF (1) + מספריים לאפ (1) + סקשן איריגיישיין 5 (1),1,4642.7144,אלחנדרו מורנינקס,4642.7144,9
"PROGRIP ANTMCL 15X10CM-LEFT (1) + PROGRIP ANTMCL 15X10CM-RIGHT (1) + אנדו קלינצ' 5 174317 (1) + בלון אמצעי T10SB (1) + בלון דו צדדי PDBS2 (1) + מספריים מונופולר 5 מ""מ (1) + שרוול אקסל 10-11  CB11LT (1)",1,2741.2669,דמיטרי גולדשטיין,2741.2669,7
PROGRIP ANTMCL 15X10CM-LEFT (1) + PROGRIP ANTMCL 15X10CM-RIGHT (1) + טאקר נספג-25 סיכות-ETHICON (1),1,3166.25,בשארה בשארה,3166.25,3
3DMAX LARGE 10.8X16-LEFT (1) + 3DMAX LARGE 10.8X16-RIGHT (1) + CAPSURE טאקר 30 (1) + טרוקר אקסל OPTI-5X100 (1) + שרוול אקסל OPTI-5X100 (1),1,2209.9727000000003,אוסמה אבו חטום,2209.9727000000003,5
3DMAX LARGE 10.8X16-LEFT (1) + 3DMAX LARGE 10.8X16-RIGHT (1) + CAPSURE טאקר 30 (1) + טרוקר אקסל OPTI-5X100 (1) + טרוקר אקסל OPTI-סכין-5X100 (1) + טרוקר אקסל ללא סכין 11 B11LT (1) + טרוקר אקסל עם סכין 10-11 D11LT (1) + שרוול אקסל OPTI-5X100 (1),1,2284.2186,אוסמה אבו חטום,2284.2186,8
3DMAX LARGE 10.8X16-LEFT (1) + 3DMAX LARGE 10.8X16-RIGHT (1) + CAPSURE טאקר 30 (1) + טאקר נספג - 15 סיכות (1) + טרוקר אקסל OPTI-5X100 (1) + טרוקר אקסל ללא סכין 11 B11LT (1) + שרוול אקסל OPTI-5X100 (1),1,2934.2186,אוסמה אבו חטום,2934.2186,7
3DMAX LARGE 10.8X16-LEFT (1) + 3DMAX LARGE 10.8X16-RIGHT (1) + CAPSURE טאקר 30 (1) + טאקר נספג - 15 סיכות (1) + טרוקר אקסל OPTI-5X100 (1) + טרוקר אקסל ללא סכין 11 B11LT (1) + שרוול אקסל 10-11  CB11LT (1),1,3084.9727000000003,אלכסנדר בקר,3084.9727000000003,7
"3DMAX LARGE 10.8X16-LEFT (1) + 3DMAX LARGE 10.8X16-RIGHT (1) + CAPSURE טאקר 30 (1) + בלון אמצעי T10SB (1) + בלון דו צדדי PDBS2 (1) + מספריים מונופולר 5 מ""מ (1)",1,2686.0858,שמעון ספוז'ניקוב,2686.0858,6
3DMAX LARGE 10.8X16-LEFT (1) + 3DMAX LARGE 10.8X16-RIGHT (1) + CAPSURE טאקר 30 (1) + בלון אמצעי T10SB (1) + בלון דו צדדי PDBS2 (1) + טרוקר אקסל OPTI-סכין-5X100 (1) + טרוקר אקסל עם סכין 10-11 D11LT (1) + שרוול אקסל OPTI-5X100 (1),1,2985.5384,שמעון ספוז'ניקוב,2985.5384,8
"3DMAX LARGE 10.8X16-LEFT (1) + 3DMAX LARGE 10.8X16-RIGHT (1) + CAPSURE טאקר 30 (1) + בלון אמצעי T10SB (1) + בלון דו צדדי PDBS2 (1) + טרוקר CFF33 - 11X100 (1) + מספריים מונופולר 5 מ""מ (1)",1,2783.8509,שמעון ספוז'ניקוב,2783.8509,7
"3DMAX LARGE 10.8X16-LEFT (1) + 3DMAX LARGE 10.8X16-RIGHT (1) + CAPSURE טאקר 30 (1) + בלון אמצעי T10SB (1) + בלון דו צדדי PDBS2 (1) + טרוקר CFF03 - 5X100 (1) + מספריים מונופולר 5 מ""מ (1) + שרוול לטרוקר 5 - CFS02 (1)",1,3025.0971,יוסף בראון,3025.0971,8
3DMAX LARGE 10.8X16-LEFT (1) + 3DMAX LARGE 10.8X16-RIGHT (1) + CAPSURE טאקר 30 (1) + אנדו קליפ 5 EL5ML (1) + טרוקר אקסל OPTI-5X100 (1) + טרוקר אקסל ללא סכין 11 B11LT (1) + שרוול אקסל OPTI-5X100 (1),1,2997.5164,אוסמה אבו חטום,2997.5164,7
3DMAX LARGE 10.8X16-LEFT (1) + 3DMAX LARGE 10.8X16-RIGHT (1) + CAPSURE טאקר 30 (1) + אנדו קליפ 5 EL5ML (1) + טאקר נספג-12 סיכות-ETHICON (1) + שרוול אקסל 10-11  CB11LT (1),1,3997.8532,ולדימיר גזיאנץ,3997.8532,6
3DMAX LARGE 10.8X16-LEFT (1) + 3DMAX LARGE 10.8X16-RIGHT (1) + CAPSURE טאקר 30 (1) + אנדו קליפ 5 EL5ML (1) + בלון אמצעי T10SB (1) + בלון דו צדדי PDBS2 (1),1,3367.6509,שמעון ספוז'ניקוב,3367.6509,6
3DMAX LARGE 10.8X16-LEFT (1) + 3DMAX LARGE 10.8X16-RIGHT (1) + CAPSURE טאקר 30 (1) + אנדו קליפ 5 176630 (1) + טרוקר חסן 12 H12LP (1) + מספריים לאפ (1),1,2758.0485,ברק בר זכאי,2758.0485,6
3DMAX LARGE 10.8X16-LEFT (1) + 3DMAX LARGE 10.8X16-RIGHT (1) + CAPSURE טאקר 30 (1) + אנדו קליפ 5 176630 (1) + טרוקר אקסל ללא סכין 11 B11LT (1) + טרוקר ללא סכין 5 NB5STF (1) + מספריים לאפ (1),1,2838.0485,עזרא עוז יקיר,2838.0485,7
PROGRIP ANTMCL 15X10CM-LEFT (1) + PROGRIP ANTMCL 15X10CM-RIGHT (1) + בלון אמצעי T10SB (1) + בלון דו צדדי PDBS2 (1) + טרוקר ללא סכין 5 NB5STF (1) + מספריים לאפ (1) + סקשן איריגיישיין 5 (1),1,2621.301,אלחנדרו מורנינקס,2621.301,7
PROGRIP ANTMCL 15X10CM-LEFT (1) + PROGRIP ANTMCL 15X10CM-RIGHT (1) + בלון אמצעי T10SB (1) + בלון דו צדדי PDBS2 (1) + טרוקר אקסל עם סכין 10-11 D11LT (1) + שרוול לטרוקר 5 - CFS02 (1),1,2608.2963,אלכסנדר וחרושב,2608.2963,6
"PROGRIP FLAT SHEET MESH 15X10 (1) + SOL. SEPTOL 500ML (1) + טרוקר CFF03 - 5X100 (1) + טרוקר אקסל ללא סכין 11 B11LT (1) + כיסוי מצלמה לפרסקופית (1) + מזרק 20 מ""ל (1) + סטרי-סטריפ 1/2 (1) + פלטה דיאט. ללא כבל-מבוגר (1) + שרוול לטרוקר 5 - CFS02 (1)",1,1137.8512,סרגיי דומצ'יק,1137.8512,9
PROGRIP FLAT SHEET MESH 15X10 (1) + SOL. SEPTAL SCRUB 500ML (1) + SOL.ALCOHOL+CHLORHEXIDINE 0.5L (1) + SURGICEL FIBRILLAR 2.5CM*5.1CM (1) + UNMAPPED_CODE (1) + אנדו קליפ 5 EL5ML (1) + טרוקר אקסל OPTI-12X100 (1) + טרוקר אקסל OPTI-5X100 (1) + מספריים לאנדו (1) + שרוול אקסל 10-11  CB11LT (1),1,2172.4610000000002,פורת סוייד,2172.4610000000002,10
PROGRIP FLAT SHEET MESH 15X10 (1) + PROGRIP FLAT SHEET MESH 16X12 (1) + אנדו קליפ 10 176625 (1) + אנדו קליפ 5 EL5ML (1) + בלון אמצעי T10SB (1) + בלון דו צדדי PDBS2 (1) + טרוקר אקסל OPTI-סכין-5X100 (1) + טרוקר אקסל עם סכין 10-11 D11LT (1) + שרוול אקסל OPTI-5X100 (1),1,4081.8158000000003,חי בן רוחי,4081.8158000000003,9
PROGRIP FLAT SHEET MESH 15X10 (1) + PROGRIP FLAT SHEET MESH 16X12 (1) + אנדו קלינצ 5 מ''מ (1) + אנדו קלינצ' 5 174317 (1) + אנדו קליפ 10 176625 (1) + בלון אמצעי T10SB (1) + בלון דו צדדי PDBS2 (1) + טרוקר אקסל OPTI-סכין-5X100 (1) + טרוקר אקסל עם סכין 10-11 D11LT (1) + שרוול אקסל OPTI-5X100 (1),1,3361.3037,חי בן רוחי,3361.3037,10
"PROGRIP FLAT SHEET MESH 15X10 (1) + PROGRIP FLAT SHEET MESH 16X12 (1) + אטם סיליקון 5 מ""מ לטרוקר YP PL (1) + אנדו קליפ 10 176625 (1) + בלון אמצעי T10SB (1) + בלון דו צדדי PDBS2 (1) + טרוקר אקסל עם סכין 10-11 D11LT (1) + מספריים מונופולר 5 מ""מ (1)",1,3283.5647,חי בן רוחי,3283.5647,8
PROGRIP FLAT SHEET MESH 15X10 (1) + PROGRIP FLAT SHEET MESH 16X12 (1) + V-LOC 3/0 R.B.26-VLOCL0604 (1) + VERSAONE BLADED TROCAR WITH FI (1) + טאקר-10 סיכות MICROVAL (1) + טרוקר CFF33 - 11X100 (1) + מספריים לאפ (1) + סקשן איריגיישיין 5 (1) + שרוול אקסל 10-11  CB11LT (1),1,2812.9413,בנימין רסקין,2812.9413,9
PROGRIP FLAT SHEET MESH 15X10 (1) + PROGRIP FLAT SHEET MESH 16X12 (1) + SURGICEL 10CM * 20CM (1) + SURGICEL FIBRILLAR 5CM*10CM (1) + אנדו קליפ 10 176625 (1) + בלון אמצעי T10SB (1) + בלון דו צדדי PDBS2 (1) + טרוקר אקסל OPTI-סכין-5X100 (1) + טרוקר אקסל עם סכין 10-11 D11LT (1) + מספריים לאפ (1) + סקשן איריגיישיין 5 (1),1,3635.4032,חי בן רוחי,3635.4032,11
PROGRIP ANTMCL 15X10CM-RIGHT (1) + בלון אמצעי T10SB (1) + בלון דו צדדי PDBS2 (1) + טרוקר CFF03 - 5X100 (1) + שרוול לטרוקר 5 - CFS02 (1),1,1740.4948,אלכסנדר וחרושב,1740.4948,5
"PROGRIP ANTMCL 15X10CM-RIGHT (1) + PROGRIP FLAT SHEET MESH 15X10 (1) + SYMBOTEX.COM.MESH 12CM-RAUND (1) + בלון אמצעי T10SB (1) + בלון דו צדדי PDBS2 (1) + טאקר 5 מ""מ  174006 (1) + טרוקר CFF03 - 5X100 (1) + טרוקר אקסל עם סכין 10-11 D11LT (1) + שרוול אקסל 10-11  CB11LT (1) + שרוול לטרוקר 5 - CFS02 (1)",1,5508.8297999999995,אמנון אבנת,5508.8297999999995,10
PROGRIP ANTMCL 15X10CM-LEFT (1) + PROGRIP FLAT SHEET MESH 15X10 (1) + טרוקר CFF03 - 5X100 (1) + טרוקר אקסל ללא סכין 11 B11LT (1) + שרוול לטרוקר 5 - CFS02 (1),1,2020.9095,סרגיי דומצ'יק,2020.9095,5
PROGRIP ANTMCL 15X10CM-LEFT (1) + PROGRIP ANTMCL 15X10CM-RIGHT (1) + מספריים לאפ (1) + שרוול אקסל 10-11  CB11LT (1),1,1860.9,חסן קיס,1860.9,4
PROGRIP ANTMCL 15X10CM-LEFT (1) + PROGRIP ANTMCL 15X10CM-RIGHT (1) + טרוקר אקסל עם סכין 10-11 D11LT (1) + שרוול לטרוקר 5 - CFS02 (1),1,1915.6374,אלכסנדר וחרושב,1915.6374,4
PROGRIP ANTMCL 15X10CM-LEFT (1) + PROGRIP ANTMCL 15X10CM-RIGHT (1) + טרוקר אקסל ללא סכין 11 B11LT (1),1,1859.9,דמיטרי גולדשטיין,1859.9,3
PROGRIP ANTMCL 15X10CM-LEFT (1) + PROGRIP ANTMCL 15X10CM-RIGHT (1) + טרוקר אקסל OPTI-5X100 (1) + טרוקר אקסל ללא סכין 11 B11LT (1) + שרוול אקסל 10-11  CB11LT (1) + שרוול אקסל OPTI-5X100 (1),1,2084.9,בשארה בשארה,2084.9,6
PROGRIP ANTMCL 15X10CM-LEFT (1) + PROGRIP ANTMCL 15X10CM-RIGHT (1) + טרוקר אקסל OPTI-5X100 (1) + טרוקר אקסל ללא סכין 11 B11LT (1) + שרוול אקסל 10-11  CB11LT (1),1,2009.9,בשארה בשארה,2009.9,5
PROGRIP ANTMCL 15X10CM-LEFT (1) + PROGRIP ANTMCL 15X10CM-RIGHT (1) + טרוקר CFF03 - 5X100 (1) + טרוקר CFF33 - 11X100 (1) + מספריים לאפ (1) + סקשן איריגיישיין 5 (1) + שרוול לטרוקר 5 - CFS02 (1),1,2114.1085000000003,מיכאל בלכר,2114.1085000000003,7
PROGRIP FLAT SHEET MESH 15X10 (1) + V-LOC 3/0 R.B.26-VLOCM0604 (1) + טאקר-10 סיכות MICROVAL (1) + טרוקר CFF03 - 5X100 (1) + טרוקר CFF33 - 11X100 (1) + מספריים לאפ (1) + שרוול לטרוקר 5 - CFS02 (1),1,1873.0520000000001,בנימין רסקין,1873.0520000000001,7
PROGRIP FLAT SHEET MESH 15X10 (1) + V-LOC 3/0 R.B.26-VLOCL0604 (1) + טרוקר אקסל ללא סכין 11 B11LT (1) + טרוקר אקסל עם סכין 10-11 D11LT (1),1,1118.48,אופיר בן ישי,1118.48,4
PROGRIP FLAT SHEET MESH 15X10 (1) + V-LOC 3/0 R.B.26-VLOCL0604 (1) + טרוקר אקסל OPTI-5X100 (1) + טרוקר אקסל ללא סכין 11 B11LT (1) + שרוול אקסל OPTI-5X100 (1),1,1206.5333,שחר גרונר,1206.5333,5
PROGRIP FLAT SHEET MESH 15X10 (1) + V-LOC 3/0 R.B.26-VLOCL0604 (1) + טרוקר אקסל OPTI-5X100 (1) + טרוקר אקסל ללא סכין 11 B11LT (1) + טרוקר אקסל עם סכין 10-11 D11LT (1) + שרוול אקסל 10-11  CB11LT (1),1,1268.48,אופיר בן ישי,1268.48,6
PROGRIP FLAT SHEET MESH 15X10 (1) + V-LOC 3/0 R.B.26-VLOCL0604 (1) + אנדו קליפ 5 EL5ML (1) + טרוקר אקסל OPTI-5X100 (1) + טרוקר אקסל ללא סכין 11 B11LT (1) + שרוול אקסל OPTI-5X100 (1),1,1969.0156,שחר גרונר,1969.0156,6
PROGRIP FLAT SHEET MESH 15X10 (1) + V-LOC 3/0 R.B.26-VLOCL0604 (1) + אנדו קליפ 10 176625 (1) + טרוקר אקסל OPTI-5X100 (1) + טרוקר אקסל ללא סכין 11 B11LT (1) + שרוול אקסל OPTI-5X100 (1),1,1806.9637,ואיל חורי,1806.9637,6
PROGRIP FLAT SHEET MESH 15X10 (1) + V-LOC 3/0 R.B.26-VLOCL0604 (1),1,981.5333,באסל חאג',981.5333,2
PROGRIP FLAT SHEET MESH 15X10 (1) + V-LOC 3/0 R.B.17-VLOCM0804 (1) + אנדו קליפ 5 176630 (1) + טרוקר CFF03 - 5X100 (1) + טרוקר CFF33 - 11X100 (1) + מספריים לאפ (1) + סקשן איריגיישיין 5 (1) + שרוול לטרוקר 5 - CFS02 (1),1,2077.7583,מיכאל בלכר,2077.7583,8
PROGRIP FLAT SHEET MESH 15X10 (1) + V-LOC 0 R.B.37-VLOCL0306 (1) + טרוקר אקסל OPTI-סכין-5X100 (1) + טרוקר אקסל ללא סכין 11 B11LT (1) + שרוול אקסל OPTI-5X100 (1),1,1193.48,סרגיי דומצ'יק,1193.48,5
"PROGRIP FLAT SHEET MESH 15X10 (1) + V-LOC 0 R.B.37-VLOCL0306 (1) + אנדו קליפ 5 EL5ML (1) + טרוקר אקסל OPTI-סכין-5X100 (1) + טרוקר אקסל ללא סכין 11 B11LT (1) + כיסוי מצלמה לפרסקופית (1) + מזרק 20 מ""ל (1) + סטרי-סטריפ 1/2 (1) + פלטה דיאט. ללא כבל-מבוגר (1) + שרוול אקסל OPTI-5X100 (1)",1,1967.4090999999999,סרגיי דומצ'יק,1967.4090999999999,10
"PROGRIP FLAT SHEET MESH 15X10 (1) + V-LOC 0 R.B.37-VLOCL0306 (1) + אנדו קליפ 5 EL5ML (1) + טרוקר CFF03 - 5X100 (1) + טרוקר אקסל ללא סכין 11 B11LT (1) + כיסוי מצלמה לפרסקופית (1) + מזרק 20 מ""ל (1) + סטרי-סטריפ 1/2 (1) + פלטה דיאט. ללא כבל-מבוגר (1) + שרוול לטרוקר 5 - CFS02 (1)",1,1978.4089,סרגיי דומצ'יק,1978.4089,10
"PROGRIP FLAT SHEET MESH 15X10 (1) + SYMBOTEX.COM.MESH 12CM-RAUND (1) + טאקר נספג - 15 סיכות (1) + טרוקר אקסל OPTI-5X100 (1) + טרוקר אקסל ללא סכין 11 B11LT (1) + כיסוי מצלמה לפרסקופית (1) + מזרק 20 מ""ל (1) + סטרי-סטריפ 1/2 (1) + פלטה דיאט. ללא כבל-מבוגר (1) + שרוול אקסל OPTI-5X100 (1)",1,3100.7268,ואיל חורי,3100.7268,10
PROGRIP FLAT SHEET MESH 15X10 (1) + SYMBOTEX.COM.MESH 12CM-RAUND (1) + טאקר נספג - 15 סיכות (1) + טרוקר אקסל OPTI-12X100 (1) + טרוקר אקסל OPTI-5X100 (1) + שרוול אקסל OPTI-5X100 (1),1,3208.26,פורת סוייד,3208.26,6
PROGRIP FLAT SHEET MESH 15X10 (1) + SYMBOTEX ROUND MESH 15CM (1) + טאקר נספג - 15 סיכות (1) + טרוקר אקסל OPTI-5X100 (1) + טרוקר אקסל ללא סכין 11 B11LT (1) + שרוול אקסל OPTI-5X100 (1),1,3113.48,פורת סוייד,3113.48,6
PROGRIP FLAT SHEET MESH 15X10 (1) + SYMBOTEX ROUND MESH 15CM (1) + אנדו קליפ 5 EL5ML (1) + טאקר נספג-25 סיכות-ETHICON (1) + טרוקר אקסל OPTI-12X100 (1) + טרוקר אקסל OPTI-5X100 (1) + שרוול אקסל OPTI-5X100 (1),1,4457.3146,פורת סוייד,4457.3146,7
PROGRIP FLAT SHEET MESH 15X10 (1) + SURGICEL FIBRILLAR 2.5CM*5.1CM (1) + אנדו קליפ 10 176625 (1) + בלון אמצעי T10SB (1) + בלון דו צדדי PDBS2 (1) + טרוקר אקסל OPTI-סכין-5X100 (1) + טרוקר אקסל עם סכין 10-11 D11LT (1),1,2524.3637,חי בן רוחי,2524.3637,7
PROGRIP FLAT SHEET MESH 15X10 (1) + טאקר נספג-25 סיכות-ETHICON (1) + טרוקר אקסל OPTI-5X100 (1) + טרוקר אקסל ללא סכין 11 B11LT (1) + שרוול אקסל 10-11  CB11LT (1),1,2498.8,אליאס מנסא,2498.8,5
PROGRIP FLAT SHEET MESH 15X10 (1) + טאקר נספג-25 סיכות-ETHICON (1) + טרוקר אקסל OPTI-12X100 (1) + טרוקר אקסל OPTI-5X100 (1) + שרוול אקסל OPTI-5X100 (1),1,2498.8,פורת סוייד,2498.8,5
PROGRIP FLAT SHEET MESH 15X10 (1) + טאקר נספג-12 סיכות-ETHICON (1) + טרוקר CFF03 - 5X100 (1) + שרוול לטרוקר 5 - CFS02 (1),1,2293.3472,שאדי  אבו סויס,2293.3472,4
PROGRIP FLAT SHEET MESH 15X10 (1) + טאקר נספג - 15 סיכות (1) + טרוקר אקסל OPTI-5X100 (1) + טרוקר אקסל ללא סכין 11 B11LT (1) + שרוול אקסל OPTI-5X100 (1),1,1917.45,פורת סוייד,1917.45,5
PROGRIP FLAT SHEET MESH 15X10 (1) + בלון אמצעי T10SB (1) + טרוקר CFF03 - 5X100 (1) + טרוקר אקסל עם סכין 10-11 D11LT (1) + שרוול לטרוקר 5 - CFS02 (1),1,1526.4948,עבד על רחמן אבו גנים,1526.4948,5
"PROGRIP FLAT SHEET MESH 15X10 (1) + בלון אמצעי T10SB (1) + בלון דו צדדי PDBS2 (1) + טרוקר CFF03 - 5X100 (1) + טרוקר אקסל עם סכין 10-11 D11LT (1) + מחט ורז 150 מ""מ - חד פעמי (1) + שרוול לטרוקר 5 - CFS02 (1)",1,1932.8641,עבד על רחמן אבו גנים,1932.8641,7
"PROGRIP FLAT SHEET MESH 15X10 (1) + אנדו קליפ 5 EL5ML (1) + כיסוי מצלמה לפרסקופית (1) + מזרק 20 מ""ל (1) + סטרי-סטריפ 1/2 (1) + פלטה דיאט. ללא כבל-מבוגר (1)",1,1666.3727999999999,אופיר בן ישי,1666.3727999999999,6
PROGRIP FLAT SHEET MESH 15X10 (1) + אנדו קליפ 5 EL5ML (1) + טרוקר אקסל OPTI-סכין-5X100 (1) + טרוקר אקסל עם סכין 10-11 D11LT (1) + שרוול אקסל 10-11  CB11LT (1),1,1879.9323,אופיר בן ישי,1879.9323,5
PROGRIP FLAT SHEET MESH 15X10 (1) + אנדו קליפ 5 EL5ML (1) + טרוקר אקסל OPTI-5X100 (1) + טרוקר אקסל OPTI-סכין-5X100 (1) + טרוקר אקסל עם סכין 10-11 D11LT (1),1,1879.9321,שחר גרונר,1879.9321,5
"PROGRIP FLAT SHEET MESH 15X10 (1) + אנדו קליפ 5 EL5ML (1) + טרוקר אקסל OPTI-12X100 (1) + טרוקר אקסל OPTI-5X100 (1) + מחט ורז 120 מ""מ - חד פעמי (1) + שרוול אקסל OPTI-5X100 (1)",1,1900.1248,פורת סוייד,1900.1248,6
PROGRIP FLAT SHEET MESH 15X10 (1) + אנדו קליפ 5 EL5ML (1) + בלון להרניה עגול - SMBTTRNDX (1),1,2473.2656,שאדי  אבו סויס,2473.2656,3
PROGRIP FLAT SHEET MESH 15X10 (1) + אנדו קליפ 5 EL5ML (1) + בלון אמצעי T10SB (1) + בלון דו צדדי PDBS2 (1) + טרוקר אקסל OPTI-סכין-5X100 (1) + שרוול אקסל OPTI-5X100 (1),1,2500.8819,שאדי  אבו סויס,2500.8819,6
PROGRIP FLAT SHEET MESH 15X10 (1) + אנדו קליפ 5 EL5ML (1) + בלון אמצעי T10SB (1) + בלון דו צדדי PDBS2 (1) + טרוקר CFF03 - 5X100 (1) + שרוול אקסל 10-11  CB11LT (1) + שרוול לטרוקר 5 - CFS02 (1),1,2579.0795,עבד על רחמן אבו גנים,2579.0795,7
PROGRIP FLAT SHEET MESH 15X10 (1) + אנדו קליפ 5 EL5ML (1) + בלון אמצעי T10SB (1) + בלון דו צדדי PDBS2 (1) + טרוקר CFF03 - 5X100 (1) + טרוקר אקסל OPTI-סכין-5X100 (1) + טרוקר אקסל עם סכין 10-11 D11LT (1) + שרוול לטרוקר 5 - CFS02 (1),1,2650.6295,עבד על רחמן אבו גנים,2650.6295,8
PROGRIP FLAT SHEET MESH 15X10 (1) + אנדו קליפ 10 176657 (1) + טרוקר אקסל OPTI-סכין-5X100 (1) + טרוקר אקסל עם סכין 10-11 D11LT (1) + שרוול אקסל 10-11  CB11LT (1),1,1662.87,אופיר בן ישי,1662.87,5
"PROGRIP FLAT SHEET MESH 15X10 (1) + V-LOC 3/0 R.B.26-VLOCM0604 (1) + טרוקר אקסל OPTI-סכין-5X100 (1) + טרוקר אקסל עם סכין 10-11 D11LT (1) + מספריים מונופולר 5 מ""מ (1) + סקשן איריגיישיין 5 (1) + שרוול אקסל OPTI-5X100 (1)",1,1338.087,מוריס ונטוררו,1338.087,7
"3DMAX LARGE 10.8X16-LEFT (1) + 3DMAX LARGE 10.8X16-RIGHT (1) + CAPSURE טאקר 30 (1) + CLOSURE DEVICE (1) + VERSAONE BLADED TROCAR WITH FI (1) + בלון אמצעי T10SB (1) + בלון דו צדדי PDBS2 (1) + מספריים מונופולר 5 מ""מ (1) + סקשן איריגיישיין 5 (1)",1,3022.8156,חנוך קשתן,3022.8156,9
"3DMAX LARGE 10.8X16-LEFT (1) + 3DMAX LARGE 10.8X16-RIGHT (1) + ANTI FOG (1) + CAPSURE טאקר 30 (1) + SOL. SEPTAL SCRUB 500ML (1) + SOL.ALCOHOL+CHLORHEXIDINE 0.5L (1) + טרוקר אקסל OPTI-5X100 (1) + מחט ורז 150 מ""מ - חד פעמי (1) + מספריים לאנדו (1) + שרוול אקסל OPTI-5X100 (1)",1,2196.7528,דביר פרויליך,2196.7528,10
3DMAX LARGE 10.8X16-LEFT (1) + 3DMAX LARGE 10.8X16-RIGHT (1) + 3DMAX MEDIUM 8.5X13.7-LEFT (1) + טאקר נספג-12 סיכות-ETHICON (1) + שרוול אקסל 10-11  CB11LT (1),1,2648.3054,יבגני קרסיק,2648.3054,5
PROGRIP FLAT SHEET MESH 15X10 (1) + טרוקר אקסל OPTI-סכין-5X100 (1) + טרוקר אקסל עם סכין 10-11 D11LT (1) + שרוול אקסל OPTI-5X100 (1),1,1117.45,אחמד אסדי,1117.45,4
PROGRIP FLAT SHEET MESH 15X10 (1) + טרוקר אקסל OPTI-סכין-5X100 (1) + טרוקר אקסל עם סכין 10-11 D11LT (1),1,1042.45,אופיר בן ישי,1042.45,3
PROGRIP FLAT SHEET MESH 15X10 (1) + טרוקר אקסל OPTI-סכין-5X100 (1) + טרוקר אקסל ללא סכין 11 B11LT (1) + שרוול אקסל OPTI-5X100 (1),1,1117.45,שחר גרונר,1117.45,4
PROGRIP FLAT SHEET MESH 15X10 (1) + טרוקר אקסל OPTI-סכין-5X100 (1) + טרוקר אקסל ללא סכין 11 B11LT (1) + טרוקר אקסל עם סכין 10-11 D11LT (1),1,1117.45,אופיר בן ישי,1117.45,4
"PROGRIP FLAT SHEET MESH 15X10 (1) + טרוקר אקסל OPTI-סכין-12X100 (1) + טרוקר אקסל OPTI-סכין-5X100 (1) + מספריים מונופולר 5 מ""מ (1) + שרוול אקסל OPTI-5X100 (1)",1,1200.0241,אופיר בן ישי,1200.0241,5
PROGRIP FLAT SHEET MESH 15X10 (1) + טרוקר אקסל OPTI-5X100 (1) + טרוקר אקסל ללא סכין 11 B11LT (1) + שרוול אקסל 10-11  CB11LT (1) + שרוול אקסל OPTI-5X100 (1),1,1192.45,שחר גרונר,1192.45,5
PROGRIP FLAT SHEET MESH 15X10 (1) + טרוקר אקסל OPTI-5X100 (1) + טרוקר אקסל ללא סכין 11 B11LT (1) + ליגשור מרילנד ארוך - LF1937 (1) + סקשן איריגיישיין 5 (1) + שרוול אקסל OPTI-5X100 (1),1,2424.3345,באסל חאג',2424.3345,6
PROGRIP FLAT SHEET MESH 15X10 (1) + טרוקר אקסל OPTI-5X100 (1) + טרוקר אקסל ללא סכין 11 B11LT (1),1,1042.45,באסל חאג',1042.45,3
PROGRIP FLAT SHEET MESH 15X10 (1) + טרוקר אקסל OPTI-12X100 (1) + טרוקר אקסל OPTI-5X100 (1) + טרוקר אקסל OPTI-סכין-5X100 (1),1,1117.45,פורת סוייד,1117.45,4
PROGRIP FLAT SHEET MESH 15X10 (1) + טרוקר אקסל OPTI-12X100 (1) + טרוקר אקסל OPTI-5X100 (1),1,1042.45,פורת סוייד,1042.45,3
PROGRIP FLAT SHEET MESH 15X10 (1) + טרוקר CFF03 - 5X100 (1) + טרוקר אקסל ללא סכין 11 B11LT (1) + שרוול אקסל 10-11  CB11LT (1) + שרוול לטרוקר 5 - CFS02 (1),1,1199.6198000000002,סרגיי דומצ'יק,1199.6198000000002,5
PROGRIP FLAT SHEET MESH 15X10 (1) + טרוקר CFF03 - 5X100 (1),1,994.3870000000001,סרגיי דומצ'יק,994.3870000000001,2
PROGRIP FLAT SHEET MESH 15X10 (1) + טאקר נספג-25 סיכות-ETHICON (1) + טרוקר אקסל OPTI-5X100 (1) + טרוקר אקסל ללא סכין 11 B11LT (1) + שרוול אקסל OPTI-5X100 (1),1,2498.8,אליאס מנסא,2498.8,5
3DMAX EX.LARGE 12X17-LEFT (1) + 3DMAX EX.LARGE 12X17-RIGHT (1) + שרוול אקסל OPTI-12X100 (1),1,1186.4774,נתן פולוקשט,1186.4774,3
3DMAX EX.LARGE 12X17-LEFT (1) + 3DMAX EX.LARGE 12X17-RIGHT (1) + CAPSURE טאקר 30 (1) + אנדו קליפ 5 EL5ML (1) + טרוקר אקסל OPTI-5X100 (1) + טרוקר אקסל ללא סכין 11 B11LT (1) + שרוול אקסל OPTI-5X100 (1),1,3044.7255,אוסמה אבו חטום,3044.7255,7
טרוקר אקסל OPTI-5X100 (1),1,75.0,חגי קמר,75.0,1
אנדו קלינצ' 5 174317 (1) + אנדו קליפ 5 EL5ML (1) + בלון אמצעי T10SB (1) + בלון דו צדדי PDBS2 (1) + טאקר-10 סיכות MICROVAL (1) + טרוקר אקסל OPTI-סכין-5X100 (1) + טרוקר אקסל עם סכין 10-11 D11LT (1) + מספריים לאפ (1) + שרוול אקסל OPTI-5X100 (1),1,2359.0020999999997,שלמה קייזר,2359.0020999999997,9
VERSATEX MONO.MESH-VTX1515 (1) + טאקר נספג - 15 סיכות (1),1,1066.6667,מאדי חוסאם,1066.6667,2
ULTRAPRO ADVANCED MESH 10*15CM (1) + אנדו קליפ 10 176625 (1) + אנדו קליפ 5 176630 (1) + בלון אמצעי T10SB (1) + בלון דו צדדי PDBS2 (1) + טאקר נספג-25 סיכות-ETHICON (1) + טרוקר CFF03 - 5X100 (1) + טרוקר CFF33 - 11X100 (1) + מספריים לאפ (1) + שרוול לטרוקר 5 - CFS02 (1),1,4058.3343,מיכאל בלכר,4058.3343,10
ULTRAPRO ADVANCED MESH 10*15CM (1) + VERSAONE BLADED TROCAR WITH FI (1) + בלון אמצעי T10SB (1) + בלון דו צדדי PDBS2 (1) + טאקר נספג-12 סיכות-ETHICON (1),1,2368.6496,ערן נזרי,2368.6496,5
ULTRAPRO ADVANCED MESH 10*15CM (1) + ULTRAPRO ADVANCED MESH 15*15CM (1) + בלון אמצעי T10SB (1) + בלון דו צדדי PDBS2 (1) + טאקר נספג-25 סיכות-ETHICON (1) + טרוקר ללא סכין 5 NB5STF (1) + מספריים לאפ (1) + סקשן איריגיישיין 5 (1),1,3018.3458,ערן נזרי,3018.3458,8
"SYMBOTEX.COM.MESH 12CM-RAUND (1) + בלון אמצעי T10SB (1) + בלון דו צדדי PDBS2 (1) + טאקר נספג-12 סיכות-ETHICON (1) + כיסוי מצלמה לפרסקופית (1) + מזרק 20 מ""ל (1) + סטרי-סטריפ 1/2 (1) + פלטה דיאט. ללא כבל-מבוגר (1)",1,3247.5768,אילן בן זאב,3247.5768,8
SURGICEL 10CM * 20CM (1) + SYMBOTEX.COM.MESH 12CM-RAUND (1) + בלון אמצעי T10SB (1) + בלון דו צדדי PDBS2 (1) + טאקר נספג-12 סיכות-ETHICON (1),1,3282.5991,מרדכי שמעונוב,3282.5991,5
PROGRIP FLAT SHEET MESH 16X12 (1) + בלון אמצעי T10SB (1) + בלון דו צדדי PDBS2 (1) + טרוקר אקסל OPTI-סכין-5X100 (1) + טרוקר אקסל עם סכין 10-11 D11LT (1),1,1738.4,חי בן רוחי,1738.4,5
PROGRIP FLAT SHEET MESH 16X12 (1) + אנדו קליפ 10 176625 (1) + בלון אמצעי T10SB (1) + בלון דו צדדי PDBS2 (1) + טרוקר אקסל OPTI-סכין-5X100 (1) + טרוקר אקסל עם סכין 10-11 D11LT (1) + מספריים לאפ (1) + סקשן איריגיישיין 5 (1) + שרוול אקסל OPTI-5X100 (1),1,2488.5379,חי בן רוחי,2488.5379,9
PROGRIP FLAT SHEET MESH 16X12 (1) + אנדו קליפ 10 176625 (1) + בלון אמצעי T10SB (1) + בלון דו צדדי PDBS2 (1) + טרוקר אקסל OPTI-סכין-5X100 (1) + טרוקר אקסל עם סכין 10-11 D11LT (1) + מספריים לאפ (1) + סקשן איריגיישיין 5 (1),1,2409.7682,חי בן רוחי,2409.7682,8
PROGRIP FLAT SHEET MESH 16X12 (1) + אנדו קליפ 10 176625 (1) + בלון אמצעי T10SB (1) + בלון דו צדדי PDBS2 (1) + טרוקר אקסל OPTI-סכין-5X100 (1) + טרוקר אקסל עם סכין 10-11 D11LT (1) + מספריים לאפ (1),1,2352.8837000000003,חי בן רוחי,2352.8837000000003,7
PROGRIP FLAT SHEET MESH 16X12 (1) + אנדו קליפ 10 176625 (1) + בלון אמצעי T10SB (1) + בלון דו צדדי PDBS2 (1) + טרוקר אקסל OPTI-סכין-5X100 (1) + טרוקר אקסל עם סכין 10-11 D11LT (1),1,2351.8837000000003,חי בן רוחי,2351.8837000000003,6
"PROGRIP FLAT SHEET MESH 16X12 (1) + אנדו קלינצ 5 מ''מ (1) + בלון אמצעי T10SB (1) + בלון דו צדדי PDBS2 (1) + טרוקר אקסל OPTI-סכין-5X100 (1) + טרוקר אקסל עם סכין 10-11 D11LT (1) + מספריים מונופולר 5 מ""מ (1) + סקשן איריגיישיין 5 (1) + שרוול אקסל OPTI-5X100 (1)",1,1958.9925,חי בן רוחי,1958.9925,9
ULTRAPRO ADVANCED MESH 15*30CM (1) + בלון אמצעי T10SB (1) + בלון דו צדדי PDBS2 (1) + טאקר נספג - 15 סיכות (1) + טרוקר ללא סכין 5 NB5STF (1),1,2247.3267,אלדד פובזנר,2247.3267,5
ULTRAPRO ADVANCED MESH 15*30CM (1) + בלון אמצעי T10SB (1) + בלון דו צדדי PDBS2 (1) + טאקר נספג - 15 סיכות (1) + טרוקר אקסל OPTI-5X100 (1) + סקשן איריגיישיין 5 (1) + שרוול אקסל OPTI-5X100 (1),1,2262.1450999999997,אלדד פובזנר,2262.1450999999997,7
"ULTRAPRO ADVANCED MESH 15*30CM (1) + בלון אמצעי T10SB (1) + בלון דו צדדי PDBS2 (1) + טאקר נספג - 15 סיכות (1) + טרוקר אקסל OPTI-5X100 (1) + מספריים מונופולר 5 מ""מ (1) + שרוול אקסל OPTI-5X100 (1)",1,2401.2795,אלדד פובזנר,2401.2795,7
ULTRAPRO ADVANCED MESH 15*15CM (1) + בלון אמצעי T10SB (1) + בלון דו צדדי PDBS2 (1) + טאקר נספג - 15 סיכות (1) + טרוקר ללא סכין 5 NB5STF (1),1,2035.7567,אלדד פובזנר,2035.7567,5
ULTRAPRO ADVANCED MESH 10*15CM (2) + בלון אמצעי T10SB (1) + בלון דו צדדי PDBS2 (1) + טאקר נספג-12 סיכות-ETHICON (1) + טרוקר אקסל OPTI-סכין-5X100 (1) + שרוול אקסל OPTI-5X100 (1),1,2780.1978,ערן נזרי,2780.1978,7
ULTRAPRO ADVANCED MESH 10*15CM (1) + טאקר נספג-12 סיכות-ETHICON (1) + טרוקר אקסל OPTI-סכין-5X100 (1) + סקשן איריגיישיין 5 (1) + שרוול אקסל OPTI-5X100 (1),1,1803.3536,ערן נזרי,1803.3536,5
ULTRAPRO ADVANCED MESH 10*15CM (1) + בלון דו צדדי PDBS2 (1) + טאקר נספג-12 סיכות-ETHICON (1) + טרוקר אקסל OPTI-סכין-5X100 (1) + שרוול אקסל OPTI-5X100 (1),1,2031.6994,ערן נזרי,2031.6994,5
ULTRAPRO ADVANCED MESH 10*15CM (1) + בלון אמצעי T10SB (1) + בלון דו צדדי PDBS2 (1) + טאקר נספג-12 סיכות-ETHICON (1) + טרוקר אקסל ללא סכין 11 B11LT (1) + טרוקר ללא סכין 5 NB5STF (1) + סקשן איריגיישיין 5 (1),1,2503.0869000000002,ערן נזרי,2503.0869000000002,7
"3DMAX LARGE 10.8X16-LEFT (1) + 3DMAX LARGE 10.8X16-RIGHT (1) + 3DMAX LIGHT 10X 16CM - RIGHT (1) + LIQUIBAND FIX8 טאקר דבק (1) + אטם סיליקון 5 מ""מ לטרוקר YP PL (1) + טרוקר אקסל ללא סכין 11 B11LT (1)",1,2456.1633,דני רוזין,2456.1633,6
"3DMAX EX.LARGE 12X17-RIGHT (1) + 3DMAX LARGE 10.8X16-LEFT (1) + אנדו קלינצ' 5 174317 (1) + טאקר נספג-12 סיכות-ETHICON (1) + מספריים מונופולר 5 מ""מ (1) + שרוול אקסל 10-11  CB11LT (1)",1,2459.1637,אלברט סטפנסקי,2459.1637,6
3DMAX EX.LARGE 12X17-RIGHT (1) + 3DMAX LARGE 10.8X16-LEFT (1) + FILBLOC 90 3/0  - FU395HHFAB (1) + טאקר-10 סיכות MICROVAL (1) + טרוקר אקסל ללא סכין 11 B11LT (1) + טרוקר ללא סכין 5 NB5STF (1) + מספריים לאפ (1),1,1843.7656,עזרא עוז יקיר,1843.7656,7
3DMAX EX.LARGE 12X17-RIGHT (1) + 3DMAX LARGE 10.8X16-LEFT (1) + 3DMAX LARGE 10.8X16-RIGHT (1) + SURGICEL SNOW 5CMX10CM (1) + אנדו קליפ 5 EL5ML (1) + טאקר נספג-12 סיכות-ETHICON (1) + שרוול אקסל 10-11  CB11LT (1),1,3858.5356,יבגני קרסיק,3858.5356,7
3DMAX EX.LARGE 12X17-RIGHT (1) + 3DMAX LARGE 10.8X16-LEFT (1) + 3DMAX LARGE 10.8X16-RIGHT (1) + ENDO BAG 5X7IN (1) + LIQUIBAND FIX8 טאקר דבק (1) + V-LOC 3/0 R.B.26-VLOCM0604 (1) + אנדו קלינצ 5 מ''מ (1) + טאקר נספג - 15 סיכות (1) + טרוקר אקסל ללא סכין 11 B11LT (1) + טרוקר ללא סכין 5 NB5STF (1) + מספריים לאפ (1) + סקשן איריגיישיין 5 (1),1,3522.0528,שמואל אביטל,3522.0528,12
3DMAX EX.LARGE 12X17-LEFT (1) + 3DMAX LARGE 10.8X16-RIGHT (1) + LIQUIBAND FIX8 טאקר דבק (1) + טרוקר אקסל ללא סכין 11 B11LT (1) + טרוקר אקסל עם סכין 5 D5ST (1),1,2173.8482999999997,ויאצ'סלב זילברמינץ,2173.8482999999997,5
"3DMAX EX.LARGE 12X17-LEFT (1) + 3DMAX LARGE 10.8X16-RIGHT (1) + CLOSURE DEVICE (1) + LIQUIBAND FIX8 טאקר דבק (1) + VENTRALEX MEDIUM - 5950008 (1) + אטם סיליקון 5 מ""מ לטרוקר YP PL (1) + מספריים מונופולר 5 מ""מ (1)",1,3451.8841,דני רוזין,3451.8841,7
3DMAX EX.LARGE 12X17-LEFT (1) + 3DMAX LARGE 10.8X16-RIGHT (1) + CAPSURE טאקר 30 (1) + טרוקר אקסל OPTI-5X100 (1) + טרוקר אקסל ללא סכין 11 B11LT (1) + ליגשור מרילנד ארוך - LF1937 (1) + שרוול אקסל OPTI-5X100 (1),1,3582.0678,דביר פרויליך,3582.0678,7
