combination,surgeon_group,frequency,total_amount,avg_amount_per_case
MICROVAL 16X11-LEFT (1) + MICROVAL 16X11-RIGHT (1) + טאקר-10 סיכות MICROVAL (1) + טרוקר אקסל ללא סכין 11 B11LT (1) + טרוקר ללא סכין 5 NB5STF (1),Cheap,68,121725.3064,1790.0780352941176
CAPSURE טאקר 30 (1) + DEXTILE LEFT ANT. MESH 16X12CM (1) + DEXTILE RIGHT ANT. MESH 16X12C (1) + טרוקר אקסל ללא סכין 11 B11LT (1) + טרוקר ללא סכין 5 NB5STF (1),Cheap,58,114803.3156,1979.3675103448277
3DMAX LARGE 10.8X16-LEFT (1) + 3DMAX LARGE 10.8X16-RIGHT (1) + בלון אמצעי T10SB (1) + בלון דו צדדי PDBS2 (1) + טאקר נספג-12 סיכות-ETHICON (1),Expensive,49,139998.5434,2857.1131306122447
3DMAX LARGE 10.8X16-LEFT (1) + 3DMAX LARGE 10.8X16-RIGHT (1) + טאקר נספג-12 סיכות-ETHICON (1) + שרוול אקסל 10-11  CB11LT (1),Cheap,30,66746.8224,2224.89408
DYNAMESH ENDOLAP 3D 10*15CM (1) + בלון אמצעי T10SB (1) + בלון דו צדדי PDBS2 (1) + טרוקר אקסל OPTI-סכין-5X100 (1) + שרוול אקסל OPTI-5X100 (1),Cheap,30,38694.6,1289.82
DYNAMESH ENDOLAP 3D 10*15CM (1) + טאקר-10 סיכות MICROVAL (1) + שרוול אקסל 10-11  CB11LT (1),Cheap,30,34574.1,1152.47
PROGRIP FLAT SHEET MESH 15X10 (1) + טרוקר CFF03 - 5X100 (1) + טרוקר אקסל ללא סכין 11 B11LT (1) + שרוול לטרוקר 5 - CFS02 (1),Cheap,27,30329.627200000003,1123.319525925926
3DMAX LARGE 10.8X16-LEFT (1) + 3DMAX LARGE 10.8X16-RIGHT (1) + אנדו קליפ 5 EL5ML (1) + בלון אמצעי T10SB (1) + בלון דו צדדי PDBS2 (1) + טאקר נספג-12 סיכות-ETHICON (1),Expensive,21,76082.7204,3622.986685714286
"3DMAX LARGE 10.8X16-LEFT (1) + 3DMAX LARGE 10.8X16-RIGHT (1) + LIQUIBAND FIX8 טאקר דבק (1) + אטם סיליקון 5 מ""מ לטרוקר YP PL (1) + טרוקר אקסל ללא סכין 11 B11LT (1)",Cheap,20,40507.1395,2025.356975
"3DMAX LARGE 10.8X16-LEFT (1) + 3DMAX LARGE 10.8X16-RIGHT (1) + LIQUIBAND FIX8 טאקר דבק (1) + אטם סיליקון 5 מ""מ לטרוקר YP PL (1) + טרוקר אקסל ללא סכין 11 B11LT (1) + מספריים לאפ (1)",Cheap,20,40585.4132,2029.2706600000001
MICROVAL 16X11-LEFT (1) + MICROVAL 16X11-RIGHT (1) + אנדו קליפ 5 EL5ML (1) + טאקר-10 סיכות MICROVAL (1) + טרוקר אקסל ללא סכין 11 B11LT (1) + טרוקר ללא סכין 5 NB5STF (1),Cheap,19,48504.0074,2552.842494736842
3DMAX LARGE 10.8X16-LEFT (1) + 3DMAX LARGE 10.8X16-RIGHT (1) + אנדו קליפ 5 EL5ML (1) + טאקר נספג-12 סיכות-ETHICON (1) + שרוול אקסל 10-11  CB11LT (1),Cheap,16,47749.484500000006,2984.3427812500004
3DMAX LARGE 10.8X16-LEFT (1) + 3DMAX LARGE 10.8X16-RIGHT (1) + בלון להרניה עגול - SMBTTRNDX (1) + טאקר נטען-20 סיכות MICROVAL (1),Cheap,14,35003.2425,2500.2316071428572
PROGRIP ANTMCL 15X10CM-LEFT (1) + PROGRIP ANTMCL 15X10CM-RIGHT (1) + בלון אמצעי T10SB (1) + בלון דו צדדי PDBS2 (1) + טרוקר CFF03 - 5X100 (1) + שרוול לטרוקר 5 - CFS02 (1),Cheap,13,34297.884,2638.2987692307693
CAPSURE טאקר 30 (1) + DEXTILE LEFT ANT. MESH 15X10CM (1) + DEXTILE RIGHT ANT. MESH 15X10C (1) + VERSAONE BLADED TROCAR WITH FI (1) + בלון אמצעי T10SB (1) + בלון דו צדדי PDBS2 (1) + טרוקר ללא סכין 5 NB5STF (1),Expensive,13,35132.4239,2702.4941461538465
CAPSURE טאקר 30 (1) + DEXTILE LEFT ANT. MESH 16X12CM (1) + DEXTILE RIGHT ANT. MESH 16X12C (1) + טרוקר אקסל OPTI-5X100 (1) + טרוקר אקסל ללא סכין 11 B11LT (1) + שרוול אקסל OPTI-5X100 (1),Cheap,12,25262.5312,2105.2109333333333
CAPSURE טאקר 30 (1) + DEXTILE LEFT ANT. MESH 16X12CM (1) + DEXTILE RIGHT ANT. MESH 16X12C (1) + טרוקר אקסל ללא סכין 11 B11LT (1) + טרוקר ללא סכין 5 NB5STF (1) + מספריים לאפ (1),Cheap,10,20093.9349,2009.39349
DYNAMESH ENDOLAP 3D 10*15CM (1) + LIQUIBAND FIX8 טאקר דבק (1) + בלון אמצעי T10SB (1) + בלון דו צדדי PDBS2 (1) + טרוקר ללא סכין 5 NB5STF (1),Expensive,10,22208.3,2220.83
MICROVAL 14X10-LEFT (1) + MICROVAL 14X10-RIGHT (1) + בלון אמצעי T10SB (1) + בלון דו צדדי PDBS2 (1) + טאקר-10 סיכות MICROVAL (1) + טרוקר ללא סכין 5 NB5STF (1) + מספריים לאפ (1),Expensive,10,24187.2711,2418.7271100000003
MICROVAL 16X11-LEFT (1) + MICROVAL 16X11-RIGHT (1) + טאקר-10 סיכות MICROVAL (1) + טרוקר אקסל ללא סכין 11 B11LT (1) + טרוקר ללא סכין 5 NB5STF (1) + מספריים לאפ (1),Cheap,9,16186.272,1798.4746666666667
3DMAX LARGE 10.8X16-LEFT (1) + 3DMAX LARGE 10.8X16-RIGHT (1) + בלון אמצעי T10SB (1) + בלון דו צדדי PDBS2 (1) + טאקר נספג-12 סיכות-ETHICON (1) + טרוקר CFF03 - 5X100 (1) + שרוול לטרוקר 5 - CFS02 (1),Expensive,9,27126.5763,3014.0640333333336
DYNAMESH ENDOLAP 3D 10*15CM (1) + LIQUIBAND FIX8 טאקר דבק (1) + אנדו קליפ 5 176630 (1) + בלון אמצעי T10SB (1) + בלון דו צדדי PDBS2 (1) + טרוקר ללא סכין 5 NB5STF (1) + סקשן איריגיישיין 5 (1),Expensive,9,27478.8082,3053.200911111111
PROGRIP FLAT SHEET MESH 15X10 (1) + טרוקר אקסל OPTI-12X100 (1) + טרוקר אקסל OPTI-5X100 (1) + שרוול אקסל OPTI-5X100 (1),Cheap,8,8939.6,1117.45
CAPSURE טאקר 30 (1) + DEXTILE LEFT ANT. MESH 15X10CM (1) + DEXTILE RIGHT ANT. MESH 15X10C (1) + VERSAONE BLADED TROCAR WITH FI (1) + בלון אמצעי T10SB (1) + בלון דו צדדי PDBS2 (1) + טרוקר ללא סכין 5 NB5STF (1) + סקשן איריגיישיין 5 (1),Expensive,8,22006.7684,2750.84605
3DMAX LARGE 10.8X16-LEFT (1) + 3DMAX LARGE 10.8X16-RIGHT (1) + LIQUIBAND FIX8 טאקר דבק (1) + טרוקר אקסל ללא סכין 11 B11LT (1),Cheap,7,13727.648599999999,1961.092657142857
3DMAX LARGE 10.8X16-LEFT (1) + 3DMAX LARGE 10.8X16-RIGHT (1) + טאקר-10 סיכות MICROVAL (1) + טרוקר אקסל ללא סכין 11 B11LT (1) + טרוקר ללא סכין 5 NB5STF (1) + מספריים לאפ (1),Cheap,7,11743.3394,1677.6199142857145
MICROVAL 14X10-LEFT (1) + MICROVAL 14X10-RIGHT (1) + בלון אמצעי T10SB (1) + בלון דו צדדי PDBS2 (1) + טאקר-10 סיכות MICROVAL (1) + טרוקר אקסל OPTI-סכין-5X100 (1) + שרוול אקסל OPTI-5X100 (1),Cheap,7,17412.1951,2487.456442857143
PROGRIP ANTMCL 15X10CM-LEFT (1) + PROGRIP ANTMCL 15X10CM-RIGHT (1) + SOL. SEPTOL 500ML (1) + בלון אמצעי T10SB (1) + בלון דו צדדי PDBS2 (1) + טרוקר CFF03 - 5X100 (1) + שרוול לטרוקר 5 - CFS02 (1),Cheap,7,18538.5106,2648.3586571428573
DYNAMESH ENDOLAP 3D 10*15CM (1) + LIQUIBAND FIX8 טאקר דבק (1) + אנדו קליפ 5 176630 (1) + בלון אמצעי T10SB (1) + בלון דו צדדי PDBS2 (1) + טרוקר ללא סכין 5 NB5STF (1),Expensive,7,20955.5717,2993.6531
MICROVAL 14X10-LEFT (1) + MICROVAL 14X10-RIGHT (1) + בלון אמצעי T10SB (1) + בלון דו צדדי PDBS2 (1) + טאקר-10 סיכות MICROVAL (1) + טרוקר אקסל OPTI-סכין-5X100 (1) + סקשן איריגיישיין 5 (1) + שרוול אקסל OPTI-5X100 (1),Expensive,7,17821.2733,2545.896185714286
3DMAX EX.LARGE 12X17-LEFT (1) + 3DMAX EX.LARGE 12X17-RIGHT (1) + אנדו קליפ 5 EL5ML (1) + בלון דו צדדי PDBS2 (1) + שרוול אקסל OPTI-12X100 (1),Cheap,6,13044.3852,2174.0642000000003
3DMAX LARGE 10.8X16-LEFT (1) + 3DMAX LARGE 10.8X16-RIGHT (1) + CAPSURE טאקר 30 (1) + טרוקר אקסל OPTI-5X100 (1) + טרוקר אקסל ללא סכין 11 B11LT (1) + שרוול אקסל OPTI-5X100 (1),Cheap,6,13517.361400000002,2252.893566666667
3DMAX LARGE 10.8X16-LEFT (1) + 3DMAX LARGE 10.8X16-RIGHT (1) + GLUTACK DEVICE 50 DROPS (1) + אנדו קליפ 5 EL5ML (1) + שרוול אקסל 10-11  CB11LT (1),Cheap,6,16425.9389,2737.6564833333337
"3DMAX LARGE 10.8X16-LEFT (1) + 3DMAX LARGE 10.8X16-RIGHT (1) + LIQUIBAND FIX8 טאקר דבק (1) + אטם סיליקון 5 מ""מ לטרוקר YP PL (1) + טרוקר אקסל ללא סכין 11 B11LT (1) + מספריים מונופולר 5 מ""מ (1)",Cheap,6,12804.9256,2134.154266666667
3DMAX LARGE 10.8X16-LEFT (1) + 3DMAX LARGE 10.8X16-RIGHT (1) + LIQUIBAND FIX8 טאקר דבק (1) + טרוקר אקסל ללא סכין 11 B11LT (1) + טרוקר ללא סכין 5 NB5STF (1),Cheap,6,12244.3964,2040.7327333333333
3DMAX LARGE 10.8X16-LEFT (1) + 3DMAX LARGE 10.8X16-RIGHT (1) + אנדו קלינצ 5 מ''מ (1) + טאקר נספג-12 סיכות-ETHICON (1) + שרוול אקסל 10-11  CB11LT (1),Cheap,6,13568.6866,2261.4477666666667
3DMAX LARGE 10.8X16-LEFT (1) + 3DMAX LARGE 10.8X16-RIGHT (1) + טאקר-10 סיכות MICROVAL (1) + טרוקר אקסל ללא סכין 11 B11LT (1) + טרוקר ללא סכין 5 NB5STF (1),Cheap,6,10091.354,1681.8923333333332
CAPSURE טאקר 30 (1) + DEXTILE LEFT ANT. MESH 16X12CM (1) + DEXTILE RIGHT ANT. MESH 16X12C (1) + טרוקר אקסל OPTI-5X100 (1) + טרוקר אקסל ללא סכין 11 B11LT (1) + מספריים לאפ (1) + שרוול אקסל OPTI-5X100 (1),Cheap,6,12611.599900000001,2101.933316666667
CAPSURE טאקר 30 (1) + DEXTILE LEFT ANT. MESH 16X12CM (1) + DEXTILE RIGHT ANT. MESH 16X12C (1) + טרוקר אקסל ללא סכין 11 B11LT (1) + טרוקר ללא סכין 5 NB5STF (1) + סקשן איריגיישיין 5 (1),Cheap,6,12461.597700000002,2076.9329500000003
DYNAMESH ENDOLAP 3D 10*15CM (1) + SOL. SEPTOL 500ML (1) + בלון אמצעי T10SB (1) + בלון דו צדדי PDBS2 (1) + טרוקר אקסל OPTI-סכין-5X100 (1) + שרוול אקסל OPTI-5X100 (1),Cheap,6,7788.6485999999995,1298.1081
PROGRIP ANTMCL 15X10CM-LEFT (1) + PROGRIP ANTMCL 15X10CM-RIGHT (1) + בלון אמצעי T10SB (1) + בלון דו צדדי PDBS2 (1),Cheap,6,14885.100000000002,2480.8500000000004
PROGRIP ANTMCL 15X10CM-LEFT (1) + PROGRIP ANTMCL 15X10CM-RIGHT (1) + שרוול אקסל 10-11  CB11LT (1),Cheap,6,11159.400000000001,1859.9000000000003
3DMAX LARGE 10.8X16-LEFT (1) + 3DMAX LARGE 10.8X16-RIGHT (1) + אנדו קליפ 5 EL5ML (1) + בלון אמצעי T10SB (1) + בלון דו צדדי PDBS2 (1) + טאקר נספג-12 סיכות-ETHICON (1) + טרוקר CFF03 - 5X100 (1) + שרוול לטרוקר 5 - CFS02 (1),Expensive,6,22481.6342,3746.9390333333336
CAPSURE טאקר 30 (1) + DEXTILE LEFT ANT. MESH 15X10CM (1) + DEXTILE RIGHT ANT. MESH 15X10C (1) + בלון אמצעי T10SB (1) + בלון דו צדדי PDBS2 (1) + טרוקר ללא סכין 5 NB5STF (1) + סקשן איריגיישיין 5 (1),Expensive,6,16314.6933,2719.11555
MICROVAL 14X10-LEFT (1) + MICROVAL 14X10-RIGHT (1) + בלון אמצעי T10SB (1) + בלון דו צדדי PDBS2 (1) + טאקר-10 סיכות MICROVAL (1) + טרוקר ללא סכין 5 NB5STF (1),Expensive,6,14510.1705,2418.36175
3DMAX EX.LARGE 12X17-LEFT (1) + 3DMAX EX.LARGE 12X17-RIGHT (1) + בלון דו צדדי PDBS2 (1) + שרוול אקסל OPTI-12X100 (1),Cheap,5,7287.201999999999,1457.4404
3DMAX LARGE 10.8X16-LEFT (1) + 3DMAX LARGE 10.8X16-RIGHT (1) + GLUBRAN2-SURGICAL GLUE-1ML (1) + GLUTACK DEVICE 50 DROPS (1) + שרוול אקסל 10-11  CB11LT (1),Cheap,5,11970.8247,2394.1649399999997
3DMAX LARGE 10.8X16-LEFT (1) + 3DMAX LARGE 10.8X16-RIGHT (1) + LIQUIBAND FIX8 טאקר דבק (1) + טרוקר אקסל ללא סכין 11 B11LT (1) + טרוקר ללא סכין 5 NB5STF (1) + מספריים לאפ (1),Cheap,5,10213.48,2042.696
DYNAMESH ENDOLAP 3D 10*15CM (1) + בלון אמצעי T10SB (1) + בלון דו צדדי PDBS2 (1) + טרוקר אקסל OPTI-5X100 (1) + שרוול אקסל OPTI-5X100 (1),Cheap,5,6449.099999999999,1289.82
"3DMAX LARGE 10.8X16-LEFT (1) + 3DMAX LARGE 10.8X16-RIGHT (1) + אנדו קליפ 5 EL5ML (1) + בלון אמצעי T10SB (1) + בלון דו צדדי PDBS2 (1) + טאקר נספג-12 סיכות-ETHICON (1) + מספריים מונופולר 5 מ""מ (1)",Expensive,5,18371.3272,3674.26544
"3DMAX LARGE 10.8X16-LEFT (1) + 3DMAX LARGE 10.8X16-RIGHT (1) + בלון אמצעי T10SB (1) + בלון דו צדדי PDBS2 (1) + טאקר נספג-12 סיכות-ETHICON (1) + מספריים מונופולר 5 מ""מ (1)",Expensive,5,14583.8518,2916.77036
3DMAX MEDIUM 8.5X13.7-LEFT (1) + 3DMAX MEDIUM 8.5X13.7-RIGHT (1) + בלון אמצעי T10SB (1) + בלון דו צדדי PDBS2 (1) + טאקר נספג-25 סיכות-ETHICON (1) + טרוקר ללא סכין 5 NB5STF (1) + סקשן איריגיישיין 5 (1),Expensive,5,15059.6719,3011.9343799999997
DYNAMESH ENDOLAP 3D 10*15CM (1) + LIQUIBAND FIX8 טאקר דבק (1) + בלון אמצעי T10SB (1) + בלון דו צדדי PDBS2 (1) + טרוקר ללא סכין 5 NB5STF (1) + מספריים לאפ (1) + סקשן איריגיישיין 5 (1),Expensive,5,11398.6785,2279.7357
DYNAMESH ENDOLAP 3D 10*15CM (1) + אנדו קליפ 5 176630 (1) + בלון אמצעי T10SB (1) + בלון דו צדדי PDBS2 (1) + טאקר נספג - 15 סיכות (1) + טרוקר ללא סכין 5 NB5STF (1) + סקשן איריגיישיין 5 (1),Expensive,5,14249.4704,2849.89408
MICROVAL 14X10-LEFT (1) + MICROVAL 14X10-RIGHT (1) + אנדו קליפ 5 EL5ML (1) + בלון אמצעי T10SB (1) + בלון דו צדדי PDBS2 (1) + טאקר-10 סיכות MICROVAL (1) + טרוקר ללא סכין 5 NB5STF (1),Expensive,5,15899.268199999999,3179.85364
PROGRIP ANTMCL 15X10CM-LEFT (1) + PROGRIP ANTMCL 15X10CM-RIGHT (1) + בלון אמצעי T10SB (1) + בלון דו צדדי PDBS2 (1),Expensive,5,12404.250000000002,2480.8500000000004
3DMAX LARGE 10.8X16-LEFT (1) + 3DMAX LARGE 10.8X16-RIGHT (1) + GLUBRAN2-SURGICAL GLUE-1ML (1) + GLUTACK DEVICE 50 DROPS (1) + אנדו קליפ 5 EL5ML (1) + שרוול אקסל 10-11  CB11LT (1),Cheap,4,12727.8986,3181.97465
3DMAX LARGE 10.8X16-LEFT (1) + 3DMAX LARGE 10.8X16-RIGHT (1) + LIQUIBAND FIX8 טאקר דבק (1) + טרוקר אקסל ללא סכין 11 B11LT (1) + מספריים לאפ (1),Cheap,4,7807.698399999999,1951.9245999999998
3DMAX LARGE 10.8X16-LEFT (1) + 3DMAX LARGE 10.8X16-RIGHT (1) + אנדו קלינצ 5 מ''מ (1) + אנדו קליפ 5 EL5ML (1) + טאקר נספג-12 סיכות-ETHICON (1) + שרוול אקסל 10-11  CB11LT (1),Cheap,4,12118.4175,3029.604375
ANATOMIC LIGHT 10X14CM LF (1) + ANATOMIC LIGHT 10X14CM RT (1) + בלון להרניה עגול - SMBTTRNDX (1) + טאקר נטען-20 סיכות MICROVAL (1),Cheap,4,10550.1011,2637.525275
DEXTILE LEFT ANT. MESH 15X10CM (1) + DEXTILE RIGHT ANT. MESH 15X10C (1) + טאקר-10 סיכות MICROVAL (1) + שרוול אקסל 10-11  CB11LT (1),Cheap,4,5874.4,1468.6
DEXTILE LEFT ANT. MESH 16X12CM (1) + DEXTILE RIGHT ANT. MESH 16X12C (1) + בלון דו צדדי PDBS2 (1) + שרוול אקסל OPTI-12X100 (1),Cheap,4,4496.0,1124.0
MICROVAL 14X10-LEFT (1) + MICROVAL 14X10-RIGHT (1) + טאקר-10 סיכות MICROVAL (1) + טרוקר אקסל ללא סכין 11 B11LT (1) + טרוקר ללא סכין 5 NB5STF (1),Cheap,4,7101.3578,1775.33945
PROGRIP ANTMCL 15X10CM-LEFT (1) + PROGRIP ANTMCL 15X10CM-RIGHT (1) + טרוקר CFF03 - 5X100 (1) + שרוול לטרוקר 5 - CFS02 (1),Cheap,4,7765.7618,1941.44045
PROGRIP FLAT SHEET MESH 15X10 (1) + SOL. SEPTOL 500ML (1) + טרוקר CFF03 - 5X100 (1) + טרוקר אקסל ללא סכין 11 B11LT (1) + שרוול לטרוקר 5 - CFS02 (1),Cheap,4,4514.2446,1128.56115
ULTRAPRO ADVANCED MESH 15*30CM (1) + בלון אמצעי T10SB (1) + בלון דו צדדי PDBS2 (1) + טאקר נספג - 15 סיכות (1) + טרוקר ללא סכין 5 NB5STF (1) + סקשן איריגיישיין 5 (1),Cheap,4,9113.6544,2278.4136
3DMAX LARGE 10.8X16-LEFT (1) + 3DMAX LARGE 10.8X16-RIGHT (1) + SOL. SEPTAL SCRUB 500ML (1) + SOL.ALCOHOL+CHLORHEXIDINE 0.5L (1) + בלון אמצעי T10SB (1) + בלון דו צדדי PDBS2 (1) + טאקר נספג - 15 סיכות (1),Expensive,4,9674.6296,2418.6574
3DMAX LIGHT 8X 3CM - LEFT (1) + 3DMAX LIGHT 8X13CM - RIGHT (1) + בלון להרניה עגול - SMBTTRNDX (1) + טאקר נספג-25 סיכות-ETHICON (1),Expensive,4,11725.534,2931.3835
HAR736 -  הרמוניק 700 (1) + PROGRIP FLAT SHEET MESH 15X10 (1) + טרוקר אקסל OPTI-5X100 (1) + טרוקר אקסל ללא סכין 11 B11LT (1) + שרוול אקסל OPTI-5X100 (1),Expensive,4,9789.8,2447.45
MICROVAL 14X10-LEFT (1) + MICROVAL 14X10-RIGHT (1) + בלון אמצעי T10SB (1) + בלון דו צדדי PDBS2 (1) + טאקר-10 סיכות MICROVAL (1) + טרוקר אקסל עם סכין 5 D5ST (1),Expensive,4,9608.0768,2402.0192
"3DMAX LARGE 10.8X16-LEFT (1) + 3DMAX LARGE 10.8X16-RIGHT (1) + CLOSURE DEVICE (1) + LIQUIBAND FIX8 טאקר דבק (1) + אטם סיליקון 5 מ""מ לטרוקר YP PL (1) + טרוקר אקסל ללא סכין 11 B11LT (1)",Cheap,3,6061.6042,2020.5347333333332
"3DMAX LARGE 10.8X16-LEFT (1) + 3DMAX LARGE 10.8X16-RIGHT (1) + CLOSURE DEVICE (1) + LIQUIBAND FIX8 טאקר דבק (1) + אטם סיליקון 5 מ""מ לטרוקר YP PL (1) + טרוקר אקסל ללא סכין 11 B11LT (1) + מספריים לאפ (1)",Cheap,3,6054.1034,2018.0344666666667
"3DMAX LARGE 10.8X16-LEFT (1) + 3DMAX LARGE 10.8X16-RIGHT (1) + LIQUIBAND FIX8 טאקר דבק (1) + אטם סיליקון 5 מ""מ לטרוקר YP PL (1) + אנדו קליפ 5 EL5ML (1) + טרוקר אקסל ללא סכין 11 B11LT (1) + מספריים לאפ (1)",Cheap,3,8346.4026,2782.1342
3DMAX LARGE 10.8X16-LEFT (1) + 3DMAX LARGE 10.8X16-RIGHT (1) + אנדו קלינצ 5 מ''מ (1) + טאקר נספג-12 סיכות-ETHICON (1) + מספריים לאפ (1) + שרוול אקסל 10-11  CB11LT (1),Cheap,3,6625.1705999999995,2208.3902
"3DMAX LARGE 10.8X16-LEFT (1) + 3DMAX LARGE 10.8X16-RIGHT (1) + אנדו קלינצ 5 מ''מ (1) + טאקר נספג-12 סיכות-ETHICON (1) + מספריים מונופולר 5 מ""מ (1) + שרוול אקסל 10-11  CB11LT (1)",Cheap,3,6909.8112,2303.2704
3DMAX LARGE 10.8X16-LEFT (1) + 3DMAX LARGE 10.8X16-RIGHT (1) + אנדו קלינצ' 5 174317 (1) + טאקר נספג-12 סיכות-ETHICON (1) + שרוול אקסל 10-11  CB11LT (1),Cheap,3,6924.3396,2308.1132000000002
"3DMAX LARGE 10.8X16-LEFT (1) + 3DMAX LARGE 10.8X16-RIGHT (1) + בלון להרניה עגול - SMBTTRNDX (1) + טאקר נטען-20 סיכות MICROVAL (1) + כיסוי מצלמה לפרסקופית (1) + מזרק 20 מ""ל (1) + סטרי-סטריפ 1/2 (1) + פלטה דיאט. ללא כבל-מבוגר (1)",Cheap,3,7515.338299999999,2505.1127666666666
3DMAX LARGE 10.8X16-LEFT (1) + 3DMAX LARGE 10.8X16-RIGHT (1) + טאקר נספג-12 סיכות-ETHICON (1) + טרוקר אקסל עם סכין 10-11 D11LT (1),Cheap,3,6710.8614,2236.9538
DEXTILE LEFT ANT. MESH 15X10CM (1) + DEXTILE RIGHT ANT. MESH 15X10C (1) + טאקר נספג - 15 סיכות (1) + שרוול אקסל 10-11  CB11LT (1),Cheap,3,4905.0,1635.0
DYNAMESH ENDOLAP 3D 10*15CM (1) + טאקר-10 סיכות MICROVAL (1) + טרוקר אקסל ללא סכין 11 B11LT (1),Cheap,3,3457.41,1152.47
DYNAMESH ENDOLAP 3D 10*15CM (1) + טאקר-10 סיכות MICROVAL (1) + טרוקר אקסל עם סכין 10-11 D11LT (1),Cheap,3,3457.41,1152.47
MICROVAL 14X10-LEFT (1) + MICROVAL 14X10-RIGHT (1) + אנדו קליפ 5 EL5ML (1) + טאקר-10 סיכות MICROVAL (1) + טרוקר אקסל ללא סכין 11 B11LT (1) + טרוקר ללא סכין 5 NB5STF (1),Cheap,3,7630.6867,2543.5622333333336
MICROVAL 14X10-RIGHT (1) + MICROVAL 16X11-LEFT (1) + טאקר-10 סיכות MICROVAL (1) + טרוקר אקסל ללא סכין 11 B11LT (1) + טרוקר ללא סכין 5 NB5STF (1),Cheap,3,5355.3238,1785.1079333333334
MICROVAL 16X11-LEFT (1) + MICROVAL 16X11-RIGHT (1) + טאקר נספג - 15 סיכות (1) + טרוקר אקסל ללא סכין 11 B11LT (1) + טרוקר ללא סכין 5 NB5STF (1) + מספריים לאפ (1),Cheap,3,5748.6826,1916.2275333333334
PROGRIP FLAT SHEET MESH 15X10 (1),Cheap,3,2677.3500000000004,892.4500000000002
PROGRIP FLAT SHEET MESH 15X10 (1) + בלון אמצעי T10SB (1) + בלון דו צדדי PDBS2 (1) + טרוקר CFF03 - 5X100 (1) + שרוול לטרוקר 5 - CFS02 (1),Cheap,3,5216.7892,1738.9297333333334
PROGRIP FLAT SHEET MESH 15X10 (1) + טרוקר אקסל OPTI-5X100 (1) + טרוקר אקסל ללא סכין 11 B11LT (1) + שרוול אקסל OPTI-5X100 (1),Cheap,3,3352.3500000000004,1117.45
טרוקר ללא סכין 5 NB5STF (1),Cheap,3,240.0,80.0
3DMAX LARGE 10.8X16-LEFT (1) + 3DMAX LARGE 10.8X16-RIGHT (1) + LIQUIBAND FIX8 טאקר דבק (1) + בלון אמצעי T10SB (1) + בלון דו צדדי PDBS2 (1) + טרוקר ללא סכין 5 NB5STF (1) + מספריים לאפ (1) + סקשן איריגיישיין 5 (1),Expensive,3,8278.0597,2759.3532333333333
3DMAX LARGE 10.8X16-LEFT (1) + 3DMAX LARGE 10.8X16-RIGHT (1) + SOL. SEPTAL SCRUB 500ML (1) + SOL. SEPTOL 500ML (1) + בלון אמצעי T10SB (1) + בלון דו צדדי PDBS2 (1) + טאקר נספג - 15 סיכות (1),Expensive,3,7272.3397,2424.1132333333335
3DMAX LARGE 10.8X16-LEFT (1) + 3DMAX LARGE 10.8X16-RIGHT (1) + SURGICEL SNOW 5CMX10CM (1) + אנדו קליפ 5 EL5ML (1) + בלון אמצעי T10SB (1) + בלון דו צדדי PDBS2 (1) + טאקר נספג-12 סיכות-ETHICON (1),Expensive,3,11776.3193,3925.4397666666664
3DMAX LARGE 10.8X16-LEFT (1) + 3DMAX LARGE 10.8X16-RIGHT (1) + אנדו קליפ 5 176630 (1) + בלון אמצעי T10SB (1) + בלון דו צדדי PDBS2 (1) + טאקר נספג-12 סיכות-ETHICON (1) + טרוקר CFF03 - 5X100 (1) + שרוול לטרוקר 5 - CFS02 (1),Expensive,3,11486.3129,3828.770966666667
"3DMAX LARGE 10.8X16-LEFT (1) + 3DMAX LARGE 10.8X16-RIGHT (1) + בלון אמצעי T10SB (1) + בלון דו צדדי PDBS2 (1) + טאקר נספג-12 סיכות-ETHICON (1) + טרוקר CFF03 - 5X100 (1) + כיסוי מצלמה לפרסקופית (1) + מזרק 20 מ""ל (1) + סטרי-סטריפ 1/2 (1) + פלטה דיאט. ללא כבל-מבוגר (1) + שרוול לטרוקר 5 - CFS02 (1)",Expensive,3,9120.2624,3040.0874666666664
3DMAX LARGE 10.8X16-LEFT (1) + 3DMAX LARGE 10.8X16-RIGHT (1) + טאקר נספג-12 סיכות-ETHICON (1) + טרוקר CFF03 - 5X100 (1) + שרוול לטרוקר 5 - CFS02 (1),Expensive,3,6881.2731,2293.7577
CAPSURE טאקר 30 (1) + DEXTILE LEFT ANT. MESH 15X10CM (1) + DEXTILE RIGHT ANT. MESH 15X10C (1) + בלון אמצעי T10SB (1) + בלון דו צדדי PDBS2 (1) + טרוקר ללא סכין 5 NB5STF (1),Expensive,3,7879.1281,2626.3760333333335
CAPSURE טאקר 30 (1) + PROGRIP ANTMCL 15X10CM-LEFT (1) + PROGRIP ANTMCL 15X10CM-RIGHT (1) + אנדו קליפ 5 EL5ML (1) + בלון אמצעי T10SB (1) + בלון דו צדדי PDBS2 (1),Expensive,3,12979.426200000002,4326.4754
CAPSURE טאקר 30 (1) + PROGRIP ANTMCL 15X10CM-LEFT (1) + PROGRIP ANTMCL 15X10CM-RIGHT (1) + בלון אמצעי T10SB (1) + בלון דו צדדי PDBS2 (1),Expensive,3,10713.985400000001,3571.3284666666673
DYNAMESH ENDOLAP 3D 10*15CM (1) + LIQUIBAND FIX8 טאקר דבק (1) + אנדו קלינצ 5 מ''מ (1) + בלון אמצעי T10SB (1) + בלון דו צדדי PDBS2 (1) + טרוקר ללא סכין 5 NB5STF (1),Expensive,3,6665.49,2221.83
DYNAMESH ENDOLAP 3D 10*15CM (1) + LIQUIBAND FIX8 טאקר דבק (1) + בלון אמצעי T10SB (1) + בלון דו צדדי PDBS2 (1) + טאקר נספג - 15 סיכות (1) + טרוקר ללא סכין 5 NB5STF (1) + סקשן איריגיישיין 5 (1),Expensive,3,9233.1435,3077.7145
DYNAMESH ENDOLAP 3D 10*15CM (1) + LIQUIBAND FIX8 טאקר דבק (1) + בלון אמצעי T10SB (1) + בלון דו צדדי PDBS2 (1) + טרוקר ללא סכין 5 NB5STF (1) + סקשן איריגיישיין 5 (1),Expensive,3,6841.2854,2280.4284666666667
DYNAMESH ENDOLAP 3D 10*15CM (1) + אנדו קליפ 5 176630 (1) + בלון אמצעי T10SB (1) + בלון דו צדדי PDBS2 (1) + טאקר נספג - 15 סיכות (1) + טרוקר ללא סכין 5 NB5STF (1),Expensive,3,8377.927800000001,2792.6426000000006
DYNAMESH ENDOLAP 3D 10*15CM (1) + אנדו קליפ 5 176630 (1) + בלון אמצעי T10SB (1) + בלון דו צדדי PDBS2 (1) + טאקר נספג - 15 סיכות (1) + טרוקר ללא סכין 5 NB5STF (1) + מספריים לאפ (1) + סקשן איריגיישיין 5 (1),Expensive,3,8551.6032,2850.5344
DYNAMESH ENDOLAP 3D 10*15CM (1) + בלון אמצעי T10SB (1) + בלון דו צדדי PDBS2 (1) + טאקר נספג-12 סיכות-ETHICON (1) + טרוקר CFF03 - 5X100 (1) + שרוול לטרוקר 5 - CFS02 (1),Expensive,3,7643.2148,2547.7382666666667
MICROVAL 14X10-LEFT (1) + MICROVAL 14X10-RIGHT (1) + בלון אמצעי T10SB (1) + בלון דו צדדי PDBS2 (1) + טאקר-10 סיכות MICROVAL (1) + טרוקר אקסל OPTI-סכין-5X100 (1) + מספריים לאפ (1) + שרוול אקסל OPTI-5X100 (1),Expensive,3,7469.2291000000005,2489.7430333333336
MICROVAL 14X10-LEFT (1) + MICROVAL 14X10-RIGHT (1) + בלון אמצעי T10SB (1) + בלון דו צדדי PDBS2 (1) + טאקר-10 סיכות MICROVAL (1) + טרוקר אקסל OPTI-סכין-5X100 (1) + שרוול אקסל OPTI-5X100 (1),Expensive,3,7463.9414,2487.9804666666664
MICROVAL 14X10-LEFT (1) + MICROVAL 14X10-RIGHT (1) + בלון אמצעי T10SB (1) + בלון דו צדדי PDBS2 (1) + טאקר-10 סיכות MICROVAL (1) + טרוקר ללא סכין 5 NB5STF (1) + מספריים לאפ (1) + סקשן איריגיישיין 5 (1),Expensive,3,7431.6548,2477.2182666666668
"MICROVAL 14X10-LEFT (1) + MICROVAL 14X10-RIGHT (1) + בלון אמצעי T10SB (1) + בלון דו צדדי PDBS2 (1) + טאקר-10 סיכות MICROVAL (1) + טרוקר ללא סכין 5 NB5STF (1) + מספריים מונופולר 5 מ""מ (1)",Expensive,3,7454.5159,2484.8386333333333
MICROVAL 16X11-LEFT (1) + MICROVAL 16X11-RIGHT (1) + MICROVAL 7.5 X 15CM (1) + בלון אמצעי T10SB (1) + בלון דו צדדי PDBS2 (1) + טאקר נספג-12 סיכות-ETHICON (1) + טרוקר אקסל OPTI-סכין-5X100 (1) + טרוקר אקסל עם סכין 10-11 D11LT (1),Expensive,3,9616.3347,3205.4449
PROGRIP ANTMCL 15X10CM-LEFT (1) + PROGRIP ANTMCL 15X10CM-RIGHT (1) + אנדו קליפ 5 EL5ML (1) + בלון אמצעי T10SB (1) + בלון דו צדדי PDBS2 (1),Expensive,3,9729.998800000001,3243.3329333333336
PROGRIP ANTMCL 15X10CM-LEFT (1) + PROGRIP ANTMCL 15X10CM-RIGHT (1) + אנדו קליפ 5 EL5ML (1) + בלון אמצעי T10SB (1) + בלון דו צדדי PDBS2 (1) + טרוקר אקסל OPTI-סכין-5X100 (1) + שרוול אקסל OPTI-5X100 (1),Expensive,3,10180.0013,3393.3337666666666
PROGRIP ANTMCL 15X10CM-LEFT (1) + PROGRIP ANTMCL 15X10CM-RIGHT (1) + בלון אמצעי T10SB (1) + בלון דו צדדי PDBS2 (1) + טרוקר אקסל OPTI-סכין-5X100 (1) + טרוקר אקסל עם סכין 10-11 D11LT (1) + שרוול אקסל OPTI-5X100 (1),Expensive,3,8117.550000000001,2705.8500000000004
PROGRIP ANTMCL 15X10CM-LEFT (1) + PROGRIP ANTMCL 15X10CM-RIGHT (1) + בלון אמצעי T10SB (1) + בלון דו צדדי PDBS2 (1) + טרוקר אקסל OPTI-סכין-5X100 (1) + שרוול אקסל OPTI-5X100 (1),Expensive,3,7892.550000000001,2630.8500000000004
PROGRIP FLAT SHEET MESH 15X10 (1) + בלון אמצעי T10SB (1) + בלון דו צדדי PDBS2 (1) + טרוקר CFF03 - 5X100 (1) + טרוקר אקסל עם סכין 10-11 D11LT (1) + שרוול לטרוקר 5 - CFS02 (1),Expensive,3,5450.3146,1816.7715333333333
PROGRIP FLAT SHEET MESH 16X12 (1) + אנדו קליפ 10 176625 (1) + בלון אמצעי T10SB (1) + בלון דו צדדי PDBS2 (1) + טרוקר אקסל OPTI-סכין-5X100 (1) + טרוקר אקסל עם סכין 10-11 D11LT (1) + סקשן איריגיישיין 5 (1),Expensive,3,7231.4241,2410.4747
SYMBOTEX.COM.MESH 12CM-RAUND (1) + אנדו קליפ 5 EL5ML (1) + בלון אמצעי T10SB (1) + בלון דו צדדי PDBS2 (1) + טאקר נספג-12 סיכות-ETHICON (1),Expensive,3,12001.1792,4000.393066666667
3DMAX LARGE 10.8X16-LEFT (1) + 3DMAX LARGE 10.8X16-RIGHT (1) + CAPSURE טאקר 30 (1) + טרוקר חסן 12 H12LP (1),Cheap,2,4123.807,2061.9035
"3DMAX LARGE 10.8X16-LEFT (1) + 3DMAX LARGE 10.8X16-RIGHT (1) + LIQUIBAND FIX8 טאקר דבק (1) + VENTRALEX MEDIUM - 5950008 (1) + אטם סיליקון 5 מ""מ לטרוקר YP PL (1) + טרוקר חסן 12 H12LP (1)",Cheap,2,6618.4064,3309.2032
"3DMAX LARGE 10.8X16-LEFT (1) + 3DMAX LARGE 10.8X16-RIGHT (1) + LIQUIBAND FIX8 טאקר דבק (1) + אטם סיליקון 5 מ""מ לטרוקר YP PL (1) + אנדו קליפ 5 176630 (1) + טרוקר אקסל ללא סכין 11 B11LT (1)",Cheap,2,5582.8698,2791.4349
"3DMAX LARGE 10.8X16-LEFT (1) + 3DMAX LARGE 10.8X16-RIGHT (1) + LIQUIBAND FIX8 טאקר דבק (1) + אטם סיליקון 5 מ""מ לטרוקר YP PL (1) + אנדו קליפ 5 EL5ML (1) + טרוקר אקסל ללא סכין 11 B11LT (1) + מספריים מונופולר 5 מ""מ (1)",Cheap,2,5790.1228,2895.0614
3DMAX LARGE 10.8X16-LEFT (1) + 3DMAX LARGE 10.8X16-RIGHT (1) + LIQUIBAND FIX8 טאקר דבק (1) + טרוקר אקסל OPTI-5X100 (1) + טרוקר אקסל ללא סכין 11 B11LT (1) + שרוול אקסל OPTI-5X100 (1),Cheap,2,4271.6366,2135.8183
3DMAX LARGE 10.8X16-LEFT (1) + 3DMAX LARGE 10.8X16-RIGHT (1) + VENTRALEX SMALL - 5950007 (1) + בלון להרניה עגול - SMBTTRNDX (1) + טאקר נטען-20 סיכות MICROVAL (1),Cheap,2,7453.8089,3726.90445
3DMAX LARGE 10.8X16-LEFT (1) + 3DMAX LARGE 10.8X16-RIGHT (1) + אנדו קלינצ' 5 174317 (1) + אנדו קליפ 5 EL5ML (1) + טאקר נספג-12 סיכות-ETHICON (1) + שרוול אקסל 10-11  CB11LT (1),Cheap,2,6136.0932,3068.0466
"3DMAX LARGE 10.8X16-LEFT (1) + 3DMAX LARGE 10.8X16-RIGHT (1) + אנדו קלינצ' 5 174317 (1) + טאקר נספג-12 סיכות-ETHICON (1) + מספריים מונופולר 5 מ""מ (1) + שרוול אקסל 10-11  CB11LT (1)",Cheap,2,4770.6528,2385.3264
3DMAX LARGE 10.8X16-LEFT (1) + 3DMAX LARGE 10.8X16-RIGHT (1) + בלון אמצעי T10SB (1) + בלון דו צדדי PDBS2 (1) + טאקר נספג-12 סיכות-ETHICON (1),Cheap,2,5713.8166,2856.9083
3DMAX LARGE 10.8X16-LEFT (1) + 3DMAX LARGE 10.8X16-RIGHT (1) + טאקר נספג-25 סיכות-ETHICON (1) + טרוקר אקסל OPTI-5X100 (1) + טרוקר אקסל ללא סכין 11 B11LT (1),Cheap,2,4867.6624,2433.8312
3DMAX LARGE 10.8X16-LEFT (1) + 3DMAX LARGE 10.8X16-RIGHT (1) + טאקר-10 סיכות MICROVAL (1) + טרוקר אקסל OPTI-5X100 (1) + טרוקר אקסל ללא סכין 11 B11LT (1) + מספריים לאפ (1) + שרוול אקסל OPTI-5X100 (1),Cheap,2,3557.4586,1778.7293
"3DMAX LARGE 10.8X16-LEFT (1) + 3DMAX LARGE 10.8X16-RIGHT (1) + טאקר-10 סיכות MICROVAL (1) + טרוקר אקסל OPTI-5X100 (1) + טרוקר אקסל ללא סכין 11 B11LT (1) + מספריים מונופולר 5 מ""מ (1) + שרוול אקסל OPTI-5X100 (1)",Cheap,2,3699.3764,1849.6882
3DMAX LARGE 10.8X16-LEFT (1) + 3DMAX LARGE 10.8X16-RIGHT (1) + טאקר-10 סיכות MICROVAL (1) + טרוקר אקסל ללא סכין 11 B11LT (1) + טרוקר ללא סכין 5 NB5STF (1) + מספריים לאפ (1) + סקשן איריגיישיין 5 (1),Cheap,2,3442.7982,1721.3991
"3DMAX LARGE 10.8X16-LEFT (1) + 3DMAX LARGE 10.8X16-RIGHT (1) + טאקר-10 סיכות MICROVAL (1) + טרוקר אקסל ללא סכין 11 B11LT (1) + טרוקר ללא סכין 5 NB5STF (1) + מספריים מונופולר 5 מ""מ (1)",Cheap,2,3484.2432,1742.1216
3DMAX LIGHT 10X 16CM - RIGHT (1) + 3DMAX LIGHT 10X16CM - LEFT (1) + טאקר נספג-25 סיכות-ETHICON (1) + טרוקר אקסל OPTI-5X100 (1) + טרוקר אקסל ללא סכין 11 B11LT (1),Cheap,2,5030.686,2515.343
"DEXTILE LEFT ANT. MESH 15X10CM (1) + DEXTILE RIGHT ANT. MESH 15X10C (1) + אנדו קלינצ 5 מ''מ (1) + אנדו קליפ 5 EL5ML (1) + טאקר נספג-12 סיכות-ETHICON (1) + מספריים מונופולר 5 מ""מ (1) + שרוול אקסל 10-11  CB11LT (1)",Cheap,2,5867.1738000000005,2933.5869000000002
DEXTILE LEFT ANT. MESH 15X10CM (1) + DEXTILE RIGHT ANT. MESH 15X10C (1) + טאקר-10 סיכות MICROVAL (1) + טרוקר ללא סכין 5 NB5STF (1) + סקשן איריגיישיין 5 (1) + שרוול אקסל 10-11  CB11LT (1),Cheap,2,3213.522,1606.761
DEXTILE LEFT ANT. MESH 16X12CM (1) + DEXTILE RIGHT ANT. MESH 16X12C (1) + אנדו קליפ 5 EL5ML (1) + בלון דו צדדי PDBS2 (1) + שרוול אקסל 10-11  CB11LT (1),Cheap,2,3772.9638,1886.4819
DYNAMESH ENDOLAP 3D 10*15CM (1) + SOL. SEPTOL 500ML (1) + VENTRALEX SMALL - 5950007 (1) + בלון אמצעי T10SB (1) + בלון דו צדדי PDBS2 (1) + טרוקר אקסל OPTI-סכין-5X100 (1) + שרוול אקסל OPTI-5X100 (1),Cheap,2,5009.9562,2504.9781
DYNAMESH ENDOLAP 3D 10*15CM (1) + VENTRALEX SMALL - 5950007 (1) + בלון אמצעי T10SB (1) + בלון דו צדדי PDBS2 (1) + טרוקר אקסל OPTI-סכין-5X100 (1) + שרוול אקסל OPTI-5X100 (1),Cheap,2,4993.379999999999,2496.6899999999996
"DYNAMESH ENDOLAP 3D 10*15CM (1) + בלון אמצעי T10SB (1) + בלון דו צדדי PDBS2 (1) + טאקר נספג - 15 סיכות (1) + מספריים מונופולר 5 מ""מ (1)",Cheap,2,4041.4744,2020.7372
DYNAMESH ENDOLAP 3D 10*15CM (1) + בלון אמצעי T10SB (1) + בלון דו צדדי PDBS2 (1) + טרוקר אקסל OPTI-סכין-5X100 (1) + טרוקר אקסל עם סכין 10-11 D11LT (1) + שרוול אקסל OPTI-5X100 (1),Cheap,2,2729.64,1364.82
DYNAMESH ENDOLAP 3D 10*15CM (1) + טאקר-10 סיכות MICROVAL (1) + טרוקר אקסל ללא סכין 11 B11LT (1) + מספריים לאפ (1),Cheap,2,2306.94,1153.47
"DYNAMESH ENDOLAP 3D 10*15CM (1) + טאקר-10 סיכות MICROVAL (1) + מחט ורז 120 מ""מ - חד פעמי (1) + שרוול אקסל 10-11  CB11LT (1)",Cheap,2,2345.32,1172.66
DYNAMESH ENDOLAP 3D 10*15CM (1) + טרוקר אקסל OPTI-סכין-5X100 (1) + שרוול אקסל OPTI-5X100 (1),Cheap,2,1187.74,593.87
FILBLOC PDO 2/0 - FS412HHAB (1) + PROGRIP FLAT SHEET MESH 15X10 (1) + טרוקר אקסל OPTI-סכין-5X100 (1) + טרוקר אקסל עם סכין 10-11 D11LT (1) + שרוול אקסל OPTI-5X100 (1),Cheap,2,2429.0666,1214.5333
"MICROVAL 14X10-LEFT (1) + MICROVAL 14X10-RIGHT (1) + אטם סיליקון 5 מ""מ לטרוקר YP PL (1) + בלון אמצעי T10SB (1) + בלון דו צדדי PDBS2 (1) + טאקר-10 סיכות MICROVAL (1)",Cheap,2,4732.8144,2366.4072
MICROVAL 14X10-LEFT (1) + MICROVAL 14X10-RIGHT (1) + בלון אמצעי T10SB (1) + בלון דו צדדי PDBS2 (1) + טאקר-10 סיכות MICROVAL (1),Cheap,2,4672.6678,2336.3339
MICROVAL 14X10-LEFT (1) + MICROVAL 14X10-RIGHT (1) + בלון אמצעי T10SB (1) + בלון דו צדדי PDBS2 (1) + טאקר-10 סיכות MICROVAL (1) + טרוקר אקסל OPTI-סכין-5X100 (1),Cheap,2,4781.7953,2390.89765
MICROVAL 14X10-LEFT (1) + MICROVAL 14X10-RIGHT (1) + בלון אמצעי T10SB (1) + בלון דו צדדי PDBS2 (1) + טאקר-10 סיכות MICROVAL (1) + טרוקר אקסל OPTI-סכין-5X100 (1) + סקשן איריגיישיין 5 (1) + שרוול אקסל OPTI-5X100 (1),Cheap,2,5050.698200000001,2525.3491000000004
MICROVAL 14X10-LEFT (1) + MICROVAL 16X11-RIGHT (1) + אנדו קליפ 5 EL5ML (1) + טאקר-10 סיכות MICROVAL (1) + טרוקר אקסל ללא סכין 11 B11LT (1) + טרוקר ללא סכין 5 NB5STF (1),Cheap,2,5128.4544000000005,2564.2272000000003
MICROVAL 14X10-LEFT (1) + MICROVAL 16X11-RIGHT (1) + טאקר-10 סיכות MICROVAL (1) + טרוקר אקסל ללא סכין 11 B11LT (1) + טרוקר ללא סכין 5 NB5STF (1),Cheap,2,3554.5476,1777.2738
MICROVAL 16X11-LEFT (1) + MICROVAL 16X11-RIGHT (1) + VERSAONE BLADED TROCAR WITH FI (1) + טאקר נספג - 15 סיכות (1) + טרוקר אקסל ללא סכין 11 B11LT (1),Cheap,2,3941.0576,1970.5288
MICROVAL 16X11-LEFT (1) + MICROVAL 16X11-RIGHT (1) + אנדו קליפ 5 176630 (1) + טאקר נספג - 15 סיכות (1) + טרוקר אקסל ללא סכין 11 B11LT (1) + טרוקר ללא סכין 5 NB5STF (1) + מספריים לאפ (1),Cheap,2,5488.7028,2744.3514
MICROVAL 16X11-LEFT (1) + MICROVAL 16X11-RIGHT (1) + אנדו קליפ 5 176630 (1) + טאקר נספג - 15 סיכות (1) + טרוקר אקסל ללא סכין 11 B11LT (1) + טרוקר ללא סכין 5 NB5STF (1) + סקשן איריגיישיין 5 (1),Cheap,2,5443.4679,2721.73395
MICROVAL 16X11-LEFT (1) + MICROVAL 16X11-RIGHT (1) + טאקר נספג - 15 סיכות (1) + טרוקר אקסל ללא סכין 11 B11LT (1) + טרוקר ללא סכין 5 NB5STF (1),Cheap,2,3609.25,1804.625
MICROVAL 16X11-LEFT (1) + MICROVAL 16X11-RIGHT (1) + טאקר נספג - 15 סיכות (1) + טרוקר אקסל ללא סכין 11 B11LT (1) + טרוקר ללא סכין 5 NB5STF (1) + מספריים לאפ (1) + סקשן איריגיישיין 5 (1),Cheap,2,4064.366,2032.183
MICROVAL 16X11-LEFT (1) + MICROVAL 16X11-RIGHT (1) + טאקר-10 סיכות MICROVAL (1) + טרוקר אקסל ללא סכין 11 B11LT (1) + טרוקר ללא סכין 5 NB5STF (1) + סטרי -דרפ 1050 (1),Cheap,2,3531.6578,1765.8289
MICROVAL 16X11-LEFT (1) + MICROVAL 16X11-RIGHT (1) + טאקר-10 סיכות MICROVAL (1) + טרוקר אקסל ללא סכין 11 B11LT (1) + טרוקר ללא סכין 5 NB5STF (1) + סקשן איריגיישיין 5 (1),Cheap,2,3708.9101,1854.45505
PROGRIP ANTMCL 15X10CM-LEFT (1) + PROGRIP ANTMCL 15X10CM-RIGHT (1),Cheap,2,3569.8,1784.9
PROGRIP ANTMCL 15X10CM-LEFT (1) + PROGRIP ANTMCL 15X10CM-RIGHT (1) + SURGICEL SNOW 5CMX10CM (1) + בלון אמצעי T10SB (1) + בלון דו צדדי PDBS2 (1),Cheap,2,5515.700000000001,2757.8500000000004
PROGRIP ANTMCL 15X10CM-LEFT (1) + PROGRIP ANTMCL 15X10CM-RIGHT (1) + אנדו קליפ 5 EL5ML (1) + בלון אמצעי T10SB (1) + בלון דו צדדי PDBS2 (1),Cheap,2,6486.6638,3243.3319
PROGRIP ANTMCL 15X10CM-LEFT (1) + PROGRIP ANTMCL 15X10CM-RIGHT (1) + בלון אמצעי T10SB (1) + בלון דו צדדי PDBS2 (1) + טרוקר CFF03 - 5X100 (1) + טרוקר אקסל OPTI-סכין-5X100 (1) + שרוול אקסל OPTI-5X100 (1) + שרוול לטרוקר 5 - CFS02 (1),Cheap,2,5572.456700000001,2786.2283500000003
PROGRIP ANTMCL 15X10CM-LEFT (1) + PROGRIP ANTMCL 15X10CM-RIGHT (1) + בלון אמצעי T10SB (1) + בלון דו צדדי PDBS2 (1) + טרוקר CFF03 - 5X100 (1) + טרוקר אקסל עם סכין 10-11 D11LT (1) + שרוול לטרוקר 5 - CFS02 (1),Cheap,2,5428.807200000001,2714.4036000000006
"PROGRIP ANTMCL 15X10CM-LEFT (1) + PROGRIP ANTMCL 15X10CM-RIGHT (1) + בלון אמצעי T10SB (1) + בלון דו צדדי PDBS2 (1) + מספריים מונופולר 5 מ""מ (1)",Cheap,2,5129.6056,2564.8028
PROGRIP ANTMCL 15X10CM-LEFT (1) + PROGRIP ANTMCL 15X10CM-RIGHT (1) + בלון דו צדדי PDBS2 (1) + טרוקר CFF03 - 5X100 (1) + שרוול לטרוקר 5 - CFS02 (1),Cheap,2,4464.9072,2232.4536
PROGRIP FLAT SHEET MESH 15X10 (1) + V-LOC 3/0 R.B.26-VLOCL0604 (1) + טרוקר אקסל OPTI-5X100 (1) + טרוקר אקסל ללא סכין 11 B11LT (1) + שרוול אקסל 10-11  CB11LT (1),Cheap,2,2386.96,1193.48
PROGRIP FLAT SHEET MESH 15X10 (1) + V-LOC 3/0 R.B.26-VLOCL0604 (1) + טרוקר אקסל OPTI-סכין-5X100 (1) + טרוקר אקסל עם סכין 10-11 D11LT (1) + שרוול אקסל 10-11  CB11LT (1),Cheap,2,2400.0133,1200.00665
PROGRIP FLAT SHEET MESH 15X10 (1) + אנדו קליפ 5 EL5ML (1) + טרוקר אקסל OPTI-12X100 (1) + טרוקר אקסל OPTI-5X100 (1) + שרוול אקסל OPTI-5X100 (1),Cheap,2,3759.8669,1879.93345
"PROGRIP FLAT SHEET MESH 15X10 (1) + טרוקר CFF03 - 5X100 (1) + טרוקר אקסל ללא סכין 11 B11LT (1) + כיסוי מצלמה לפרסקופית (1) + מזרק 20 מ""ל (1) + סטרי-סטריפ 1/2 (1) + פלטה דיאט. ללא כבל-מבוגר (1) + שרוול לטרוקר 5 - CFS02 (1)",Cheap,2,2263.2822,1131.6411
PROGRIP FLAT SHEET MESH 15X10 (1) + טרוקר אקסל OPTI-סכין-5X100 (1) + טרוקר אקסל עם סכין 10-11 D11LT (1) + שרוול אקסל 10-11  CB11LT (1),Cheap,2,2234.9,1117.45
VERSATEX MONO.MESH-VTX1515 (1) + בלון להרניה עגול - SMBTTRNDX (1) + טאקר נספג - 15 סיכות (1),Cheap,2,3530.2334,1765.1167
טרוקר אקסל OPTI-5X100 (1) + שרוול אקסל OPTI-5X100 (1),Cheap,2,300.0,150.0
"3DMAX LARGE 10.8X16-LEFT (1) + 3DMAX LARGE 10.8X16-RIGHT (1) + CAPSURE טאקר 30 (1) + אנדו קליפ 5 EL5ML (1) + טאקר נספג-12 סיכות-ETHICON (1) + מספריים מונופולר 5 מ""מ (1) + שרוול אקסל 10-11  CB11LT (1)",Expensive,2,8188.511100000001,4094.2555500000003
3DMAX LARGE 10.8X16-LEFT (1) + 3DMAX LARGE 10.8X16-RIGHT (1) + CAPSURE טאקר 30 (1) + בלון אמצעי T10SB (1) + בלון דו צדדי PDBS2 (1) + טרוקר CFF03 - 5X100 (1) + מספריים לאפ (1) + סקשן איריגיישיין 5 (1) + שרוול לטרוקר 5 - CFS02 (1),Expensive,2,5854.8896,2927.4448
3DMAX LARGE 10.8X16-LEFT (1) + 3DMAX LARGE 10.8X16-RIGHT (1) + SURGICEL SNOW 5CMX10CM (1) + בלון אמצעי T10SB (1) + בלון דו צדדי PDBS2 (1) + טאקר נספג-12 סיכות-ETHICON (1),Expensive,2,6267.8166,3133.9083
3DMAX LARGE 10.8X16-LEFT (1) + 3DMAX LARGE 10.8X16-RIGHT (1) + SYMBOTEX.COM.MESH 12CM-RAUND (1) + אנדו קליפ 5 EL5ML (1) + בלון אמצעי T10SB (1) + בלון דו צדדי PDBS2 (1) + טאקר נספג-12 סיכות-ETHICON (1),Expensive,2,9801.4763,4900.73815
3DMAX LARGE 10.8X16-LEFT (1) + 3DMAX LARGE 10.8X16-RIGHT (1) + ULTRAPRO ADVANCED MESH 6*12CM (1) + אנדו קליפ 5 EL5ML (1) + בלון אמצעי T10SB (1) + בלון דו צדדי PDBS2 (1) + טאקר נספג - 15 סיכות (1) + טרוקר אקסל OPTI-סכין-5X100 (1) + טרוקר אקסל עם סכין 10-11 D11LT (1),Expensive,2,7193.5385,3596.76925
3DMAX LARGE 10.8X16-LEFT (1) + 3DMAX LARGE 10.8X16-RIGHT (1) + ULTRAPRO ADVANCED MESH 6*12CM (1) + בלון אמצעי T10SB (1) + בלון דו צדדי PDBS2 (1) + טאקר נספג - 15 סיכות (1) + טרוקר אקסל OPTI-סכין-5X100 (1) + טרוקר אקסל עם סכין 10-11 D11LT (1),Expensive,2,5579.8326,2789.9163
3DMAX LARGE 10.8X16-LEFT (1) + 3DMAX LARGE 10.8X16-RIGHT (1) + אנדו קליפ 5 EL5ML (1) + בלון דו צדדי PDBS2 (1) + טאקר נספג-25 סיכות-ETHICON (1) + טרוקר אקסל ללא סכין 11 B11LT (1) + טרוקר ללא סכין 5 NB5STF (1) + מספריים לאפ (1),Expensive,2,6927.4961,3463.74805
3DMAX LARGE 10.8X16-LEFT (1) + 3DMAX LARGE 10.8X16-RIGHT (1) + בלון אמצעי T10SB (1) + בלון דו צדדי PDBS2 (1) + טאקר נטען-20 סיכות MICROVAL (1) + טרוקר CFF03 - 5X100 (1) + מספריים לאפ (1) + סקשן איריגיישיין 5 (1) + שרוול לטרוקר 5 - CFS02 (1),Expensive,2,5374.4769,2687.23845
"3DMAX LARGE 10.8X16-LEFT (1) + 3DMAX LARGE 10.8X16-RIGHT (1) + בלון אמצעי T10SB (1) + בלון דו צדדי PDBS2 (1) + טאקר נספג-12 סיכות-ETHICON (1) + כיסוי מצלמה לפרסקופית (1) + מזרק 20 מ""ל (1) + סטרי-סטריפ 1/2 (1) + פלטה דיאט. ללא כבל-מבוגר (1)",Expensive,2,5787.5586,2893.7793
3DMAX LARGE 10.8X16-LEFT (1) + 3DMAX LARGE 10.8X16-RIGHT (1) + בלון אמצעי T10SB (1) + בלון דו צדדי PDBS2 (1) + טאקר נספג-25 סיכות-ETHICON (1) + טרוקר CFF03 - 5X100 (1) + שרוול לטרוקר 5 - CFS02 (1),Expensive,2,6287.8734,3143.9367
3DMAX LARGE 10.8X16-LEFT (1) + 3DMAX LARGE 10.8X16-RIGHT (1) + טאקר נספג-12 סיכות-ETHICON (1),Expensive,2,4277.3706,2138.6853
3DMAX LIGHT 10X 16CM - RIGHT (1) + 3DMAX LIGHT 10X16CM - LEFT (1) + CAPSURE טאקר 30 (1) + בלון אמצעי T10SB (1) + בלון דו צדדי PDBS2 (1) + טרוקר אקסל OPTI-5X100 (1) + שרוול אקסל OPTI-5X100 (1),Expensive,2,5828.3544,2914.1772
3DMAX LIGHT 10X 16CM - RIGHT (1) + 3DMAX LIGHT 10X16CM - LEFT (1) + LIQUIBAND FIX8 טאקר דבק (1) + בלון אמצעי T10SB (1) + בלון דו צדדי PDBS2 (1) + טרוקר ללא סכין 5 NB5STF (1),Expensive,2,5555.5858,2777.7929
3DMAX MEDIUM 8.5X13.7-LEFT (1) + 3DMAX MEDIUM 8.5X13.7-RIGHT (1) + בלון אמצעי T10SB (1) + בלון דו צדדי PDBS2 (1) + טאקר נספג-25 סיכות-ETHICON (1) + טרוקר ללא סכין 5 NB5STF (1) + מספריים לאפ (1) + סקשן איריגיישיין 5 (1),Expensive,2,5967.6126,2983.8063
"CAPSURE טאקר 30 (1) + DEXTILE LEFT ANT. MESH 15X10CM (1) + DEXTILE RIGHT ANT. MESH 15X10C (1) + VERSAONE BLADED TROCAR WITH FI (1) + בלון אמצעי T10SB (1) + בלון דו צדדי PDBS2 (1) + מספריים מונופולר 5 מ""מ (1) + סקשן איריגיישיין 5 (1)",Expensive,2,5637.7292,2818.8646
DEXTILE LEFT ANT. MESH 15X10CM (1) + DEXTILE RIGHT ANT. MESH 15X10C (1) + אנדו קליפ 5 176630 (1) + בלון אמצעי T10SB (1) + בלון דו צדדי PDBS2 (1) + טאקר נספג-12 סיכות-ETHICON (1) + טרוקר ללא סכין 5 NB5STF (1),Expensive,2,7119.8598,3559.9299
DEXTILE LEFT ANT. MESH 15X10CM (1) + DEXTILE RIGHT ANT. MESH 15X10C (1) + בלון אמצעי T10SB (1) + בלון דו צדדי PDBS2 (1) + טאקר נספג-12 סיכות-ETHICON (1) + טרוקר CFF03 - 5X100 (1) + שרוול לטרוקר 5 - CFS02 (1),Expensive,2,5716.042,2858.021
DYNAMESH ENDOLAP 3D 10*15CM (1) + LIQUIBAND FIX8 טאקר דבק (1) + SURGICEL 10CM * 20CM (1) + אנדו קליפ 5 176630 (1) + בלון אמצעי T10SB (1) + בלון דו צדדי PDBS2 (1) + טרוקר ללא סכין 5 NB5STF (1) + מספריים לאפ (1) + סקשן איריגיישיין 5 (1),Expensive,2,6195.0261,3097.51305
DYNAMESH ENDOLAP 3D 10*15CM (1) + LIQUIBAND FIX8 טאקר דבק (1) + אנדו קלינצ 5 מ''מ (1) + בלון אמצעי T10SB (1) + בלון דו צדדי PDBS2 (1) + טרוקר ללא סכין 5 NB5STF (1) + סקשן איריגיישיין 5 (1),Expensive,2,4561.1987,2280.59935
DYNAMESH ENDOLAP 3D 10*15CM (1) + LIQUIBAND FIX8 טאקר דבק (1) + אנדו קלינצ' 5 174317 (1) + בלון אמצעי T10SB (1) + בלון דו צדדי PDBS2 (1) + טאקר נספג - 15 סיכות (1) + טרוקר ללא סכין 5 NB5STF (1),Expensive,2,6187.1296999999995,3093.5648499999998
DYNAMESH ENDOLAP 3D 10*15CM (1) + LIQUIBAND FIX8 טאקר דבק (1) + אנדו קלינצ' 5 174317 (1) + בלון אמצעי T10SB (1) + בלון דו צדדי PDBS2 (1) + טאקר נספג - 15 סיכות (1) + טרוקר ללא סכין 5 NB5STF (1) + סקשן איריגיישיין 5 (1),Expensive,2,6303.465200000001,3151.7326000000003
DYNAMESH ENDOLAP 3D 10*15CM (1) + LIQUIBAND FIX8 טאקר דבק (1) + אנדו קליפ 5 176630 (1) + בלון אמצעי T10SB (1) + בלון דו צדדי PDBS2 (1) + טאקר נספג - 15 סיכות (1) + טרוקר ללא סכין 5 NB5STF (1),Expensive,2,7587.3125,3793.65625
DYNAMESH ENDOLAP 3D 10*15CM (1) + LIQUIBAND FIX8 טאקר דבק (1) + אנדו קליפ 5 176630 (1) + בלון אמצעי T10SB (1) + בלון דו צדדי PDBS2 (1) + טרוקר ללא סכין 5 NB5STF (1) + מספריים לאפ (1),Expensive,2,5989.3125,2994.65625
DYNAMESH ENDOLAP 3D 10*15CM (1) + LIQUIBAND FIX8 טאקר דבק (1) + בלון אמצעי T10SB (1) + בלון דו צדדי PDBS2 (1) + טרוקר ללא סכין 5 NB5STF (1) + מספריים לאפ (1),Expensive,2,4443.66,2221.83
DYNAMESH ENDOLAP 3D 10*15CM (1) + בלון אמצעי T10SB (1) + בלון דו צדדי PDBS2 (1) + טאקר נספג - 15 סיכות (1) + טרוקר ללא סכין 5 NB5STF (1) + מספריים לאפ (1) + סקשן איריגיישיין 5 (1),Expensive,2,3931.2767999999996,1965.6383999999998
DYNAMESH ENDOLAP 3D 10*15CM (1) + בלון אמצעי T10SB (1) + בלון דו צדדי PDBS2 (1) + טאקר נספג-25 סיכות-ETHICON (1) + טרוקר CFF03 - 5X100 (1) + שרוול לטרוקר 5 - CFS02 (1),Expensive,2,5355.4443,2677.72215
LIQUIBAND FIX8 טאקר דבק (1) + MICROVAL 14X10-LEFT (1) + MICROVAL 14X10-RIGHT (1) + בלון אמצעי T10SB (1) + בלון דו צדדי PDBS2 (1) + טאקר-10 סיכות MICROVAL (1) + טרוקר ללא סכין 5 NB5STF (1),Expensive,2,6834.6878,3417.3439
"LIQUIBAND FIX8 טאקר דבק (1) + MICROVAL 14X10-LEFT (1) + MICROVAL 14X10-RIGHT (1) + בלון אמצעי T10SB (1) + בלון דו צדדי PDBS2 (1) + טאקר-10 סיכות MICROVAL (1) + טרוקר ללא סכין 5 NB5STF (1) + מספריים מונופולר 5 מ""מ (1)",Expensive,2,6954.9964,3477.4982
MICROVAL 14X10-LEFT (1) + MICROVAL 14X10-RIGHT (1) + MICROVAL 7.5 X 15CM (1) + בלון אמצעי T10SB (1) + בלון דו צדדי PDBS2 (1) + טאקר נספג-12 סיכות-ETHICON (1) + טרוקר אקסל OPTI-סכין-5X100 (1) + טרוקר אקסל עם סכין 10-11 D11LT (1),Expensive,2,6399.8458,3199.9229
"MICROVAL 14X10-LEFT (1) + MICROVAL 14X10-RIGHT (1) + MICROVAL 7.5 X 15CM (1) + בלון אמצעי T10SB (1) + בלון דו צדדי PDBS2 (1) + טאקר נספג-12 סיכות-ETHICON (1) + טרוקר אקסל OPTI-סכין-5X100 (1) + טרוקר אקסל עם סכין 10-11 D11LT (1) + מספריים מונופולר 5 מ""מ (1)",Expensive,2,6571.9432,3285.9716
MICROVAL 14X10-LEFT (1) + MICROVAL 14X10-RIGHT (1) + VERSAONE BLADED TROCAR WITH FI (1) + אנדו קליפ 5 EL5ML (1) + בלון אמצעי T10SB (1) + בלון דו צדדי PDBS2 (1) + טאקר-10 סיכות MICROVAL (1),Expensive,2,6364.859,3182.4295
MICROVAL 14X10-LEFT (1) + MICROVAL 14X10-RIGHT (1) + VERSAONE BLADED TROCAR WITH FI (1) + בלון אמצעי T10SB (1) + בלון דו צדדי PDBS2 (1) + טאקר-10 סיכות MICROVAL (1),Expensive,2,4833.9938,2416.9969
MICROVAL 14X10-LEFT (1) + MICROVAL 14X10-RIGHT (1) + אנדו קליפ 5 176630 (1) + בלון אמצעי T10SB (1) + בלון דו צדדי PDBS2 (1) + טאקר-10 סיכות MICROVAL (1) + טרוקר אקסל OPTI-סכין-5X100 (1) + מספריים לאפ (1) + סקשן איריגיישיין 5 (1) + שרוול אקסל OPTI-5X100 (1),Expensive,2,6645.3579,3322.67895
MICROVAL 14X10-LEFT (1) + MICROVAL 14X10-RIGHT (1) + אנדו קליפ 5 176630 (1) + בלון אמצעי T10SB (1) + בלון דו צדדי PDBS2 (1) + טאקר-10 סיכות MICROVAL (1) + טרוקר אקסל OPTI-סכין-5X100 (1) + מספריים לאפ (1) + שרוול אקסל OPTI-5X100 (1),Expensive,2,6521.6463,3260.82315
MICROVAL 14X10-LEFT (1) + MICROVAL 14X10-RIGHT (1) + אנדו קליפ 5 176630 (1) + בלון אמצעי T10SB (1) + בלון דו צדדי PDBS2 (1) + טאקר-10 סיכות MICROVAL (1) + טרוקר אקסל OPTI-סכין-5X100 (1) + סקשן איריגיישיין 5 (1) + שרוול אקסל OPTI-5X100 (1),Expensive,2,6641.0815999999995,3320.5407999999998
MICROVAL 14X10-LEFT (1) + MICROVAL 14X10-RIGHT (1) + אנדו קליפ 5 EL5ML (1) + בלון אמצעי T10SB (1) + בלון דו צדדי PDBS2 (1) + טאקר-10 סיכות MICROVAL (1) + טרוקר ללא סכין 5 NB5STF (1) + מספריים לאפ (1),Expensive,2,6360.9632,3180.4816
"MICROVAL 16X11-LEFT (1) + MICROVAL 16X11-RIGHT (1) + MICROVAL 7.5 X 15CM (1) + בלון אמצעי T10SB (1) + בלון דו צדדי PDBS2 (1) + טאקר נספג-12 סיכות-ETHICON (1) + טרוקר אקסל OPTI-סכין-5X100 (1) + טרוקר אקסל עם סכין 10-11 D11LT (1) + מספריים מונופולר 5 מ""מ (1)",Expensive,2,6561.6478,3280.8239
PROGRIP ANTMCL 15X10CM-LEFT (1) + PROGRIP ANTMCL 15X10CM-RIGHT (1),Expensive,2,3569.8,1784.9
PROGRIP ANTMCL 15X10CM-LEFT (1) + PROGRIP ANTMCL 15X10CM-RIGHT (1) + PROGRIP FLAT SHEET MESH 15X10 (1) + אנדו קליפ 5 EL5ML (1) + בלון אמצעי T10SB (1) + בלון דו צדדי PDBS2 (1) + טרוקר ללא סכין 5 NB5STF (1) + סקשן איריגיישיין 5 (1),Expensive,2,8545.3336,4272.6668
PROGRIP ANTMCL 15X10CM-LEFT (1) + PROGRIP ANTMCL 15X10CM-RIGHT (1) + SURGICEL 10CM * 20CM (1) + אנדו קליפ 5 EL5ML (1) + בלון אמצעי T10SB (1) + בלון דו צדדי PDBS2 (1) + טאקר נספג-12 סיכות-ETHICON (1) + טרוקר ללא סכין 5 NB5STF (1) + סקשן איריגיישיין 5 (1),Expensive,2,9357.2444,4678.6222
PROGRIP ANTMCL 15X10CM-LEFT (1) + PROGRIP ANTMCL 15X10CM-RIGHT (1) + אנדו קליפ 5 EL5ML (1) + בלון אמצעי T10SB (1) + בלון דו צדדי PDBS2 (1) + טרוקר ללא סכין 5 NB5STF (1) + מספריים לאפ (1) + סקשן איריגיישיין 5 (1),Expensive,2,6766.205400000001,3383.1027000000004
PROGRIP ANTMCL 15X10CM-LEFT (1) + PROGRIP ANTMCL 15X10CM-RIGHT (1) + אנדו קליפ 5 EL5ML (1) + בלון אמצעי T10SB (1) + בלון דו צדדי PDBS2 (1) + טרוקר ללא סכין 5 NB5STF (1) + סקשן איריגיישיין 5 (1),Expensive,2,6762.9864,3381.4932
PROGRIP ANTMCL 15X10CM-LEFT (1) + PROGRIP ANTMCL 15X10CM-RIGHT (1) + בלון אמצעי T10SB (1) + בלון דו צדדי PDBS2 (1) + טרוקר ללא סכין 5 NB5STF (1) + סקשן איריגיישיין 5 (1),Expensive,2,5235.469,2617.7345
PROGRIP FLAT SHEET MESH 15X10 (1) + אנדו קליפ 5 EL5ML (1) + בלון אמצעי T10SB (1) + בלון דו צדדי PDBS2 (1) + טרוקר CFF03 - 5X100 (1) + טרוקר אקסל עם סכין 10-11 D11LT (1) + שרוול לטרוקר 5 - CFS02 (1),Expensive,2,5153.6089,2576.80445
PROGRIP FLAT SHEET MESH 15X10 (1) + טאקר נספג-25 סיכות-ETHICON (1) + טרוקר אקסל OPTI-5X100 (1) + טרוקר אקסל ללא סכין 11 B11LT (1),Expensive,2,4847.6,2423.8
ULTRAPRO ADVANCED MESH 10*15CM (1) + אנדו קליפ 5 176630 (1) + בלון אמצעי T10SB (1) + בלון דו צדדי PDBS2 (1) + טאקר נספג-12 סיכות-ETHICON (1) + טרוקר ללא סכין 5 NB5STF (1),Expensive,2,6282.942000000001,3141.4710000000005
3DMAX EX.LARGE 12X17-LEFT (1) + 3DMAX EX.LARGE 12X17-RIGHT (1) + CAPSURE טאקר 30 (1) + אנדו קליפ 5 EL5ML (1) + טרוקר אקסל OPTI-5X100 (1) + טרוקר אקסל ללא סכין 11 B11LT (1) + שרוול אקסל OPTI-5X100 (1),Cheap,1,3044.7255,3044.7255
3DMAX EX.LARGE 12X17-LEFT (1) + 3DMAX EX.LARGE 12X17-RIGHT (1) + VENTRALEX SMALL - 5950007 (1) + בלון דו צדדי PDBS2 (1) + שרוול אקסל OPTI-12X100 (1),Cheap,1,2600.7848,2600.7848
3DMAX EX.LARGE 12X17-LEFT (1) + 3DMAX EX.LARGE 12X17-RIGHT (1) + אנדו קלינצ 5 מ''מ (1) + אנדו קליפ 5 EL5ML (1) + בלון דו צדדי PDBS2 (1) + טרוקר אקסל OPTI-12X100 (1) + טרוקר אקסל OPTI-סכין-5X100 (1) + שרוול אקסל OPTI-5X100 (1),Cheap,1,2353.2691,2353.2691
3DMAX EX.LARGE 12X17-LEFT (1) + 3DMAX EX.LARGE 12X17-RIGHT (1) + אנדו קלינצ' 5 174317 (1) + אנדו קליפ 5 EL5ML (1) + בלון דו צדדי PDBS2 (1) + שרוול אקסל OPTI-12X100 (1),Cheap,1,2197.3909,2197.3909
3DMAX EX.LARGE 12X17-LEFT (1) + 3DMAX EX.LARGE 12X17-RIGHT (1) + בלון דו צדדי PDBS2 (1) + בלון חד צדדי PDB1000 (1) + שרוול אקסל 10-11  CB11LT (1),Cheap,1,1905.2062999999998,1905.2062999999998
3DMAX EX.LARGE 12X17-LEFT (1) + 3DMAX EX.LARGE 12X17-RIGHT (1) + בלון דו צדדי PDBS2 (1) + שרוול אקסל 10-11  CB11LT (1),Cheap,1,1439.7869999999998,1439.7869999999998
3DMAX EX.LARGE 12X17-LEFT (1) + 3DMAX EX.LARGE 12X17-RIGHT (1) + טאקר-10 סיכות MICROVAL (1) + טרוקר אקסל ללא סכין 11 B11LT (1) + טרוקר ללא סכין 5 NB5STF (1),Cheap,1,1818.5388,1818.5388
3DMAX EX.LARGE 12X17-LEFT (1) + 3DMAX EX.LARGE 12X17-RIGHT (1) + שרוול אקסל OPTI-12X100 (1),Cheap,1,1186.4774,1186.4774
3DMAX EX.LARGE 12X17-LEFT (1) + 3DMAX LARGE 10.8X16-RIGHT (1) + CAPSURE טאקר 30 (1) + טרוקר אקסל OPTI-5X100 (1) + טרוקר אקסל ללא סכין 11 B11LT (1) + ליגשור מרילנד ארוך - LF1937 (1) + שרוול אקסל OPTI-5X100 (1),Cheap,1,3582.0678,3582.0678
"3DMAX EX.LARGE 12X17-LEFT (1) + 3DMAX LARGE 10.8X16-RIGHT (1) + CLOSURE DEVICE (1) + LIQUIBAND FIX8 טאקר דבק (1) + VENTRALEX MEDIUM - 5950008 (1) + אטם סיליקון 5 מ""מ לטרוקר YP PL (1) + מספריים מונופולר 5 מ""מ (1)",Cheap,1,3451.8841,3451.8841
3DMAX EX.LARGE 12X17-LEFT (1) + 3DMAX LARGE 10.8X16-RIGHT (1) + LIQUIBAND FIX8 טאקר דבק (1) + טרוקר אקסל ללא סכין 11 B11LT (1) + טרוקר אקסל עם סכין 5 D5ST (1),Cheap,1,2173.8482999999997,2173.8482999999997
3DMAX EX.LARGE 12X17-RIGHT (1) + 3DMAX LARGE 10.8X16-LEFT (1) + 3DMAX LARGE 10.8X16-RIGHT (1) + SURGICEL SNOW 5CMX10CM (1) + אנדו קליפ 5 EL5ML (1) + טאקר נספג-12 סיכות-ETHICON (1) + שרוול אקסל 10-11  CB11LT (1),Cheap,1,3858.5356,3858.5356
3DMAX EX.LARGE 12X17-RIGHT (1) + 3DMAX LARGE 10.8X16-LEFT (1) + FILBLOC 90 3/0  - FU395HHFAB (1) + טאקר-10 סיכות MICROVAL (1) + טרוקר אקסל ללא סכין 11 B11LT (1) + טרוקר ללא סכין 5 NB5STF (1) + מספריים לאפ (1),Cheap,1,1843.7656,1843.7656
"3DMAX EX.LARGE 12X17-RIGHT (1) + 3DMAX LARGE 10.8X16-LEFT (1) + אנדו קלינצ' 5 174317 (1) + טאקר נספג-12 סיכות-ETHICON (1) + מספריים מונופולר 5 מ""מ (1) + שרוול אקסל 10-11  CB11LT (1)",Cheap,1,2459.1637,2459.1637
"3DMAX LARGE 10.8X16-LEFT (1) + 3DMAX LARGE 10.8X16-RIGHT (1) + 3DMAX LIGHT 10X 16CM - RIGHT (1) + LIQUIBAND FIX8 טאקר דבק (1) + אטם סיליקון 5 מ""מ לטרוקר YP PL (1) + טרוקר אקסל ללא סכין 11 B11LT (1)",Cheap,1,2456.1633,2456.1633
3DMAX LARGE 10.8X16-LEFT (1) + 3DMAX LARGE 10.8X16-RIGHT (1) + 3DMAX MEDIUM 8.5X13.7-LEFT (1) + טאקר נספג-12 סיכות-ETHICON (1) + שרוול אקסל 10-11  CB11LT (1),Cheap,1,2648.3054,2648.3054
"3DMAX LARGE 10.8X16-LEFT (1) + 3DMAX LARGE 10.8X16-RIGHT (1) + ANTI FOG (1) + CAPSURE טאקר 30 (1) + SOL. SEPTAL SCRUB 500ML (1) + SOL.ALCOHOL+CHLORHEXIDINE 0.5L (1) + טרוקר אקסל OPTI-5X100 (1) + מחט ורז 150 מ""מ - חד פעמי (1) + מספריים לאנדו (1) + שרוול אקסל OPTI-5X100 (1)",Cheap,1,2196.7528,2196.7528
3DMAX LARGE 10.8X16-LEFT (1) + 3DMAX LARGE 10.8X16-RIGHT (1) + CAPSURE טאקר 30 (1) + FILBLOC 90 3/0  - FU395HHFAB (1) + FILBLOC PDO 3/0 - FU395HHAB (1) + טרוקר אקסל OPTI-5X100 (1) + טרוקר אקסל ללא סכין 11 B11LT (1) + שרוול אקסל OPTI-5X100 (1),Cheap,1,2328.3852,2328.3852
3DMAX LARGE 10.8X16-LEFT (1) + 3DMAX LARGE 10.8X16-RIGHT (1) + CAPSURE טאקר 30 (1) + T.VAG.PROGESTERONE 100MG-ENDOM (1) + טרוקר אקסל OPTI-5X100 (1) + טרוקר אקסל ללא סכין 11 B11LT (1) + שרוול אקסל OPTI-5X100 (1),Cheap,1,2237.7617999999998,2237.7617999999998
"3DMAX LARGE 10.8X16-LEFT (1) + 3DMAX LARGE 10.8X16-RIGHT (1) + CAPSURE טאקר 30 (1) + אטם סיליקון 5 מ""מ לטרוקר YP PL (1) + אנדו קליפ 5 176630 (1) + טרוקר חסן 12 H12LP (1) + מספריים לאפ (1)",Cheap,1,2846.43,2846.43
"3DMAX LARGE 10.8X16-LEFT (1) + 3DMAX LARGE 10.8X16-RIGHT (1) + CAPSURE טאקר 30 (1) + אטם סיליקון 5 מ""מ לטרוקר YP PL (1) + אנדו קליפ 5 EL5ML (1) + טרוקר חסן 12 H12LP (1) + מספריים לאפ (1)",Cheap,1,2893.0695,2893.0695
"3DMAX LARGE 10.8X16-LEFT (1) + 3DMAX LARGE 10.8X16-RIGHT (1) + CAPSURE טאקר 30 (1) + אטם סיליקון 5 מ""מ לטרוקר YP PL (1) + אנדו קליפ 5 EL5ML (1) + טרוקר חסן 12 H12LP (1) + מספריים מונופולר 5 מ""מ (1) + סקשן איריגיישיין 5 (1)",Cheap,1,3076.9584,3076.9584
"3DMAX LARGE 10.8X16-LEFT (1) + 3DMAX LARGE 10.8X16-RIGHT (1) + CAPSURE טאקר 30 (1) + אטם סיליקון 5 מ""מ לטרוקר YP PL (1) + אנדו קליפ 5 EL5ML (1) + טרוקר חסן 12 H12LP (1) + סקשן איריגיישיין 5 (1)",Cheap,1,2988.0337,2988.0337
"3DMAX LARGE 10.8X16-LEFT (1) + 3DMAX LARGE 10.8X16-RIGHT (1) + CAPSURE טאקר 30 (1) + אטם סיליקון 5 מ""מ לטרוקר YP PL (1) + טרוקר חסן 12 H12LP (1) + מספריים לאפ (1)",Cheap,1,2165.8947,2165.8947
"3DMAX LARGE 10.8X16-LEFT (1) + 3DMAX LARGE 10.8X16-RIGHT (1) + CAPSURE טאקר 30 (1) + אטם סיליקון 5 מ""מ לטרוקר YP PL (1) + טרוקר חסן 12 H12LP (1) + מספריים לאפ (1) + סקשן איריגיישיין 5 (1)",Cheap,1,2190.0249,2190.0249
"3DMAX LARGE 10.8X16-LEFT (1) + 3DMAX LARGE 10.8X16-RIGHT (1) + CAPSURE טאקר 30 (1) + אטם סיליקון 5 מ""מ לטרוקר YP PL (1) + טרוקר חסן 12 H12LP (1) + מספריים מונופולר 5 מ""מ (1)",Cheap,1,2253.8194000000003,2253.8194000000003
3DMAX LARGE 10.8X16-LEFT (1) + 3DMAX LARGE 10.8X16-RIGHT (1) + CAPSURE טאקר 30 (1) + אנדו קליפ 10 ER-320 (1) + טרוקר אקסל OPTI-5X100 (1) + טרוקר אקסל ללא סכין 11 B11LT (1) + עפרון לדיאטרמיה+פאוצ' קשיח (1) + שרוול אקסל OPTI-5X100 (1),Cheap,1,2774.265,2774.265
3DMAX LARGE 10.8X16-LEFT (1) + 3DMAX LARGE 10.8X16-RIGHT (1) + CAPSURE טאקר 30 (1) + אנדו קליפ 5 176630 (1) + טרוקר אקסל ללא סכין 11 B11LT (1) + טרוקר ללא סכין 5 NB5STF (1) + מספריים לאפ (1),Cheap,1,2838.0485,2838.0485
3DMAX LARGE 10.8X16-LEFT (1) + 3DMAX LARGE 10.8X16-RIGHT (1) + CAPSURE טאקר 30 (1) + אנדו קליפ 5 176630 (1) + טרוקר חסן 12 H12LP (1) + מספריים לאפ (1),Cheap,1,2758.0485,2758.0485
3DMAX LARGE 10.8X16-LEFT (1) + 3DMAX LARGE 10.8X16-RIGHT (1) + CAPSURE טאקר 30 (1) + אנדו קליפ 5 EL5ML (1) + בלון אמצעי T10SB (1) + בלון דו צדדי PDBS2 (1),Cheap,1,3367.6509,3367.6509
3DMAX LARGE 10.8X16-LEFT (1) + 3DMAX LARGE 10.8X16-RIGHT (1) + CAPSURE טאקר 30 (1) + אנדו קליפ 5 EL5ML (1) + טרוקר אקסל OPTI-5X100 (1) + טרוקר אקסל ללא סכין 11 B11LT (1) + שרוול אקסל OPTI-5X100 (1),Cheap,1,2997.5164,2997.5164
"3DMAX LARGE 10.8X16-LEFT (1) + 3DMAX LARGE 10.8X16-RIGHT (1) + CAPSURE טאקר 30 (1) + בלון אמצעי T10SB (1) + בלון דו צדדי PDBS2 (1) + טרוקר CFF33 - 11X100 (1) + מספריים מונופולר 5 מ""מ (1)",Cheap,1,2783.8509,2783.8509
3DMAX LARGE 10.8X16-LEFT (1) + 3DMAX LARGE 10.8X16-RIGHT (1) + CAPSURE טאקר 30 (1) + בלון אמצעי T10SB (1) + בלון דו צדדי PDBS2 (1) + טרוקר אקסל OPTI-סכין-5X100 (1) + טרוקר אקסל עם סכין 10-11 D11LT (1) + שרוול אקסל OPTI-5X100 (1),Cheap,1,2985.5384,2985.5384
"3DMAX LARGE 10.8X16-LEFT (1) + 3DMAX LARGE 10.8X16-RIGHT (1) + CAPSURE טאקר 30 (1) + בלון אמצעי T10SB (1) + בלון דו צדדי PDBS2 (1) + מספריים מונופולר 5 מ""מ (1)",Cheap,1,2686.0858,2686.0858
3DMAX LARGE 10.8X16-LEFT (1) + 3DMAX LARGE 10.8X16-RIGHT (1) + CAPSURE טאקר 30 (1) + טאקר נספג - 15 סיכות (1) + טרוקר אקסל OPTI-5X100 (1) + טרוקר אקסל ללא סכין 11 B11LT (1) + שרוול אקסל 10-11  CB11LT (1),Cheap,1,3084.9727000000003,3084.9727000000003
3DMAX LARGE 10.8X16-LEFT (1) + 3DMAX LARGE 10.8X16-RIGHT (1) + CAPSURE טאקר 30 (1) + טאקר נספג - 15 סיכות (1) + טרוקר אקסל OPTI-5X100 (1) + טרוקר אקסל ללא סכין 11 B11LT (1) + שרוול אקסל OPTI-5X100 (1),Cheap,1,2934.2186,2934.2186
3DMAX LARGE 10.8X16-LEFT (1) + 3DMAX LARGE 10.8X16-RIGHT (1) + CAPSURE טאקר 30 (1) + טרוקר אקסל OPTI-5X100 (1) + טרוקר אקסל OPTI-סכין-5X100 (1) + טרוקר אקסל ללא סכין 11 B11LT (1) + טרוקר אקסל עם סכין 10-11 D11LT (1) + שרוול אקסל OPTI-5X100 (1),Cheap,1,2284.2186,2284.2186
3DMAX LARGE 10.8X16-LEFT (1) + 3DMAX LARGE 10.8X16-RIGHT (1) + CAPSURE טאקר 30 (1) + טרוקר אקסל OPTI-5X100 (1) + שרוול אקסל OPTI-5X100 (1),Cheap,1,2209.9727000000003,2209.9727000000003
3DMAX LARGE 10.8X16-LEFT (1) + 3DMAX LARGE 10.8X16-RIGHT (1) + CAPSURE טאקר 30 (1) + טרוקר אקסל OPTI-סכין-5X100 (1) + טרוקר אקסל ללא סכין 11 B11LT (1) + טרוקר אקסל עם סכין 10-11 D11LT (1) + שרוול אקסל OPTI-5X100 (1),Cheap,1,2310.0343,2310.0343
"3DMAX LARGE 10.8X16-LEFT (1) + 3DMAX LARGE 10.8X16-RIGHT (1) + CLOSURE DEVICE (1) + LIQUIBAND FIX8 טאקר דבק (1) + אטם סיליקון 5 מ""מ לטרוקר YP PL (1) + אנדו קליפ 5 EL5ML (1) + טרוקר אקסל ללא סכין 11 B11LT (1) + מספריים מונופולר 5 מ""מ (1)",Cheap,1,2912.9213999999997,2912.9213999999997
3DMAX LARGE 10.8X16-LEFT (1) + 3DMAX LARGE 10.8X16-RIGHT (1) + CLOSURE DEVICE (1) + LIQUIBAND FIX8 טאקר דבק (1) + טרוקר אקסל ללא סכין 11 B11LT (1) + מספריים לאפ (1),Cheap,1,1969.7846,1969.7846
3DMAX LARGE 10.8X16-LEFT (1) + 3DMAX LARGE 10.8X16-RIGHT (1) + CLOSURE DEVICE (1) + טרוקר אקסל ללא סכין 11 B11LT (1) + מספריים לאפ (1),Cheap,1,968.7746,968.7746
"3DMAX LARGE 10.8X16-LEFT (1) + 3DMAX LARGE 10.8X16-RIGHT (1) + ENDO BAG 5X7IN (1) + LIQUIBAND FIX8 טאקר דבק (1) + אטם סיליקון 5 מ""מ לטרוקר YP PL (1) + אנדו קליפ 5 EL5ML (1) + טרוקר אקסל עם סכין 10-11 D11LT (1)",Cheap,1,2775.0431,2775.0431
3DMAX LARGE 10.8X16-LEFT (1) + 3DMAX LARGE 10.8X16-RIGHT (1) + FILBLOC 90 3/0  - FU395HHFAB (1) + FILBLOC PDO 3/0 - FU395HHAB (1) + אנדו קליפ 5 EL5ML (1) + בלון להרניה עגול - SMBTTRNDX (1) + טאקר נטען-20 סיכות MICROVAL (1) + טרוקר אקסל ללא סכין 11 B11LT (1),Cheap,1,3576.0368,3576.0368
3DMAX LARGE 10.8X16-LEFT (1) + 3DMAX LARGE 10.8X16-RIGHT (1) + FILBLOC PDO 2/0 - FS412HHAB (1) + אנדו קליפ 5 EL5ML (1) + בלון להרניה עגול - SMBTTRNDX (1) + טאקר נטען-20 סיכות MICROVAL (1),Cheap,1,3334.9304,3334.9304
3DMAX LARGE 10.8X16-LEFT (1) + 3DMAX LARGE 10.8X16-RIGHT (1) + GLUBRAN2-SURGICAL GLUE-0.5ML (1) + GLUBRAN2-SURGICAL GLUE-1ML (1) + GLUTACK DEVICE 25 DROPS (1) + GLUTACK DEVICE 50 DROPS (1) + אנדו קליפ 5 EL5ML (1) + שרוול אקסל 10-11  CB11LT (1),Cheap,1,3988.9066000000003,3988.9066000000003
"3DMAX LARGE 10.8X16-LEFT (1) + 3DMAX LARGE 10.8X16-RIGHT (1) + GLUBRAN2-SURGICAL GLUE-1ML (1) + GLUTACK DEVICE 50 DROPS (1) + VENTRALEX SMALL - 5950007 (1) + אנדו קליפ 5 EL5ML (1) + מחט ורז 120 מ""מ - חד פעמי (1) + שרוול אקסל 10-11  CB11LT (1)",Cheap,1,4419.902099999999,4419.902099999999
3DMAX LARGE 10.8X16-LEFT (1) + 3DMAX LARGE 10.8X16-RIGHT (1) + GLUBRAN2-SURGICAL GLUE-1ML (1) + GLUTACK DEVICE 50 DROPS (1) + אנדו קליפ 5 EL5ML (1) + טאקר נספג-12 סיכות-ETHICON (1) + טרוקר אקסל עם סכין 10-11 D11LT (1),Cheap,1,4479.8914,4479.8914
3DMAX LARGE 10.8X16-LEFT (1) + 3DMAX LARGE 10.8X16-RIGHT (1) + GLUBRAN2-SURGICAL GLUE-1ML (1) + GLUTACK DEVICE 50 DROPS (1) + אנדו קליפ 5 EL5ML (1) + טאקר נספג-12 סיכות-ETHICON (1) + שרוול אקסל 10-11  CB11LT (1),Cheap,1,4444.2262,4444.2262
3DMAX LARGE 10.8X16-LEFT (1) + 3DMAX LARGE 10.8X16-RIGHT (1) + GLUBRAN2-SURGICAL GLUE-1ML (1) + GLUTACK DEVICE 50 DROPS (1) + אנדו קליפ 5 EL5ML (1) + מספריים לאפ (1) + שרוול אקסל 10-11  CB11LT (1),Cheap,1,3148.7519,3148.7519
"3DMAX LARGE 10.8X16-LEFT (1) + 3DMAX LARGE 10.8X16-RIGHT (1) + GLUBRAN2-SURGICAL GLUE-1ML (1) + GLUTACK DEVICE 50 DROPS (1) + כיסוי מצלמה לפרסקופית (1) + מזרק 20 מ""ל (1) + סטרי-סטריפ 1/2 (1) + פלטה דיאט. ללא כבל-מבוגר (1) + שרוול אקסל 10-11  CB11LT (1)",Cheap,1,2442.0294,2442.0294
3DMAX LARGE 10.8X16-LEFT (1) + 3DMAX LARGE 10.8X16-RIGHT (1) + GLUBRAN2-SURGICAL GLUE-1ML (1) + GLUTACK DEVICE 50 DROPS (1) + מספריים לאפ (1) + שרוול אקסל 10-11  CB11LT (1),Cheap,1,2386.27,2386.27
3DMAX LARGE 10.8X16-LEFT (1) + 3DMAX LARGE 10.8X16-RIGHT (1) + GLUTACK DEVICE 50 DROPS (1) + VENTRALEX SMALL - 5950007 (1) + אנדו קליפ 5 EL5ML (1) + שרוול אקסל 10-11  CB11LT (1),Cheap,1,3956.8925,3956.8925
3DMAX LARGE 10.8X16-LEFT (1) + 3DMAX LARGE 10.8X16-RIGHT (1) + GLUTACK DEVICE 50 DROPS (1) + אנדו קליפ 5 EL5ML (1) + מספריים לאפ (1) + שרוול אקסל 10-11  CB11LT (1),Cheap,1,2678.2905,2678.2905
3DMAX LARGE 10.8X16-LEFT (1) + 3DMAX LARGE 10.8X16-RIGHT (1) + GLUTACK DEVICE 50 DROPS (1) + טרוקר אקסל ללא סכין 11 B11LT (1),Cheap,1,1914.8082,1914.8082
3DMAX LARGE 10.8X16-LEFT (1) + 3DMAX LARGE 10.8X16-RIGHT (1) + GLUTACK DEVICE 50 DROPS (1) + שרוול אקסל 10-11  CB11LT (1),Cheap,1,1987.5376999999999,1987.5376999999999
"3DMAX LARGE 10.8X16-LEFT (1) + 3DMAX LARGE 10.8X16-RIGHT (1) + LIQUIBAND FIX8 טאקר דבק (1) + UMBIL.HERNIA MESH DIA 7 (1) + VENTRALEX SMALL - 5950007 (1) + אטם סיליקון 5 מ""מ לטרוקר YP PL (1) + טרוקר אקסל ללא סכין 11 B11LT (1) + טרוקר חסן 12 H12LP (1)",Cheap,1,4523.8503,4523.8503
3DMAX LARGE 10.8X16-LEFT (1) + 3DMAX LARGE 10.8X16-RIGHT (1) + LIQUIBAND FIX8 טאקר דבק (1) + V-LOC 2/0 R.B.26-VLOCL2105 (1) + אנדו קליפ 5 176630 (1) + טרוקר אקסל ללא סכין 11 B11LT (1) + מספריים לאפ (1),Cheap,1,2813.8378,2813.8378
"3DMAX LARGE 10.8X16-LEFT (1) + 3DMAX LARGE 10.8X16-RIGHT (1) + LIQUIBAND FIX8 טאקר דבק (1) + VENTRALEX MEDIUM - 5950008 (1) + אטם סיליקון 5 מ""מ לטרוקר YP PL (1) + טרוקר אקסל ללא סכין 11 B11LT (1) + טרוקר חסן 12 H12LP (1)",Cheap,1,3425.6902,3425.6902
3DMAX LARGE 10.8X16-LEFT (1) + 3DMAX LARGE 10.8X16-RIGHT (1) + LIQUIBAND FIX8 טאקר דבק (1) + VENTRALEX MEDIUM - 5950008 (1) + אנדו קליפ 5 176630 (1) + טרוקר חסן 12 H12LP (1) + מספריים לאפ (1),Cheap,1,4024.4545,4024.4545
"3DMAX LARGE 10.8X16-LEFT (1) + 3DMAX LARGE 10.8X16-RIGHT (1) + LIQUIBAND FIX8 טאקר דבק (1) + VENTRALEX MEDIUM - 5950008 (1) + טרוקר אקסל ללא סכין 11 B11LT (1) + טרוקר חסן 12 H12LP (1) + מספריים מונופולר 5 מ""מ (1)",Cheap,1,3404.2316,3404.2316
"3DMAX LARGE 10.8X16-LEFT (1) + 3DMAX LARGE 10.8X16-RIGHT (1) + LIQUIBAND FIX8 טאקר דבק (1) + VENTRALEX SMALL - 5950007 (1) + אטם סיליקון 5 מ""מ לטרוקר YP PL (1) + אנדו קליפ 5 176630 (1) + טרוקר חסן 12 H12LP (1) + מספריים לאפ (1)",Cheap,1,4031.3266,4031.3266
"3DMAX LARGE 10.8X16-LEFT (1) + 3DMAX LARGE 10.8X16-RIGHT (1) + LIQUIBAND FIX8 טאקר דבק (1) + VENTRALEX SMALL - 5950007 (1) + אטם סיליקון 5 מ""מ לטרוקר YP PL (1) + אנדו קליפ 5 EL5ML (1) + טרוקר אקסל ללא סכין 11 B11LT (1) + טרוקר חסן 12 H12LP (1) + מספריים מונופולר 5 מ""מ (1)",Cheap,1,4176.9313999999995,4176.9313999999995
"3DMAX LARGE 10.8X16-LEFT (1) + 3DMAX LARGE 10.8X16-RIGHT (1) + LIQUIBAND FIX8 טאקר דבק (1) + VENTRALEX SMALL - 5950007 (1) + אטם סיליקון 5 מ""מ לטרוקר YP PL (1) + טרוקר חסן 12 H12LP (1) + מספריים לאפ (1)",Cheap,1,3225.6153,3225.6153
3DMAX LARGE 10.8X16-LEFT (1) + 3DMAX LARGE 10.8X16-RIGHT (1) + LIQUIBAND FIX8 טאקר דבק (1) + VERSAONE BLADED TROCAR WITH FI (1) + אנדו קליפ 5 EL5ML (1) + טרוקר אקסל ללא סכין 11 B11LT (1),Cheap,1,2863.1967999999997,2863.1967999999997
"3DMAX LARGE 10.8X16-LEFT (1) + 3DMAX LARGE 10.8X16-RIGHT (1) + LIQUIBAND FIX8 טאקר דבק (1) + אטם סיליקון 5 מ""מ לטרוקר YP PL (2) + טרוקר אקסל ללא סכין 11 B11LT (1)",Cheap,1,2046.6858,2046.6858
3DMAX LARGE 10.8X16-LEFT (1) + 3DMAX LARGE 10.8X16-RIGHT (1) + LIQUIBAND FIX8 טאקר דבק (1) + אנדו קליפ 5 176630 (1) + טרוקר אקסל ללא סכין 11 B11LT (1) + מספריים לאפ (1),Cheap,1,2724.7545,2724.7545
3DMAX LARGE 10.8X16-LEFT (1) + 3DMAX LARGE 10.8X16-RIGHT (1) + LIQUIBAND FIX8 טאקר דבק (1) + טאקר-10 סיכות MICROVAL (1) + טרוקר אקסל ללא סכין 11 B11LT (1) + טרוקר ללא סכין 5 NB5STF (1),Cheap,1,2672.513,2672.513
3DMAX LARGE 10.8X16-LEFT (1) + 3DMAX LARGE 10.8X16-RIGHT (1) + LIQUIBAND FIX8 טאקר דבק (1) + טאקר-10 סיכות MICROVAL (1) + טרוקר אקסל ללא סכין 11 B11LT (1) + טרוקר ללא סכין 5 NB5STF (1) + סקשן איריגיישיין 5 (1),Cheap,1,2721.4091,2721.4091
3DMAX LARGE 10.8X16-LEFT (1) + 3DMAX LARGE 10.8X16-RIGHT (1) + LIQUIBAND FIX8 טאקר דבק (1) + טרוקר אקסל ללא סכין 11 B11LT (1) + טרוקר אקסל עם סכין 5 D5ST (1),Cheap,1,2025.9245999999998,2025.9245999999998
3DMAX LARGE 10.8X16-LEFT (1) + 3DMAX LARGE 10.8X16-RIGHT (1) + LIQUIBAND FIX8 טאקר דבק (1) + טרוקר אקסל ללא סכין 11 B11LT (1) + טרוקר ללא סכין 5 NB5STF (1) + סקשן איריגיישיין 5 (1),Cheap,1,2141.2225,2141.2225
3DMAX LARGE 10.8X16-LEFT (1) + 3DMAX LARGE 10.8X16-RIGHT (1) + LIQUIBAND FIX8 טאקר דבק (1) + טרוקר אקסל ללא סכין 11 B11LT (1) + שרוול אקסל OPTI-5X100 (1),Cheap,1,2025.9245999999998,2025.9245999999998
3DMAX LARGE 10.8X16-LEFT (1) + 3DMAX LARGE 10.8X16-RIGHT (1) + MAX.0 R.B 27 -6456-61 (1) + MONOCRYL-P.3/0 R.C 19 -MCP497H (1) + אנדו קליפ 5 EL5ML (1) + טאקר נספג-12 סיכות-ETHICON (1) + שרוול אקסל 10-11  CB11LT (1),Cheap,1,3069.4638,3069.4638
3DMAX LARGE 10.8X16-LEFT (1) + 3DMAX LARGE 10.8X16-RIGHT (1) + SURGICEL 10CM * 20CM (1) + V-LOC 3/0 R.B.26-VLOCM0604 (1) + טאקר-10 סיכות MICROVAL (1) + טרוקר אקסל OPTI-5X100 (1) + טרוקר אקסל ללא סכין 11 B11LT (1) + מספריים לאפ (1) + סקשן איריגיישיין 5 (1) + שרוול אקסל OPTI-5X100 (1),Cheap,1,1925.1714,1925.1714
3DMAX LARGE 10.8X16-LEFT (1) + 3DMAX LARGE 10.8X16-RIGHT (1) + SURGICEL 10CM * 20CM (1) + אנדו קליפ 5 EL5ML (1) + טאקר נספג-12 סיכות-ETHICON (1) + שרוול אקסל 10-11  CB11LT (1),Cheap,1,3025.4907000000003,3025.4907000000003
3DMAX LARGE 10.8X16-LEFT (1) + 3DMAX LARGE 10.8X16-RIGHT (1) + SURGICEL SNOW 5CMX10CM (1) + אנדו קליפ 5 EL5ML (1) + טאקר נספג-12 סיכות-ETHICON (1) + שרוול אקסל 10-11  CB11LT (1),Cheap,1,3248.5349,3248.5349
3DMAX LARGE 10.8X16-LEFT (1) + 3DMAX LARGE 10.8X16-RIGHT (1) + SURGICEL SNOW 5CMX10CM (1) + טאקר נספג-12 סיכות-ETHICON (1) + שרוול אקסל 10-11  CB11LT (1),Cheap,1,2515.9446,2515.9446
3DMAX LARGE 10.8X16-LEFT (1) + 3DMAX LARGE 10.8X16-RIGHT (1) + V-LOC 2/0 R.B.30-VLOCM1545 (1) + V-LOC 3/0 R.B.17-VLOCM0804 (1) + V-LOC 3/0 R.B.26-VLOCM0604 (1) + טאקר נספג - 30 סיכות (1) + טרוקר אקסל עם סכין 10-11 D11LT (1) + טרוקר אקסל עם סכין 5 D5ST (1) + מספריים לאפ (1) + סקשן איריגיישיין 5 (1),Cheap,1,2854.4462000000003,2854.4462000000003
3DMAX LARGE 10.8X16-LEFT (1) + 3DMAX LARGE 10.8X16-RIGHT (1) + V-LOC 3/0 R.B.26-VLOCL0644 (1) + אנדו קליפ 5 176630 (1) + טאקר נספג - 15 סיכות (1) + טרוקר אקסל עם סכין 10-11 D11LT (1) + טרוקר אקסל עם סכין 5 D5ST (1) + סקשן איריגיישיין 5 (1),Cheap,1,2743.7123,2743.7123
"3DMAX LARGE 10.8X16-LEFT (1) + 3DMAX LARGE 10.8X16-RIGHT (1) + V-LOC 3/0 R.B.26-VLOCM0604 (1) + טאקר נספג - 15 סיכות (1) + טרוקר אקסל ללא סכין 11 B11LT (1) + טרוקר אקסל עם סכין 5 D5ST (1) + מספריים מונופולר 5 מ""מ (1)",Cheap,1,1992.6048999999998,1992.6048999999998
"3DMAX LARGE 10.8X16-LEFT (1) + 3DMAX LARGE 10.8X16-RIGHT (1) + V-LOC 3/0 R.B.26-VLOCM0604 (1) + טאקר נספג - 15 סיכות (1) + טרוקר אקסל עם סכין 10-11 D11LT (1) + טרוקר אקסל עם סכין 5 D5ST (1) + מספריים מונופולר 5 מ""מ (1)",Cheap,1,1937.4951,1937.4951
3DMAX LARGE 10.8X16-LEFT (1) + 3DMAX LARGE 10.8X16-RIGHT (1) + V-LOC 3/0 R.B.26-VLOCM0604 (1) + טאקר-10 סיכות MICROVAL (1) + טרוקר אקסל OPTI-5X100 (1) + טרוקר אקסל ללא סכין 11 B11LT (1) + מספריים לאפ (1) + סקשן איריגיישיין 5 (1) + שרוול אקסל OPTI-5X100 (1),Cheap,1,1880.4823999999999,1880.4823999999999
3DMAX LARGE 10.8X16-LEFT (1) + 3DMAX LARGE 10.8X16-RIGHT (1) + V-LOC 3/0 R.B.26-VLOCM0604 (1) + טאקר-10 סיכות MICROVAL (1) + טרוקר אקסל ללא סכין 11 B11LT (1) + טרוקר ללא סכין 5 NB5STF (1) + מספריים לאפ (1),Cheap,1,1753.5979,1753.5979
3DMAX LARGE 10.8X16-LEFT (1) + 3DMAX LARGE 10.8X16-RIGHT (1) + V-LOC 3/0 R.B.26-VLOCM0604 (1) + טאקר-10 סיכות MICROVAL (1) + טרוקר אקסל ללא סכין 11 B11LT (1) + טרוקר ללא סכין 5 NB5STF (1) + מספריים לאפ (1) + סקשן איריגיישיין 5 (1),Cheap,1,1870.9862,1870.9862
3DMAX LARGE 10.8X16-LEFT (1) + 3DMAX LARGE 10.8X16-RIGHT (1) + VENTRALEX MEDIUM - 5950008 (1) + אנדו קלינצ 5 מ''מ (1) + טאקר נספג-12 סיכות-ETHICON (1) + מספריים לאפ (1) + שרוול אקסל 10-11  CB11LT (1),Cheap,1,3502.7646000000004,3502.7646000000004
3DMAX LARGE 10.8X16-LEFT (1) + 3DMAX LARGE 10.8X16-RIGHT (1) + VENTRALEX MEDIUM - 5950008 (1) + טאקר נספג-12 סיכות-ETHICON (1) + טרוקר אקסל עם סכין 10-11 D11LT (1),Cheap,1,3500.7646,3500.7646
3DMAX LARGE 10.8X16-LEFT (1) + 3DMAX LARGE 10.8X16-RIGHT (1) + VENTRALEX SMALL - 5950007 (1) + אנדו קליפ 5 EL5ML (1) + בלון דו צדדי PDBS2 (1) + שרוול אקסל OPTI-12X100 (1),Cheap,1,3278.0568,3278.0568
3DMAX LARGE 10.8X16-LEFT (1) + 3DMAX LARGE 10.8X16-RIGHT (1) + VERSAONE BLADED TROCAR WITH FI (1) + טאקר-10 סיכות MICROVAL (1) + טרוקר אקסל OPTI-12X100 (1) + מספריים לאפ (1) + סקשן איריגיישיין 5 (1),Cheap,1,1721.3991,1721.3991
3DMAX LARGE 10.8X16-LEFT (1) + 3DMAX LARGE 10.8X16-RIGHT (1) + VERSAONE BLADED TROCAR WITH FI (1) + טאקר-10 סיכות MICROVAL (1) + טרוקר אקסל ללא סכין 11 B11LT (1) + טרוקר ללא סכין 5 NB5STF (1) + מספריים לאפ (1),Cheap,1,1761.7676,1761.7676
"3DMAX LARGE 10.8X16-LEFT (1) + 3DMAX LARGE 10.8X16-RIGHT (1) + אנדו קלינצ 5 מ''מ (1) + אנדו קליפ 5 EL5ML (1) + טאקר נספג-12 סיכות-ETHICON (1) + טרוקר אקסל OPTI-סכין-5X100 (1) + טרוקר אקסל עם סכין 10-11 D11LT (1) + מספריים מונופולר 5 מ""מ (1) + שרוול אקסל 10-11  CB11LT (1) + שרוול אקסל OPTI-5X100 (1)",Cheap,1,3290.7545,3290.7545
"3DMAX LARGE 10.8X16-LEFT (1) + 3DMAX LARGE 10.8X16-RIGHT (1) + אנדו קלינצ 5 מ''מ (1) + אנדו קליפ 5 EL5ML (1) + טאקר נספג-12 סיכות-ETHICON (1) + כיסוי מצלמה לפרסקופית (1) + מזרק 20 מ""ל (1) + מספריים מונופולר 5 מ""מ (1) + סטרי-סטריפ 1/2 (1) + פלטה דיאט. ללא כבל-מבוגר (1) + שרוול אקסל 10-11  CB11LT (1)",Cheap,1,3077.5475,3077.5475
"3DMAX LARGE 10.8X16-LEFT (1) + 3DMAX LARGE 10.8X16-RIGHT (1) + אנדו קלינצ 5 מ''מ (1) + אנדו קליפ 5 EL5ML (1) + טאקר נספג-12 סיכות-ETHICON (1) + מספריים מונופולר 5 מ""מ (1) + שרוול אקסל 10-11  CB11LT (1)",Cheap,1,3065.7545,3065.7545
3DMAX LARGE 10.8X16-LEFT (1) + 3DMAX LARGE 10.8X16-RIGHT (1) + אנדו קלינצ 5 מ''מ (1) + טאקר נספג - 15 סיכות (1) + טרוקר CFF03 - 5X100 (1) + טרוקר אקסל ללא סכין 11 B11LT (1) + שרוול לטרוקר 5 - CFS02 (1),Cheap,1,1949.8043,1949.8043
3DMAX LARGE 10.8X16-LEFT (1) + 3DMAX LARGE 10.8X16-RIGHT (1) + אנדו קליפ 10 176625 (1) + טאקר נספג-25 סיכות-ETHICON (1) + טרוקר אקסל OPTI-5X100 (1) + טרוקר אקסל ללא סכין 11 B11LT (1) + שרוול אקסל 10-11  CB11LT (1),Cheap,1,3102.7367,3102.7367
3DMAX LARGE 10.8X16-LEFT (1) + 3DMAX LARGE 10.8X16-RIGHT (1) + אנדו קליפ 5 176630 (1) + בלון להרניה עגול - SMBTTRNDX (1) + טאקר נטען-20 סיכות MICROVAL (1),Cheap,1,3268.4999,3268.4999
"3DMAX LARGE 10.8X16-LEFT (1) + 3DMAX LARGE 10.8X16-RIGHT (1) + אנדו קליפ 5 176630 (1) + טאקר-10 סיכות MICROVAL (1) + טרוקר CFF03 - 5X100 (1) + טרוקר אקסל ללא סכין 11 B11LT (1) + טרוקר ללא סכין 5 NB5STF (1) + מספריים מונופולר 5 מ""מ (1) + סקשן איריגיישיין 5 (1) + שרוול לטרוקר 5 - CFS02 (1)",Cheap,1,2721.5832,2721.5832
3DMAX LARGE 10.8X16-LEFT (1) + 3DMAX LARGE 10.8X16-RIGHT (1) + אנדו קליפ 5 176630 (1) + טאקר-10 סיכות MICROVAL (1) + טרוקר אקסל ללא סכין 11 B11LT (1) + טרוקר ללא סכין 5 NB5STF (1),Cheap,1,2444.3329,2444.3329
"3DMAX LARGE 10.8X16-LEFT (1) + 3DMAX LARGE 10.8X16-RIGHT (1) + אנדו קליפ 5 176630 (1) + טאקר-10 סיכות MICROVAL (1) + טרוקר אקסל ללא סכין 11 B11LT (1) + טרוקר ללא סכין 5 NB5STF (1) + מספריים מונופולר 5 מ""מ (1) + סקשן איריגיישיין 5 (1)",Cheap,1,2571.836,2571.836
3DMAX LARGE 10.8X16-LEFT (1) + 3DMAX LARGE 10.8X16-RIGHT (1) + אנדו קליפ 5 EL5ML (1) + בלון אמצעי T10SB (1) + בלון דו צדדי PDBS2 (1) + שרוול אקסל OPTI-12X100 (1),Cheap,1,2478.1368,2478.1368
"3DMAX LARGE 10.8X16-LEFT (1) + 3DMAX LARGE 10.8X16-RIGHT (1) + אנדו קליפ 5 EL5ML (1) + בלון להרניה עגול - SMBTTRNDX (1) + טאקר נטען-20 סיכות MICROVAL (1) + כיסוי מצלמה לפרסקופית (1) + מזרק 20 מ""ל (1) + סטרי-סטריפ 1/2 (1) + פלטה דיאט. ללא כבל-מבוגר (1)",Cheap,1,3216.0347,3216.0347
"3DMAX LARGE 10.8X16-LEFT (1) + 3DMAX LARGE 10.8X16-RIGHT (1) + אנדו קליפ 5 EL5ML (1) + טאקר נספג-12 סיכות-ETHICON (1) + כיסוי מצלמה לפרסקופית (1) + מזרק 20 מ""ל (1) + סטרי-סטריפ 1/2 (1) + פלטה דיאט. ללא כבל-מבוגר (1) + שרוול אקסל 10-11  CB11LT (1)",Cheap,1,3012.8642,3012.8642
"3DMAX LARGE 10.8X16-LEFT (1) + 3DMAX LARGE 10.8X16-RIGHT (1) + אנדו קליפ 5 EL5ML (1) + טאקר נספג-12 סיכות-ETHICON (1) + מספריים מונופולר 5 מ""מ (1) + שרוול אקסל 10-11  CB11LT (1)",Cheap,1,3044.4664000000002,3044.4664000000002
3DMAX LARGE 10.8X16-LEFT (1) + 3DMAX LARGE 10.8X16-RIGHT (1) + אנדו קליפ 5 EL5ML (1) + טאקר נספג-25 סיכות-ETHICON (1) + טרוקר אקסל OPTI-5X100 (1) + טרוקר אקסל ללא סכין 11 B11LT (1),Cheap,1,3206.6269,3206.6269
3DMAX LARGE 10.8X16-LEFT (1) + 3DMAX LARGE 10.8X16-RIGHT (1) + אנדו קליפ 5 EL5ML (1) + טאקר נספג-25 סיכות-ETHICON (1) + טרוקר אקסל OPTI-5X100 (1) + טרוקר אקסל ללא סכין 11 B11LT (1) + מספריים לאפ (1) + סקשן איריגיישיין 5 (1) + שרוול אקסל OPTI-5X100 (1),Cheap,1,3301.6314,3301.6314
3DMAX LARGE 10.8X16-LEFT (1) + 3DMAX LARGE 10.8X16-RIGHT (1) + אנדו קליפ 5 EL5ML (1) + טאקר נספג-25 סיכות-ETHICON (1) + שרוול אקסל 10-11  CB11LT (1),Cheap,1,3163.5368,3163.5368
3DMAX LARGE 10.8X16-LEFT (1) + 3DMAX LARGE 10.8X16-RIGHT (1) + אנדו קליפ 5 EL5ML (1) + טאקר-10 סיכות MICROVAL (1) + טרוקר אקסל OPTI-5X100 (1) + טרוקר אקסל ללא סכין 11 B11LT (1) + שרוול אקסל OPTI-5X100 (1),Cheap,1,2565.7868,2565.7868
3DMAX LARGE 10.8X16-LEFT (1) + 3DMAX LARGE 10.8X16-RIGHT (1) + אנדו קליפ 5 EL5ML (1) + טאקר-10 סיכות MICROVAL (1) + טרוקר אקסל ללא סכין 11 B11LT (1) + טרוקר ללא סכין 5 NB5STF (1) + מספריים לאפ (1),Cheap,1,2426.9992,2426.9992
3DMAX LARGE 10.8X16-LEFT (1) + 3DMAX LARGE 10.8X16-RIGHT (1) + בלון אמצעי T10SB (1) + בלון דו צדדי PDBS2 (1) + טאקר נטען-20 סיכות MICROVAL (1) + טרוקר אקסל OPTI-סכין-5X100 (1) + שרוול אקסל OPTI-5X100 (1),Cheap,1,2643.181,2643.181
3DMAX LARGE 10.8X16-LEFT (1) + 3DMAX LARGE 10.8X16-RIGHT (1) + בלון להרניה עגול - SMBTTRNDX (1) + טאקר נטען-20 סיכות MICROVAL (1) + טרוקר אקסל עם סכין 10-11 D11LT (1),Cheap,1,2569.292,2569.292
3DMAX LARGE 10.8X16-LEFT (1) + 3DMAX LARGE 10.8X16-RIGHT (1) + טאקר נספג - 15 סיכות (1) + טרוקר CFF03 - 5X100 (1) + טרוקר אקסל ללא סכין 11 B11LT (1) + שרוול לטרוקר 5 - CFS02 (1),Cheap,1,1866.0509,1866.0509
3DMAX LARGE 10.8X16-LEFT (1) + 3DMAX LARGE 10.8X16-RIGHT (1) + טאקר נספג - 30 סיכות (1) + טרוקר אקסל ללא סכין 11 B11LT (1) + טרוקר ללא סכין 5 NB5STF (1),Cheap,1,2499.9146,2499.9146
"3DMAX LARGE 10.8X16-LEFT (1) + 3DMAX LARGE 10.8X16-RIGHT (1) + טאקר נספג-12 סיכות-ETHICON (1) + מחט ורז 120 מ""מ - חד פעמי (1) + שרוול אקסל 10-11  CB11LT (1)",Cheap,1,2291.0420000000004,2291.0420000000004
"3DMAX LARGE 10.8X16-LEFT (1) + 3DMAX LARGE 10.8X16-RIGHT (1) + טאקר נספג-12 סיכות-ETHICON (1) + מספריים מונופולר 5 מ""מ (1) + שרוול אקסל 10-11  CB11LT (1)",Cheap,1,2289.9702,2289.9702
3DMAX LARGE 10.8X16-LEFT (1) + 3DMAX LARGE 10.8X16-RIGHT (1) + טאקר נספג-25 סיכות-ETHICON (1) + טרוקר אקסל OPTI-5X100 (1) + טרוקר אקסל ללא סכין 11 B11LT (1) + שרוול אקסל 10-11  CB11LT (1),Cheap,1,2498.5176,2498.5176
3DMAX LARGE 10.8X16-LEFT (1) + 3DMAX LARGE 10.8X16-RIGHT (1) + טאקר-10 סיכות MICROVAL (1) + טרוקר אקסל OPTI-5X100 (1) + טרוקר אקסל ללא סכין 11 B11LT (1) + מספריים לאפ (1) + סקשן איריגיישיין 5 (1) + שרוול אקסל OPTI-5X100 (1),Cheap,1,1791.3991,1791.3991
3DMAX LARGE 10.8X16-LEFT (1) + 3DMAX LARGE 10.8X16-RIGHT (1) + טאקר-10 סיכות MICROVAL (1) + טרוקר אקסל OPTI-5X100 (1) + טרוקר אקסל ללא סכין 11 B11LT (1) + סקשן איריגיישיין 5 (1) + שרוול אקסל OPTI-5X100 (1),Cheap,1,1798.3875,1798.3875
"3DMAX LARGE 10.8X16-LEFT (1) + DEXTILE RIGHT ANT. MESH 16X12C (1) + טאקר נספג-12 סיכות-ETHICON (1) + כיסוי מצלמה לפרסקופית (1) + מזרק 20 מ""ל (1) + סטרי-סטריפ 1/2 (1) + פלטה דיאט. ללא כבל-מבוגר (1) + שרוול אקסל 10-11  CB11LT (1)",Cheap,1,2188.7166,2188.7166
3DMAX LARGE 10.8X16-LEFT (2) + 3DMAX LARGE 10.8X16-RIGHT (2) + LIQUIBAND FIX8 טאקר דבק (2) + טרוקר אקסל ללא סכין 11 B11LT (2) + טרוקר אקסל עם סכין 5 D5ST (2) + סקשן איריגיישיין 5 (2),Cheap,1,4318.2388,4318.2388
3DMAX LARGE 10.8X16-RIGHT (1) + 3DMAX MEDIUM 8.5X13.7-LEFT (1) + GLUTACK DEVICE 50 DROPS (1) + טרוקר אקסל ללא סכין 11 B11LT (1),Cheap,1,1857.062,1857.062
"3DMAX LARGE 10.8X16-RIGHT (1) + 3DMAX MEDIUM 8.5X13.7-LEFT (1) + אנדו קלינצ 5 מ''מ (1) + טאקר נספג-12 סיכות-ETHICON (1) + מספריים מונופולר 5 מ""מ (1) + שרוול אקסל 10-11  CB11LT (1)",Cheap,1,2288.7852000000003,2288.7852000000003
3DMAX LARGE 10.8X16-RIGHT (1) + 3DMAX MEDIUM 8.5X13.7-LEFT (1) + אנדו קליפ 5 EL5ML (1) + טאקר נספג-12 סיכות-ETHICON (1),Cheap,1,2830.803,2830.803
"3DMAX LARGE 10.8X16-RIGHT (1) + CLOSURE DEVICE (1) + LIQUIBAND FIX8 טאקר דבק (1) + VENTRALEX MEDIUM - 5950008 (1) + אטם סיליקון 5 מ""מ לטרוקר YP PL (1) + טרוקר אקסל עם סכין 10-11 D11LT (1) + מספריים לאפ (1)",Cheap,1,2868.9120000000003,2868.9120000000003
3DMAX LIGHT 10X 16CM - RIGHT (1) + 3DMAX LIGHT 10X16CM - LEFT (1) + CAPSURE טאקר 30 (1) + טרוקר אקסל OPTI-5X100 (1) + טרוקר אקסל ללא סכין 11 B11LT (1) + שרוול אקסל OPTI-5X100 (1),Cheap,1,2329.5499,2329.5499
3DMAX LIGHT 10X 16CM - RIGHT (1) + 3DMAX LIGHT 10X16CM - LEFT (1) + LIQUIBAND FIX8 טאקר דבק (1) + טרוקר אקסל OPTI-סכין-5X100 (1) + טרוקר חסן 12 H12LP (1) + מספריים לאפ (1) + סקשן איריגיישיין 5 (1) + שרוול אקסל OPTI-5X100 (1),Cheap,1,2247.7705,2247.7705
3DMAX LIGHT 10X 16CM - RIGHT (1) + 3DMAX LIGHT 10X16CM - LEFT (1) + MONOCRYL-P.3/0 R.C 26-MCP3213H (1) + טאקר נספג-25 סיכות-ETHICON (1) + טרוקר אקסל OPTI-5X100 (1) + טרוקר אקסל ללא סכין 11 B11LT (1),Cheap,1,2524.8041,2524.8041
3DMAX LIGHT 10X 16CM - RIGHT (1) + 3DMAX LIGHT 10X16CM - LEFT (1) + SOL. SEPTAL SCRUB 500ML (1) + SOL.ALCOHOL+CHLORHEXIDINE 0.5L (1) + טאקר נספג-25 סיכות-ETHICON (1) + טרוקר אקסל OPTI-5X100 (1) + טרוקר אקסל ללא סכין 11 B11LT (1) + מספריים לאנדו (1) + שרוול אקסל OPTI-12X100 (1),Cheap,1,2533.2322999999997,2533.2322999999997
"3DMAX LIGHT 10X 16CM - RIGHT (1) + 3DMAX LIGHT 10X16CM - LEFT (1) + V-LOC 3/0 R.B.26-VLOCL0604 (1) + טאקר נספג-25 סיכות-ETHICON (1) + טרוקר אקסל OPTI-5X100 (1) + טרוקר אקסל ללא סכין 11 B11LT (1) + מחט ורז 120 מ""מ - חד פעמי (1)",Cheap,1,2594.7230999999997,2594.7230999999997
"3DMAX LIGHT 10X 16CM - RIGHT (1) + 3DMAX LIGHT 10X16CM - LEFT (1) + V-LOC 3/0 R.B.26-VLOCM0604 (1) + טאקר נספג - 15 סיכות (1) + טרוקר אקסל OPTI-סכין-5X100 (1) + טרוקר אקסל ללא סכין 11 B11LT (1) + מחט ורז 120 מ""מ - חד פעמי (1) + שרוול אקסל 10-11  CB11LT (1)",Cheap,1,2039.7156,2039.7156
3DMAX LIGHT 10X 16CM - RIGHT (1) + 3DMAX LIGHT 10X16CM - LEFT (1) + טאקר נספג - 15 סיכות (1) + טרוקר אקסל OPTI-5X100 (1) + טרוקר אקסל ללא סכין 11 B11LT (1) + שרוול אקסל 10-11  CB11LT (1),Cheap,1,1992.1531,1992.1531
3DMAX LIGHT 10X 16CM - RIGHT (1) + 3DMAX LIGHT 10X16CM - LEFT (1) + טאקר נספג-25 סיכות-ETHICON (1) + טרוקר אקסל OPTI-12X100 (1) + טרוקר אקסל OPTI-5X100 (1) + טרוקר אקסל ללא סכין 11 B11LT (1) + שרוול אקסל 10-11  CB11LT (1) + שרוול אקסל OPTI-5X100 (1),Cheap,1,2676.395,2676.395
"3DMAX LIGHT 10X 16CM - RIGHT (1) + 3DMAX LIGHT 10X16CM - LEFT (1) + טאקר נספג-25 סיכות-ETHICON (1) + טרוקר אקסל OPTI-5X100 (1) + טרוקר אקסל ללא סכין 11 B11LT (1) + כיסוי מצלמה לפרסקופית (1) + מזרק 20 מ""ל (1) + סטרי-סטריפ 1/2 (1) + פלטה דיאט. ללא כבל-מבוגר (1) + שרוול אקסל OPTI-5X100 (1)",Cheap,1,2522.5020999999997,2522.5020999999997
"3DMAX LIGHT 10X 16CM - RIGHT (1) + 3DMAX LIGHT 10X16CM - LEFT (1) + טאקר נספג-25 סיכות-ETHICON (1) + טרוקר אקסל OPTI-5X100 (1) + טרוקר אקסל ללא סכין 11 B11LT (1) + מחט ורז 120 מ""מ - חד פעמי (1) + שרוול אקסל 10-11  CB11LT (1)",Cheap,1,2533.0299999999997,2533.0299999999997
"3DMAX LIGHT 10X 16CM - RIGHT (1) + 3DMAX LIGHT 10X16CM - LEFT (1) + טאקר נספג-25 סיכות-ETHICON (1) + טרוקר אקסל OPTI-5X100 (1) + טרוקר אקסל ללא סכין 11 B11LT (1) + מחט ורז 150 מ""מ - חד פעמי (1)",Cheap,1,2599.9109,2599.9109
3DMAX LIGHT 10X 16CM - RIGHT (1) + 3DMAX LIGHT 8X 3CM - LEFT (1) + GLUTACK DEVICE 50 DROPS (1) + אנדו קליפ 5 EL5ML (1) + שרוול אקסל 10-11  CB11LT (1),Cheap,1,2718.3777999999998,2718.3777999999998
3DMAX LIGHT 8X13CM - RIGHT (1) + 3DMAX MEDIUM 8.5X13.7-LEFT (1) + CAPSURE טאקר 30 (1) + טרוקר חסן 12 H12LP (1),Cheap,1,2027.5778,2027.5778
3DMAX MEDIUM 8.5X13.7-LEFT (1) + 3DMAX MEDIUM 8.5X13.7-RIGHT (1) + טאקר נטען-20 סיכות MICROVAL (1) + טרוקר אקסל ללא סכין 11 B11LT (1) + טרוקר ללא סכין 5 NB5STF (1),Cheap,1,1779.2132,1779.2132
ANATOMIC LIGHT 10X14CM LF (1) + ANATOMIC LIGHT 10X14CM RT (1) + בלון אמצעי T10SB (1) + בלון דו צדדי PDBS2 (1) + טרוקר אקסל OPTI-סכין-5X100 (1) + שרוול אקסל OPTI-5X100 (1),Cheap,1,1825.604,1825.604
"ANTI FOG (1) + PROGRIP FLAT SHEET MESH 15X10 (1) + בלון דו צדדי PDBS2 (1) + טרוקר CFF03 - 5X100 (1) + כיסוי מצלמה לפרסקופית (1) + מזרק 20 מ""ל (1) + סטרי-סטריפ 1/2 (1) + פלטה דיאט. ללא כבל-מבוגר (1) + שרוול לטרוקר 5 - CFS02 (1)",Cheap,1,1349.368,1349.368
"CAPSURE טאקר 30 (1) + CLOSURE DEVICE (1) + DEXTILE LEFT ANT. MESH 15X10CM (1) + DEXTILE RIGHT ANT. MESH 15X10C (1) + טרוקר אקסל OPTI-סכין-12X100 (1) + טרוקר אקסל ללא סכין 11 B11LT (1) + כיסוי מצלמה לפרסקופית (1) + מזרק 20 מ""ל (1) + סטרי-סטריפ 1/2 (1) + פלטה דיאט. ללא כבל-מבוגר (1) + שרוול אקסל OPTI-5X100 (1)",Cheap,1,2049.2160000000003,2049.2160000000003
CAPSURE טאקר 30 (1) + DEXTILE LEFT ANT. MESH 16X12CM (1) + DEXTILE RIGHT ANT. MESH 16X12C (1) + DYNAMESH 20X30 (1) + STRATAFIX PDS 0 -SXPP1A433 (1) + טרוקר אקסל ללא סכין 11 B11LT (1) + טרוקר ללא סכין 5 NB5STF (1) + מספריים לאפ (1) + סקשן איריגיישיין 5 (1) + שרוול אקסל 10-11  CB11LT (1),Cheap,1,4496.9952,4496.9952
CAPSURE טאקר 30 (1) + DEXTILE LEFT ANT. MESH 16X12CM (1) + DEXTILE RIGHT ANT. MESH 16X12C (1) + DYNAMESH 20X30 (1) + אנדו קליפ 5 EL5ML (1) + טרוקר אקסל ללא סכין 11 B11LT (1) + טרוקר ללא סכין 5 NB5STF (1) + שרוול אקסל 10-11  CB11LT (1),Cheap,1,5134.6605,5134.6605
CAPSURE טאקר 30 (1) + DEXTILE LEFT ANT. MESH 16X12CM (1) + DEXTILE RIGHT ANT. MESH 16X12C (1) + DYNAMESH 30X30 (1) + STRATAFIX PDS 0 -SXPP1A433 (1) + STRATAFIX PDS 0-SXPP1B406 (2) + טרוקר אקסל ללא סכין 11 B11LT (1) + מספריים לאפ (1) + שרוול אקסל OPTI-5X100 (1),Cheap,1,5224.6608,5224.6608
CAPSURE טאקר 30 (1) + DEXTILE LEFT ANT. MESH 16X12CM (1) + DEXTILE RIGHT ANT. MESH 16X12C (1) + DYNAMESH 30X30 (1) + STRATAFIX PDS 0 -SXPP1A433 (1) + טרוקר אקסל OPTI-5X100 (1) + טרוקר אקסל ללא סכין 11 B11LT (1) + מספריים לאפ (1) + שרוול אקסל 10-11  CB11LT (1) + שרוול אקסל OPTI-5X100 (1),Cheap,1,5178.366,5178.366
CAPSURE טאקר 30 (1) + DEXTILE LEFT ANT. MESH 16X12CM (1) + DEXTILE RIGHT ANT. MESH 16X12C (1) + DYNAMESH 30X30 (1) + אנדו קליפ 5 EL5ML (1) + טרוקר אקסל ללא סכין 11 B11LT (1) + טרוקר ללא סכין 5 NB5STF (1) + מספריים לאפ (1) + שרוול אקסל 10-11  CB11LT (1),Cheap,1,5779.3616,5779.3616
CAPSURE טאקר 30 (1) + DEXTILE LEFT ANT. MESH 16X12CM (1) + DEXTILE RIGHT ANT. MESH 16X12C (1) + PROGRIP FLAT SHEET MESH 16X12 (1) + STRATAFIX PDS 0 -SXPP1A433 (1) + טרוקר אקסל ללא סכין 11 B11LT (1) + טרוקר ללא סכין 5 NB5STF (1) + מספריים לאפ (1),Cheap,1,2997.176,2997.176
CAPSURE טאקר 30 (1) + DEXTILE LEFT ANT. MESH 16X12CM (1) + DEXTILE RIGHT ANT. MESH 16X12C (1) + PROGRIP FLAT SHEET MESH 16X12 (1) + STRATAFIX PDS 0 -SXPP1A433 (1) + טרוקר אקסל ללא סכין 11 B11LT (1) + טרוקר ללא סכין 5 NB5STF (1) + שרוול אקסל 10-11  CB11LT (1),Cheap,1,3006.6707,3006.6707
CAPSURE טאקר 30 (1) + DEXTILE LEFT ANT. MESH 16X12CM (1) + DEXTILE RIGHT ANT. MESH 16X12C (1) + PROGRIP FLAT SHEET MESH 16X12 (1) + טרוקר אקסל OPTI-5X100 (1) + טרוקר אקסל ללא סכין 11 B11LT (1) + סקשן איריגיישיין 5 (1) + שרוול אקסל 10-11  CB11LT (1) + שרוול אקסל OPTI-5X100 (1),Cheap,1,3152.7905,3152.7905
"CAPSURE טאקר 30 (1) + DEXTILE LEFT ANT. MESH 16X12CM (1) + DEXTILE RIGHT ANT. MESH 16X12C (1) + PROGRIP FLAT SHEET MESH 16X12 (1) + טרוקר אקסל OPTI-5X100 (1) + מספריים מונופולר 5 מ""מ (1) + סקשן איריגיישיין 5 (1) + שרוול אקסל 10-11  CB11LT (1) + שרוול אקסל OPTI-5X100 (1)",Cheap,1,3160.3646,3160.3646
CAPSURE טאקר 30 (1) + DEXTILE LEFT ANT. MESH 16X12CM (1) + DEXTILE RIGHT ANT. MESH 16X12C (1) + PROGRIP FLAT SHEET MESH 16X12 (1) + טרוקר אקסל ללא סכין 11 B11LT (1) + טרוקר ללא סכין 5 NB5STF (1) + מספריים לאפ (1) + שרוול אקסל 10-11  CB11LT (1),Cheap,1,2940.7386,2940.7386
CAPSURE טאקר 30 (1) + DEXTILE LEFT ANT. MESH 16X12CM (1) + DEXTILE RIGHT ANT. MESH 16X12C (1) + אנדו קליפ 5 EL5ML (1) + טרוקר אקסל OPTI-5X100 (1) + טרוקר אקסל ללא סכין 11 B11LT (1),Cheap,1,2792.3712,2792.3712
CAPSURE טאקר 30 (1) + DEXTILE LEFT ANT. MESH 16X12CM (1) + DEXTILE RIGHT ANT. MESH 16X12C (1) + טרוקר אקסל OPTI-5X100 (1) + טרוקר אקסל ללא סכין 11 B11LT (1) + מספריים לאפ (1),Cheap,1,2049.3221000000003,2049.3221000000003
"CAPSURE טאקר 30 (1) + DEXTILE LEFT ANT. MESH 16X12CM (1) + DEXTILE RIGHT ANT. MESH 16X12C (1) + טרוקר אקסל OPTI-5X100 (1) + טרוקר אקסל ללא סכין 11 B11LT (1) + מספריים מונופולר 5 מ""מ (1) + שרוול אקסל OPTI-5X100 (1)",Cheap,1,2205.8962,2205.8962
CAPSURE טאקר 30 (1) + DEXTILE LEFT ANT. MESH 16X12CM (1) + DEXTILE RIGHT ANT. MESH 16X12C (1) + טרוקר אקסל OPTI-5X100 (1) + טרוקר אקסל ללא סכין 11 B11LT (1) + שרוול אקסל 10-11  CB11LT (1) + שרוול אקסל OPTI-5X100 (1),Cheap,1,2198.3221000000003,2198.3221000000003
CAPSURE טאקר 30 (1) + DEXTILE LEFT ANT. MESH 16X12CM (1) + DEXTILE RIGHT ANT. MESH 16X12C (1) + טרוקר אקסל ללא סכין 11 B11LT (1) + טרוקר ללא סכין 5 NB5STF (2),Cheap,1,2071.7991,2071.7991
CAPSURE טאקר 30 (1) + DEXTILE RIGHT ANT. MESH 16X12C (1) + טרוקר אקסל OPTI-5X100 (1) + טרוקר אקסל ללא סכין 11 B11LT (1) + שרוול אקסל OPTI-5X100 (1),Cheap,1,1720.2707,1720.2707
CAPSURE טאקר 30 (1) + DYNAMESH ENDOLAP 3D 10*15CM (1) + בלון אמצעי T10SB (1) + בלון דו צדדי PDBS2 (1) + טרוקר ללא סכין 5 NB5STF (1),Cheap,1,2317.0595,2317.0595
CAPSURE טאקר 30 (1) + PROGRIP FLAT SHEET MESH 15X10 (1) + טרוקר אקסל OPTI-5X100 (1) + טרוקר אקסל ללא סכין 11 B11LT (1) + שרוול אקסל 10-11  CB11LT (1) + שרוול אקסל OPTI-12X100 (1),Cheap,1,2289.6895,2289.6895
CLOSURE DEVICE (1) + DYNAMESH 12-ROUND (1) + FILBLOC 90 3/0  - FU395HHFAB (1) + FILBLOC PDO 0 - FR424HHAB (1) + MICROVAL 16X11-LEFT (1) + MICROVAL 16X11-RIGHT (1) + טאקר נטען-20 סיכות MICROVAL (1) + טרוקר אקסל OPTI-5X100 (1) + טרוקר אקסל ללא סכין 11 B11LT (1) + מספריים לאפ (1) + שרוול אקסל OPTI-5X100 (1),Cheap,1,3623.8209999999995,3623.8209999999995
DEXTILE LEFT ANT. MESH 15X10CM (1) + DEXTILE RIGHT ANT. MESH 15X10C (1),Cheap,1,760.0,760.0
DEXTILE LEFT ANT. MESH 15X10CM (1) + DEXTILE RIGHT ANT. MESH 15X10C (1) + GLUBRAN2-SURGICAL GLUE-1ML (1) + GLUTACK DEVICE 50 DROPS (1) + אנדו קלינצ 5 מ''מ (1) + שרוול אקסל 10-11  CB11LT (1),Cheap,1,2314.4645,2314.4645
DEXTILE LEFT ANT. MESH 15X10CM (1) + DEXTILE RIGHT ANT. MESH 15X10C (1) + V-LOC 3/0 R.B.26-VLOCL0604 (1) + טאקר נספג-12 סיכות-ETHICON (1) + טרוקר אקסל OPTI-סכין-5X100 (1) + טרוקר אקסל ללא סכין 11 B11LT (1) + שרוול אקסל 10-11  CB11LT (1),Cheap,1,2325.2333,2325.2333
DEXTILE LEFT ANT. MESH 15X10CM (1) + DEXTILE RIGHT ANT. MESH 15X10C (1) + V-LOC 3/0 R.B.26-VLOCM0604 (1) + אנדו קליפ 5 EL5ML (1) + טאקר נספג - 15 סיכות (1) + טרוקר אקסל OPTI-5X100 (1) + טרוקר אקסל ללא סכין 11 B11LT (1) + שרוול אקסל 10-11  CB11LT (1),Cheap,1,2623.5148,2623.5148
"DEXTILE LEFT ANT. MESH 15X10CM (1) + DEXTILE RIGHT ANT. MESH 15X10C (1) + V-LOC 3/0 R.B.26-VLOCM0604 (1) + אנדו קליפ 5 EL5ML (1) + טאקר נספג-12 סיכות-ETHICON (1) + טרוקר אקסל OPTI-סכין-5X100 (1) + טרוקר אקסל ללא סכין 11 B11LT (1) + מחט ורז 120 מ""מ - חד פעמי (1)",Cheap,1,3019.8521,3019.8521
DEXTILE LEFT ANT. MESH 15X10CM (1) + DEXTILE RIGHT ANT. MESH 15X10C (1) + VERSAONE BLADED TROCAR WITH FI (1) + טאקר-10 סיכות MICROVAL (1) + סקשן איריגיישיין 5 (1) + שרוול אקסל 10-11  CB11LT (1),Cheap,1,1605.4845,1605.4845
"DEXTILE LEFT ANT. MESH 15X10CM (1) + DEXTILE RIGHT ANT. MESH 15X10C (1) + אנדו קלינצ 5 מ''מ (1) + אנדו קליפ 5 EL5ML (1) + מספריים מונופולר 5 מ""מ (1) + שרוול אקסל OPTI-12X100 (1)",Cheap,1,1682.4369,1682.4369
"DEXTILE LEFT ANT. MESH 15X10CM (1) + DEXTILE RIGHT ANT. MESH 15X10C (1) + אנדו קליפ 5 EL5ML (1) + בלון אמצעי T10SB (1) + בלון דו צדדי PDBS2 (1) + מספריים מונופולר 5 מ""מ (1) + שרוול אקסל 10-11  CB11LT (1)",Cheap,1,2374.3518,2374.3518
"DEXTILE LEFT ANT. MESH 15X10CM (1) + DEXTILE RIGHT ANT. MESH 15X10C (1) + אנדו קליפ 5 EL5ML (1) + בלון דו צדדי PDBS2 (1) + מספריים מונופולר 5 מ""מ (1) + שרוול אקסל 10-11  CB11LT (1)",Cheap,1,1967.4018,1967.4018
"DEXTILE LEFT ANT. MESH 15X10CM (1) + DEXTILE RIGHT ANT. MESH 15X10C (1) + אנדו קליפ 5 EL5ML (1) + טאקר-10 סיכות MICROVAL (1) + טרוקר אקסל OPTI-סכין-5X100 (1) + טרוקר אקסל ללא סכין 11 B11LT (1) + מספריים מונופולר 5 מ""מ (1) + שרוול אקסל 10-11  CB11LT (1)",Cheap,1,2465.0349,2465.0349
DEXTILE LEFT ANT. MESH 15X10CM (1) + DEXTILE RIGHT ANT. MESH 15X10C (1) + אנדו קליפ 5 EL5ML (1) + טאקר-10 סיכות MICROVAL (1) + שרוול אקסל 10-11  CB11LT (1),Cheap,1,2231.0841,2231.0841
DEXTILE LEFT ANT. MESH 15X10CM (1) + DEXTILE RIGHT ANT. MESH 15X10C (1) + טאקר נספג-12 סיכות-ETHICON (1) + מספריים לאפ (1) + שרוול אקסל 10-11  CB11LT (1),Cheap,1,2087.15,2087.15
"DEXTILE LEFT ANT. MESH 15X10CM (1) + DEXTILE RIGHT ANT. MESH 15X10C (1) + טאקר-10 סיכות MICROVAL (1) + מספריים מונופולר 5 מ""מ (1) + שרוול אקסל 10-11  CB11LT (1)",Cheap,1,1552.5528,1552.5528
DEXTILE LEFT ANT. MESH 15X10CM (1) + DEXTILE RIGHT ANT. MESH 15X10C (1) + טאקר-10 סיכות MICROVAL (1) + שרוול אקסל 10-11  CB11LT (1) + שרוול אקסל OPTI-12X100 (1),Cheap,1,1543.6,1543.6
"DEXTILE LEFT ANT. MESH 15X10CM (1) + DYNAMESH ENDOLAP 3D 10*15CM (1) + טאקר נספג - 15 סיכות (1) + מחט ורז 120 מ""מ - חד פעמי (1) + שרוול אקסל 10-11  CB11LT (1)",Cheap,1,1719.06,1719.06
DEXTILE LEFT ANT. MESH 16X12CM (1) + DEXTILE RIGHT ANT. MESH 16X12C (1) + VENTRALEX SMALL - 5950007 (1) + בלון דו צדדי PDBS2 (1) + מספריים לאפ (1) + שרוול אקסל OPTI-12X100 (1),Cheap,1,2331.87,2331.87
DEXTILE LEFT ANT. MESH 16X12CM (1) + DEXTILE RIGHT ANT. MESH 16X12C (1) + VENTRALEX SMALL - 5950007 (1) + בלון דו צדדי PDBS2 (1) + שרוול אקסל 10-11  CB11LT (1),Cheap,1,2330.87,2330.87
DEXTILE LEFT ANT. MESH 16X12CM (1) + DEXTILE RIGHT ANT. MESH 16X12C (1) + אנדו קליפ 5 EL5ML (1) + בלון דו צדדי PDBS2 (1) + בלון דו צדדי להרניה-1285-50-11 (1) + שרוול אקסל OPTI-12X100 (1),Cheap,1,2111.3799,2111.3799
DEXTILE LEFT ANT. MESH 16X12CM (1) + DEXTILE RIGHT ANT. MESH 16X12C (1) + אנדו קליפ 5 EL5ML (1) + בלון דו צדדי PDBS2 (1) + טאקר נספג-12 סיכות-ETHICON (1) + שרוול אקסל OPTI-12X100 (1),Cheap,1,3137.6323,3137.6323
DEXTILE LEFT ANT. MESH 16X12CM (1) + DEXTILE RIGHT ANT. MESH 16X12C (1) + אנדו קליפ 5 EL5ML (1) + בלון דו צדדי PDBS2 (1) + שרוול אקסל OPTI-12X100 (1),Cheap,1,1886.4823000000001,1886.4823000000001
DEXTILE LEFT ANT. MESH 16X12CM (1) + DEXTILE RIGHT ANT. MESH 16X12C (1) + אנדו קליפ 5 EL5ML (1) + טאקר נספג-25 סיכות-ETHICON (1) + טרוקר אקסל OPTI-5X100 (1) + טרוקר אקסל ללא סכין 11 B11LT (1) + שרוול אקסל OPTI-5X100 (1),Cheap,1,3128.8320999999996,3128.8320999999996
"DEXTILE LEFT ANT. MESH 16X12CM (1) + DEXTILE RIGHT ANT. MESH 16X12C (1) + אנדו קליפ 5 EL5ML (1) + מספריים מונופולר 5 מ""מ (1) + שרוול אקסל OPTI-12X100 (1)",Cheap,1,1681.4369000000002,1681.4369000000002
DEXTILE LEFT ANT. MESH 16X12CM (1) + DEXTILE RIGHT ANT. MESH 16X12C (1) + בלון דו צדדי PDBS2 (1) + מספריים לאפ (1) + שרוול אקסל 10-11  CB11LT (1),Cheap,1,1125.0,1125.0
DEXTILE LEFT ANT. MESH 16X12CM (1) + DEXTILE RIGHT ANT. MESH 16X12C (1) + בלון דו צדדי PDBS2 (1) + שרוול אקסל 10-11  CB11LT (1),Cheap,1,1124.0,1124.0
DEXTILE LEFT ANT. MESH 16X12CM (1) + DEXTILE RIGHT ANT. MESH 16X12C (1) + טאקר נספג-12 סיכות-ETHICON (1) + טרוקר אקסל OPTI-5X100 (1) + טרוקר אקסל ללא סכין 11 B11LT (1) + מספריים לאפ (1) + סקשן איריגיישיין 5 (1) + שרוול אקסל OPTI-5X100 (1),Cheap,1,2294.0345,2294.0345
DEXTILE LEFT ANT. MESH 16X12CM (1) + DEXTILE RIGHT ANT. MESH 16X12C (1) + טאקר נספג-25 סיכות-ETHICON (1) + טרוקר אקסל OPTI-סכין-5X100 (1) + טרוקר אקסל ללא סכין 11 B11LT (1) + שרוול אקסל OPTI-5X100 (1),Cheap,1,2366.35,2366.35
"DEXTILE LEFT ANT. MESH 16X12CM (1) + DEXTILE RIGHT ANT. MESH 16X12C (1) + מספריים מונופולר 5 מ""מ (1) + שרוול אקסל OPTI-12X100 (1)",Cheap,1,918.9528,918.9528
"DYNAMESH 12-ROUND (1) + DYNAMESH ENDOLAP 3D 10*15CM (1) + בלון אמצעי T10SB (1) + בלון דו צדדי PDBS2 (1) + טאקר נספג-25 סיכות-ETHICON (1) + טרוקר אקסל OPTI-סכין-5X100 (1) + טרוקר אקסל ללא סכין 11 B11LT (1) + מספריים מונופולר 5 מ""מ (1) + שרוול אקסל OPTI-5X100 (1)",Cheap,1,4156.397,4156.397
DYNAMESH 12-ROUND (1) + DYNAMESH ENDOLAP 3D 10*15CM (1) + בלון אמצעי T10SB (1) + בלון דו צדדי PDBS2 (1) + טאקר נספג-25 סיכות-ETHICON (1) + טרוקר אקסל עם סכין 10-11 D11LT (1) + טרוקר ללא סכין 5 NB5STF (1),Cheap,1,4007.79,4007.79
"DYNAMESH ENDOLAP 3D 10*15CM (1) + ENDO CATCH-10 (1) + POLYSORB 0 E.LOOP 53 (1) + SOL. SEPTOL 500ML (1) + SONICISION-SCD391 (1) + בלון אמצעי T10SB (1) + בלון דו צדדי PDBS2 (1) + טרוקר אקסל OPTI-סכין-5X100 (1) + טרוקר אקסל עם סכין 10-11 D11LT (1) + מספריים מונופולר 5 מ""מ (1) + שרוול אקסל OPTI-5X100 (1)",Cheap,1,2944.7599,2944.7599
DYNAMESH ENDOLAP 3D 10*15CM (1) + FILBLOC  2/0 - PS412HHAB (1) + אנדו קליפ 5 EL5ML (1) + בלון אמצעי T10SB (1) + בלון דו צדדי PDBS2 (1) + טרוקר אקסל OPTI-סכין-5X100 (1) + שרוול אקסל OPTI-5X100 (1),Cheap,1,2149.3852,2149.3852
DYNAMESH ENDOLAP 3D 10*15CM (1) + PDS 0 ENDO L. 45 -EZ10G (1) + SURGICEL 10CM * 20CM (1) + אנדו קליפ 5 EL5ML (1) + טאקר-10 סיכות MICROVAL (1) + טרוקר אקסל OPTI-5X100 (1) + טרוקר אקסל ללא סכין 11 B11LT (1) + שרוול אקסל OPTI-5X100 (1),Cheap,1,2218.2136,2218.2136
DYNAMESH ENDOLAP 3D 10*15CM (1) + SOL.ALCOHOL+CHLORHEXIDINE 0.5L (1) + טאקר-10 סיכות MICROVAL (1) + טרוקר אקסל OPTI-סכין-5X100 (1) + טרוקר אקסל ללא סכין 11 B11LT (1) + שרוול אקסל OPTI-5X100 (1),Cheap,1,1309.2435,1309.2435
DYNAMESH ENDOLAP 3D 10*15CM (1) + STRATAFIX PDS 1-SXPP1A445 (1) + טאקר-10 סיכות MICROVAL (1) + טרוקר אקסל OPTI-5X100 (1) + טרוקר אקסל ללא סכין 11 B11LT (1) + שרוול אקסל OPTI-5X100 (1),Cheap,1,1392.3867,1392.3867
DYNAMESH ENDOLAP 3D 10*15CM (1) + V-LOC 2/0 R.B.26-VLOCL2105 (1) + טאקר-10 סיכות MICROVAL (1) + שרוול אקסל 10-11  CB11LT (1),Cheap,1,1241.5533,1241.5533
DYNAMESH ENDOLAP 3D 10*15CM (1) + V-LOC 3/0 R.B.26-VLOCM0604 (1) + טאקר-10 סיכות MICROVAL (1) + טרוקר אקסל ללא סכין 11 B11LT (1),Cheap,1,1228.5,1228.5
DYNAMESH ENDOLAP 3D 10*15CM (1) + VENTRALEX SMALL - 5950007 (1) + בלון אמצעי T10SB (1) + טרוקר CFF03 - 5X100 (1) + שרוול לטרוקר 5 - CFS02 (1),Cheap,1,2207.4372,2207.4372
DYNAMESH ENDOLAP 3D 10*15CM (1) + VERSAONE BLADED TROCAR WITH FI (1) + בלון אמצעי T10SB (1) + בלון דו צדדי PDBS2 (1) + טאקר-10 סיכות MICROVAL (1) + טרוקר ללא סכין 5 NB5STF (1) + מספריים לאפ (1) + סקשן איריגיישיין 5 (1),Cheap,1,1991.3045,1991.3045
DYNAMESH ENDOLAP 3D 10*15CM (1) + אנדו קלינצ 5 מ''מ (1) + אנדו קליפ 5 176630 (1) + בלון אמצעי T10SB (1) + בלון דו צדדי PDBS2 (1) + טאקר-10 סיכות MICROVAL (1) + טרוקר ללא סכין 5 NB5STF (1) + מספריים לאפ (1),Cheap,1,2628.2499,2628.2499
"DYNAMESH ENDOLAP 3D 10*15CM (1) + אנדו קלינצ' 5 174317 (1) + טאקר-10 סיכות MICROVAL (1) + מספריים מונופולר 5 מ""מ (1) + שרוול אקסל 10-11  CB11LT (1)",Cheap,1,1337.8869000000002,1337.8869000000002
DYNAMESH ENDOLAP 3D 10*15CM (1) + אנדו קליפ 5 176630 (1) + בלון אמצעי T10SB (1) + בלון דו צדדי PDBS2 (1) + טרוקר אקסל OPTI-סכין-5X100 (1) + שרוול אקסל OPTI-5X100 (1),Cheap,1,2062.6499,2062.6499
DYNAMESH ENDOLAP 3D 10*15CM (1) + אנדו קליפ 5 EL5ML (1) + בלון אמצעי T10SB (1) + בלון דו צדדי PDBS2 (1) + טאקר-10 סיכות MICROVAL (1) + שרוול אקסל 10-11  CB11LT (1),Cheap,1,2610.9021,2610.9021
DYNAMESH ENDOLAP 3D 10*15CM (1) + אנדו קליפ 5 EL5ML (1) + בלון אמצעי T10SB (1) + בלון דו צדדי PDBS2 (1) + טרוקר אקסל OPTI-סכין-5X100 (1) + שרוול אקסל OPTI-5X100 (1),Cheap,1,2052.3048,2052.3048
"DYNAMESH ENDOLAP 3D 10*15CM (1) + אנדו קליפ 5 EL5ML (1) + טאקר-10 סיכות MICROVAL (1) + טרוקר אקסל ללא סכין 11 B11LT (1) + מחט ורז 120 מ""מ - חד פעמי (1)",Cheap,1,1935.1446,1935.1446
"DYNAMESH ENDOLAP 3D 10*15CM (1) + אנדו קליפ 5 EL5ML (1) + טאקר-10 סיכות MICROVAL (1) + מספריים מונופולר 5 מ""מ (1) + שרוול אקסל 10-11  CB11LT (1)",Cheap,1,1995.8718,1995.8718
DYNAMESH ENDOLAP 3D 10*15CM (1) + אנדו קליפ 5 EL5ML (1) + טאקר-10 סיכות MICROVAL (1) + שרוול אקסל 10-11  CB11LT (1),Cheap,1,1914.9519,1914.9519
DYNAMESH ENDOLAP 3D 10*15CM (1) + בלון אמצעי T10SB (1) + בלון דו צדדי PDBS2 (1),Cheap,1,1139.82,1139.82
DYNAMESH ENDOLAP 3D 10*15CM (1) + בלון אמצעי T10SB (1) + בלון דו צדדי PDBS2 (1) + טאקר נספג-12 סיכות-ETHICON (1) + טרוקר אקסל OPTI-5X100 (1) + שרוול אקסל OPTI-5X100 (1),Cheap,1,2540.9700000000003,2540.9700000000003
DYNAMESH ENDOLAP 3D 10*15CM (1) + בלון אמצעי T10SB (1) + בלון דו צדדי PDBS2 (1) + טאקר-10 סיכות MICROVAL (1) + טרוקר ללא סכין 5 NB5STF (1),Cheap,1,1853.42,1853.42
DYNAMESH ENDOLAP 3D 10*15CM (1) + בלון אמצעי T10SB (1) + בלון דו צדדי PDBS2 (1) + טרוקר אקסל OPTI-5X100 (1),Cheap,1,1214.82,1214.82
DYNAMESH ENDOLAP 3D 10*15CM (1) + בלון אמצעי T10SB (1) + בלון דו צדדי PDBS2 (1) + טרוקר אקסל OPTI-5X100 (1) + טרוקר אקסל ללא סכין 11 B11LT (1) + שרוול אקסל OPTI-5X100 (1),Cheap,1,1364.82,1364.82
"DYNAMESH ENDOLAP 3D 10*15CM (1) + בלון אמצעי T10SB (1) + בלון דו צדדי PDBS2 (1) + טרוקר אקסל OPTI-סכין-5X100 (1) + כיסוי מצלמה לפרסקופית (1) + מזרק 20 מ""ל (1) + סטרי-סטריפ 1/2 (1) + פלטה דיאט. ללא כבל-מבוגר (1) + שרוול אקסל OPTI-5X100 (1)",Cheap,1,1301.872,1301.872
"DYNAMESH ENDOLAP 3D 10*15CM (1) + בלון אמצעי T10SB (1) + בלון דו צדדי PDBS2 (1) + טרוקר אקסל OPTI-סכין-5X100 (1) + כיסוי מצלמה לפרסקופית (1) + מזרק 20 מ""ל (1) + סטרי-סטריפ 1/2 (1) + שרוול אקסל OPTI-5X100 (1)",Cheap,1,1299.4709,1299.4709
DYNAMESH ENDOLAP 3D 10*15CM (1) + בלון אמצעי T10SB (1) + בלון דו צדדי PDBS2 (1) + טרוקר אקסל OPTI-סכין-5X100 (1) + מספריים לאפ (1),Cheap,1,1215.82,1215.82
DYNAMESH ENDOLAP 3D 10*15CM (1) + בלון אמצעי T10SB (1) + בלון דו צדדי PDBS2 (1) + טרוקר ללא סכין 5 NB5STF (1),Cheap,1,1219.82,1219.82
DYNAMESH ENDOLAP 3D 10*15CM (1) + בלון אמצעי T10SB (1) + בלון דו צדדי PDBS2 (1) + שרוול אקסל OPTI-5X100 (1),Cheap,1,1214.82,1214.82
"DYNAMESH ENDOLAP 3D 10*15CM (1) + בלון אמצעי T10SB (1) + טרוקר אקסל OPTI-סכין-5X100 (1) + מחט ורז 120 מ""מ - חד פעמי (1) + שרוול אקסל OPTI-5X100 (1)",Cheap,1,1021.01,1021.01
DYNAMESH ENDOLAP 3D 10*15CM (1) + בלון אמצעי T10SB (1) + טרוקר אקסל OPTI-סכין-5X100 (1) + שרוול אקסל OPTI-5X100 (1),Cheap,1,1000.8199999999999,1000.8199999999999
DYNAMESH ENDOLAP 3D 10*15CM (1) + בלון דו צדדי PDBS2 (1) + טרוקר אקסל OPTI-סכין-5X100 (1) + שרוול אקסל OPTI-5X100 (1),Cheap,1,882.87,882.87
DYNAMESH ENDOLAP 3D 10*15CM (1) + טאקר-10 סיכות MICROVAL (1) + טרוקר אקסל OPTI-סכין-5X100 (1) + שרוול אקסל 10-11  CB11LT (1),Cheap,1,1227.47,1227.47
"DYNAMESH ENDOLAP 3D 10*15CM (1) + טאקר-10 סיכות MICROVAL (1) + טרוקר אקסל ללא סכין 11 B11LT (1) + מחט ורז 120 מ""מ - חד פעמי (1)",Cheap,1,1172.66,1172.66
"DYNAMESH ENDOLAP 3D 10*15CM (1) + טאקר-10 סיכות MICROVAL (1) + טרוקר אקסל ללא סכין 11 B11LT (1) + מחט ורז 120 מ""מ - חד פעמי (1) + מספריים מונופולר 5 מ""מ (1)",Cheap,1,1255.2341000000001,1255.2341000000001
DYNAMESH ENDOLAP 3D 10*15CM (1) + טאקר-10 סיכות MICROVAL (1) + טרוקר אקסל ללא סכין 11 B11LT (1) + שרוול אקסל 10-11  CB11LT (1),Cheap,1,1227.47,1227.47
DYNAMESH ENDOLAP 3D 10*15CM (1) + טאקר-10 סיכות MICROVAL (1) + מספריים לאפ (1) + שרוול אקסל 10-11  CB11LT (1),Cheap,1,1153.47,1153.47
DYNAMESH ENDOLAP 3D PVDF 12*17 (1) + טאקר-10 סיכות MICROVAL (1) + שרוול אקסל 10-11  CB11LT (1),Cheap,1,1186.62,1186.62
DYNAMESH LICHTENSTIEN 7.5X15CM (1),Cheap,1,439.3,439.3
FILBLOC 90 3/0  - FU395HHFAB (1) + FILBLOC PDO 0 - FR424HHAB (1) + MICROVAL 14X10-LEFT (1) + MICROVAL 16X11-RIGHT (1) + טאקר-10 סיכות MICROVAL (1) + טרוקר אקסל ללא סכין 11 B11LT (1) + טרוקר ללא סכין 5 NB5STF (1) + מספריים לאפ (1) + סטרי -דרפ 1050 (1),Cheap,1,1958.3757,1958.3757
FILBLOC 90 3/0  - FU395HHFAB (1) + FILBLOC PDO 0 - FR424HHAB (1) + MICROVAL 15 X 15CM (1) + MICROVAL 16X11-LEFT (1) + MICROVAL 16X11-RIGHT (1) + טאקר-10 סיכות MICROVAL (1) + טרוקר אקסל ללא סכין 11 B11LT (1) + טרוקר ללא סכין 5 NB5STF (1),Cheap,1,2109.5963,2109.5963
FILBLOC 90 3/0  - FU395HHFAB (1) + FILBLOC PDO 0 - FR424HHAB (1) + MICROVAL 16X11-LEFT (1) + MICROVAL 16X11-RIGHT (1) + טאקר-10 סיכות MICROVAL (1) + טרוקר אקסל ללא סכין 11 B11LT (1) + טרוקר ללא סכין 5 NB5STF (1) + סטרי -דרפ 1050 (1),Cheap,1,1959.9955,1959.9955
FILBLOC 90 3/0  - FU395HHFAB (1) + MICROVAL 14X10-LEFT (1) + MICROVAL 14X10-RIGHT (1) + טאקר נספג - 15 סיכות (1) + טרוקר אקסל ללא סכין 11 B11LT (1) + טרוקר ללא סכין 5 NB5STF (1),Cheap,1,2056.8207,2056.8207
FILBLOC 90 3/0  - FU395HHFAB (1) + MICROVAL 14X10-LEFT (1) + MICROVAL 14X10-RIGHT (1) + טאקר-10 סיכות MICROVAL (1) + טרוקר אקסל ללא סכין 11 B11LT (1) + טרוקר ללא סכין 5 NB5STF (1) + מספריים לאפ (1),Cheap,1,1897.0809,1897.0809
FILBLOC 90 3/0  - FU395HHFAB (1) + MICROVAL 14X10-RIGHT (1) + ULTRAPRO ADVANCED MESH 6*12CM (1) + טאקר נטען-20 סיכות MICROVAL (1) + טרוקר אקסל ללא סכין 11 B11LT (1) + טרוקר ללא סכין 5 NB5STF (1) + מספריים לאפ (1) + סקשן איריגיישיין 5 (1),Cheap,1,1918.4015,1918.4015
FILBLOC 90 3/0  - FU395HHFAB (1) + MICROVAL 16X11-LEFT (1) + MICROVAL 16X11-RIGHT (1) + אנדו קליפ 5 EL5ML (1) + טאקר-10 סיכות MICROVAL (1) + טרוקר אקסל ללא סכין 11 B11LT (1) + טרוקר ללא סכין 5 NB5STF (1) + מספריים לאפ (1) + סטרי -דרפ 1050 (1),Cheap,1,2626.3968,2626.3968
FILBLOC 90 3/0  - FU395HHFAB (1) + MICROVAL 16X11-LEFT (1) + MICROVAL 16X11-RIGHT (1) + טאקר-10 סיכות MICROVAL (1) + טרוקר אקסל ללא סכין 11 B11LT (1) + טרוקר ללא סכין 5 NB5STF (1) + מספריים לאפ (1),Cheap,1,1853.5083,1853.5083
FILBLOC 90 3/0  - FU395HHFAB (1) + PROGRIP FLAT SHEET MESH 15X10 (1) + טרוקר אקסל OPTI-סכין-5X100 (1) + טרוקר אקסל עם סכין 10-11 D11LT (1) + שרוול אקסל 10-11  CB11LT (1) + שרוול אקסל OPTI-5X100 (1),Cheap,1,1289.5333,1289.5333
FILBLOC PDO 0 - FR424HHAB (1) + MICROVAL 16X11-LEFT (1) + MICROVAL 16X11-RIGHT (1) + SURGICEL ENDO. APPLICATOR TIP (1) + SURGICEL POWDER HEMOSTAT (1) + טאקר-10 סיכות MICROVAL (1) + טרוקר אקסל ללא סכין 11 B11LT (1) + טרוקר ללא סכין 5 NB5STF (1) + סקשן איריגיישיין 5 (1),Cheap,1,2762.8668000000002,2762.8668000000002
FILBLOC PDO 0 - FR424HHAB (1) + MICROVAL 16X11-LEFT (1) + MICROVAL 16X11-RIGHT (1) + טאקר-10 סיכות MICROVAL (1) + טרוקר אקסל ללא סכין 11 B11LT (1) + טרוקר ללא סכין 5 NB5STF (1),Cheap,1,1901.2121,1901.2121
FILBLOC PDO 2/0 - FS412HHAB (1) + PROGRIP FLAT SHEET MESH 15X10 (1) + STRATAFIX PDO 1-SXPP1A404 (1) + טרוקר אקסל OPTI-סכין-5X100 (1) + טרוקר אקסל עם סכין 10-11 D11LT (1) + שרוול אקסל OPTI-5X100 (1),Cheap,1,1304.45,1304.45
FILBLOC PDO 2/0 - FS412HHAB (1) + PROGRIP FLAT SHEET MESH 15X10 (1) + SYMBOTEX.COM.MESH 12CM-RAUND (1) + טאקר נספג-25 סיכות-ETHICON (1) + טרוקר אקסל OPTI-סכין-5X100 (1) + טרוקר אקסל עם סכין 10-11 D11LT (1) + שרוול אקסל OPTI-5X100 (1),Cheap,1,3886.6933,3886.6933
"L HOOK- הוק אפור ידני (1) + PROGRIP FLAT SHEET MESH 15X10 (1) + V-LOC 3/0 R.B.26-VLOCL0604 (1) + טרוקר אקסל OPTI-5X100 (1) + מספריים מונופולר 5 מ""מ (1) + שרוול אקסל 10-11  CB11LT (1)",Cheap,1,1202.4328,1202.4328
LAMIDEY-THICK LOOP 24FR - VXRU (1) + PROGRIP FLAT SHEET MESH 15X10 (1) + טרוקר אקסל OPTI-5X100 (1) + טרוקר אקסל ללא סכין 11 B11LT (1) + טרוקר אקסל עם סכין 10-11 D11LT (1) + שרוול אקסל OPTI-5X100 (1),Cheap,1,1724.67,1724.67
LIQUIBAND FIX8 טאקר דבק (1) + MICROVAL 14X10-LEFT (1) + MICROVAL 14X10-RIGHT (1) + אנדו קליפ 5 176630 (1) + טאקר נספג - 15 סיכות (1) + טרוקר אקסל ללא סכין 11 B11LT (1) + טרוקר ללא סכין 5 NB5STF (1) + מספריים לאפ (1) + סקשן איריגיישיין 5 (1),Cheap,1,3799.6812,3799.6812
MICROVAL 14X10-LEFT (1) + MICROVAL 14X10-RIGHT (1) + SURGICEL 10CM * 20CM (1) + בלון אמצעי T10SB (1) + בלון דו צדדי PDBS2 (1) + טאקר-10 סיכות MICROVAL (1) + טרוקר אקסל OPTI-סכין-5X100 (1) + סקשן איריגיישיין 5 (1) + שרוול אקסל OPTI-5X100 (1),Cheap,1,2552.1688,2552.1688
"MICROVAL 14X10-LEFT (1) + MICROVAL 14X10-RIGHT (1) + SURGICEL ENDO. APPLICATOR TIP (1) + SURGICEL POWDER HEMOSTAT (1) + אטם סיליקון 5 מ""מ לטרוקר YP PL (1) + בלון אמצעי T10SB (1) + בלון דו צדדי PDBS2 (1) + טאקר-10 סיכות MICROVAL (1) + סקשן איריגיישיין 5 (1)",Cheap,1,3221.8114,3221.8114
MICROVAL 14X10-LEFT (1) + MICROVAL 14X10-RIGHT (1) + SURGICEL ENDO. APPLICATOR TIP (1) + SURGICEL POWDER HEMOSTAT (1) + טאקר נספג - 15 סיכות (1) + טרוקר אקסל ללא סכין 11 B11LT (1) + טרוקר ללא סכין 5 NB5STF (1) + מספריים לאפ (1) + סקשן איריגיישיין 5 (1),Cheap,1,2822.3921,2822.3921
MICROVAL 14X10-LEFT (1) + MICROVAL 14X10-RIGHT (1) + SURGICEL FIBRILLAR 5CM*10CM (1) + אנדו קליפ 5 EL5ML (1) + בלון אמצעי T10SB (1) + בלון דו צדדי PDBS2 (1) + טאקר-10 סיכות MICROVAL (1) + טרוקר אקסל OPTI-סכין-5X100 (1) + סקשן איריגיישיין 5 (1),Cheap,1,3524.6179,3524.6179
MICROVAL 14X10-LEFT (1) + MICROVAL 14X10-RIGHT (1) + VERSAONE BLADED TROCAR WITH FI (1) + בלון אמצעי T10SB (1) + בלון דו צדדי PDBS2 (1) + טאקר-10 סיכות MICROVAL (1) + סקשן איריגיישיין 5 (1),Cheap,1,2473.2184,2473.2184
MICROVAL 14X10-LEFT (1) + MICROVAL 14X10-RIGHT (1) + VERSAONE BLADED TROCAR WITH FI (1) + טאקר-10 סיכות MICROVAL (1) + טרוקר אקסל ללא סכין 11 B11LT (1) + מספריים לאפ (1),Cheap,1,1797.7348000000002,1797.7348000000002
"MICROVAL 14X10-LEFT (1) + MICROVAL 14X10-RIGHT (1) + אטם סיליקון 5 מ""מ לטרוקר YP PL (1) + בלון אמצעי T10SB (1) + בלון דו צדדי PDBS2 (1) + טאקר-10 סיכות MICROVAL (1) + מספריים לאפ (1)",Cheap,1,2364.9263,2364.9263
MICROVAL 14X10-LEFT (1) + MICROVAL 14X10-RIGHT (1) + אנדו קלינצ' 5 174317 (1) + בלון אמצעי T10SB (1) + בלון דו צדדי PDBS2 (1) + טאקר-10 סיכות MICROVAL (1) + טרוקר אקסל OPTI-5X100 (1) + מספריים לאפ (1) + שרוול אקסל OPTI-5X100 (1),Cheap,1,2531.9175999999998,2531.9175999999998
"MICROVAL 14X10-LEFT (1) + MICROVAL 14X10-RIGHT (1) + אנדו קליפ 5 176630 (1) + טאקר נספג - 15 סיכות (1) + טרוקר ללא סכין 5 NB5STF (1) + מספריים מונופולר 5 מ""מ (1)",Cheap,1,2584.1044,2584.1044
MICROVAL 14X10-LEFT (1) + MICROVAL 14X10-RIGHT (1) + אנדו קליפ 5 176630 (1) + טאקר-10 סיכות MICROVAL (1) + טרוקר אקסל ללא סכין 11 B11LT (1) + טרוקר ללא סכין 5 NB5STF (1) + מספריים לאפ (1),Cheap,1,2570.5574,2570.5574
MICROVAL 14X10-LEFT (1) + MICROVAL 14X10-RIGHT (1) + בלון אמצעי T10SB (1) + בלון דו צדדי PDBS2 (1) + טאקר-10 סיכות MICROVAL (1) + טרוקר אקסל OPTI-סכין-5X100 (1) + טרוקר אקסל עם סכין 10-11 D11LT (1) + מספריים לאפ (1) + שרוול אקסל OPTI-5X100 (1),Cheap,1,2565.9476,2565.9476
MICROVAL 14X10-LEFT (1) + MICROVAL 14X10-RIGHT (1) + בלון אמצעי T10SB (1) + בלון דו צדדי PDBS2 (1) + טאקר-10 סיכות MICROVAL (1) + טרוקר אקסל OPTI-סכין-5X100 (1) + מספריים לאפ (1) + שרוול אקסל OPTI-5X100 (1),Cheap,1,2490.9476,2490.9476
"MICROVAL 14X10-LEFT (1) + MICROVAL 14X10-RIGHT (1) + בלון אמצעי T10SB (1) + בלון דו צדדי PDBS2 (1) + טאקר-10 סיכות MICROVAL (1) + טרוקר אקסל עם סכין 5 D5ST (1) + מספריים מונופולר 5 מ""מ (1) + סקשן איריגיישיין 5 (1)",Cheap,1,2546.8254,2546.8254
MICROVAL 14X10-LEFT (1) + MICROVAL 14X10-RIGHT (1) + בלון אמצעי T10SB (1) + בלון דו צדדי PDBS2 (1) + טאקר-10 סיכות MICROVAL (1) + טרוקר ללא סכין 5 NB5STF (1),Cheap,1,2416.3339,2416.3339
MICROVAL 14X10-LEFT (1) + MICROVAL 14X10-RIGHT (1) + בלון אמצעי T10SB (1) + בלון דו צדדי PDBS2 (1) + טאקר-10 סיכות MICROVAL (1) + טרוקר ללא סכין 5 NB5STF (1) + מספריים לאפ (1),Cheap,1,2417.3339,2417.3339
"MICROVAL 14X10-LEFT (1) + MICROVAL 14X10-RIGHT (1) + בלון אמצעי T10SB (1) + בלון דו צדדי PDBS2 (1) + טאקר-10 סיכות MICROVAL (1) + טרוקר ללא סכין 5 NB5STF (1) + מספריים מונופולר 5 מ""מ (1) + סקשן איריגיישיין 5 (1)",Cheap,1,2551.8254,2551.8254
MICROVAL 14X10-LEFT (1) + MICROVAL 14X10-RIGHT (1) + טאקר נספג - 15 סיכות (1) + טרוקר אקסל ללא סכין 11 B11LT (1) + טרוקר ללא סכין 5 NB5STF (1) + מספריים לאפ (1),Cheap,1,1960.7374,1960.7374
MICROVAL 14X10-LEFT (1) + MICROVAL 14X10-RIGHT (1) + טאקר-10 סיכות MICROVAL (1) + טרוקר אקסל ללא סכין 11 B11LT (1) + טרוקר ללא סכין 5 NB5STF (1) + מספריים לאפ (1),Cheap,1,1797.7099,1797.7099
MICROVAL 14X10-LEFT (1) + MICROVAL 14X10-RIGHT (1) + טאקר-10 סיכות MICROVAL (1) + טרוקר אקסל ללא סכין 11 B11LT (1) + טרוקר ללא סכין 5 NB5STF (1) + מספריים לאפ (1) + סקשן איריגיישיין 5 (1),Cheap,1,1858.3641000000002,1858.3641000000002
MICROVAL 14X10-LEFT (1) + MICROVAL 14X10-RIGHT (1) + טרוקר אקסל ללא סכין 11 B11LT (1),Cheap,1,1079.7374,1079.7374
MICROVAL 14X10-LEFT (1) + MICROVAL 14X10-RIGHT (1) + טרוקר אקסל ללא סכין 11 B11LT (1) + טרוקר ללא סכין 5 NB5STF (1),Cheap,1,1163.1099,1163.1099
MICROVAL 16X11-LEFT (1) + MICROVAL 16X11-RIGHT (1) + SURGICEL 10CM * 20CM (1) + אנדו קליפ 5 EL5ML (1) + טאקר-10 סיכות MICROVAL (1) + טרוקר אקסל ללא סכין 11 B11LT (1) + טרוקר ללא סכין 5 NB5STF (1) + מספריים לאפ (1) + סקשן איריגיישיין 5 (1),Cheap,1,2672.9569,2672.9569
MICROVAL 16X11-LEFT (1) + MICROVAL 16X11-RIGHT (1) + SURGICEL ENDO. APPLICATOR TIP (1) + SURGICEL POWDER HEMOSTAT (1) + טאקר-10 סיכות MICROVAL (1) + טרוקר אקסל ללא סכין 11 B11LT (1) + טרוקר ללא סכין 5 NB5STF (1),Cheap,1,2593.3328,2593.3328
MICROVAL 16X11-LEFT (1) + MICROVAL 16X11-RIGHT (1) + VERSAONE BLADED TROCAR WITH FI (1) + אנדו קליפ 5 176630 (1) + טאקר-10 סיכות MICROVAL (1) + טרוקר אקסל ללא סכין 11 B11LT (1) + טרוקר ללא סכין 5 NB5STF (1) + מספריים לאפ (1) + סקשן איריגיישיין 5 (1),Cheap,1,2705.6057,2705.6057
MICROVAL 16X11-LEFT (1) + MICROVAL 16X11-RIGHT (1) + VERSAONE BLADED TROCAR WITH FI (1) + אנדו קליפ 5 EL5ML (1) + טאקר-10 סיכות MICROVAL (1) + טרוקר אקסל ללא סכין 11 B11LT (1) + סקשן איריגיישיין 5 (1),Cheap,1,2627.2678,2627.2678
MICROVAL 16X11-LEFT (1) + MICROVAL 16X11-RIGHT (1) + VERSAONE BLADED TROCAR WITH FI (1) + טאקר נספג - 15 סיכות (1) + טרוקר אקסל ללא סכין 11 B11LT (1) + מספריים לאפ (1) + סקשן איריגיישיין 5 (1),Cheap,1,2032.183,2032.183
MICROVAL 16X11-LEFT (1) + MICROVAL 16X11-RIGHT (1) + אנדו קליפ 5 176630 (1) + טאקר-10 סיכות MICROVAL (1) + טרוקר CFF03 - 5X100 (1) + טרוקר CFF33 - 11X100 (1) + טרוקר אקסל ללא סכין 11 B11LT (1),Cheap,1,2708.4393999999998,2708.4393999999998
MICROVAL 16X11-LEFT (1) + MICROVAL 16X11-RIGHT (1) + אנדו קליפ 5 176630 (1) + טאקר-10 סיכות MICROVAL (1) + טרוקר אקסל ללא סכין 11 B11LT (1) + טרוקר ללא סכין 5 NB5STF (1) + מספריים לאפ (1),Cheap,1,2566.1547,2566.1547
MICROVAL 16X11-LEFT (1) + MICROVAL 16X11-RIGHT (1) + אנדו קליפ 5 176630 (1) + טאקר-10 סיכות MICROVAL (1) + טרוקר אקסל ללא סכין 11 B11LT (1) + טרוקר ללא סכין 5 NB5STF (1) + מספריים לאפ (1) + סקשן איריגיישיין 5 (1),Cheap,1,2634.2138,2634.2138
MICROVAL 16X11-LEFT (1) + MICROVAL 16X11-RIGHT (1) + אנדו קליפ 5 EL5ML (1) + טאקר-10 סיכות MICROVAL (1) + טרוקר אקסל OPTI-12X100 (1) + טרוקר ללא סכין 5 NB5STF (1),Cheap,1,2554.1162999999997,2554.1162999999997
MICROVAL 16X11-LEFT (1) + MICROVAL 16X11-RIGHT (1) + אנדו קליפ 5 EL5ML (1) + טרוקר אקסל ללא סכין 11 B11LT (1) + טרוקר ללא סכין 5 NB5STF (1),Cheap,1,1921.2161999999998,1921.2161999999998
"MICROVAL 16X11-LEFT (1) + MICROVAL 16X11-RIGHT (1) + טאקר נספג - 15 סיכות (1) + טרוקר אקסל ללא סכין 11 B11LT (1) + טרוקר ללא סכין 5 NB5STF (1) + מספריים מונופולר 5 מ""מ (1)",Cheap,1,2054.4816,2054.4816
MICROVAL 16X11-LEFT (1) + MICROVAL 16X11-RIGHT (1) + טאקר-10 סיכות MICROVAL (1) + טרוקר אקסל ללא סכין 11 B11LT (1) + טרוקר ללא סכין 5 NB5STF (1) + מספריים לאפ (1) + סקשן איריגיישיין 5 (1),Cheap,1,1861.3912,1861.3912
MICROVAL 16X11-LEFT (1) + MICROVAL 16X11-RIGHT (1) + טאקר-10 סיכות MICROVAL (1) + טרוקר אקסל ללא סכין 11 B11LT (1) + טרוקר ללא סכין 5 NB5STF (1) + שרוול אקסל OPTI-5X100 (1),Cheap,1,1866.6344,1866.6344
"MICROVAL 16X11-LEFT (1) + MICROVAL 16X11-RIGHT (1) + טאקר-10 סיכות MICROVAL (1) + טרוקר ללא סכין 5 NB5STF (1) + מספריים מונופולר 5 מ""מ (1)",Cheap,1,1813.0816,1813.0816
MICROVAL 16X11-RIGHT (1) + טאקר-10 סיכות MICROVAL (1) + טרוקר אקסל ללא סכין 11 B11LT (1) + טרוקר ללא סכין 5 NB5STF (1),Cheap,1,1270.0022,1270.0022
PROGRIP ANTMCL 15X10CM-LEFT (1) + PROGRIP ANTMCL 15X10CM-RIGHT (1) + RU-HOOK ELECTRODE/60-5163-001 (1) + SOL. SEPTAL SCRUB 500ML (1) + SOL.ALCOHOL+CHLORHEXIDINE 0.5L (1) + V-LOC 3/0 R.B.26-VLOCL0604 (1) + טרוקר אקסל OPTI-5X100 (1) + טרוקר אקסל ללא סכין 11 B11LT (1) + שרוול אקסל 10-11  CB11LT (1) + שרוול אקסל OPTI-5X100 (1),Cheap,1,2184.1852,2184.1852
"PROGRIP ANTMCL 15X10CM-LEFT (1) + PROGRIP ANTMCL 15X10CM-RIGHT (1) + SOL. SEPTOL 500ML (1) + בלון אמצעי T10SB (1) + בלון דו צדדי PDBS2 (1) + טרוקר CFF03 - 5X100 (1) + טרוקר אקסל עם סכין 10-11 D11LT (1) + כיסוי מצלמה לפרסקופית (1) + מזרק 20 מ""ל (1) + סטרי-סטריפ 1/2 (1) + פלטה דיאט. ללא כבל-מבוגר (1) + שרוול לטרוקר 5 - CFS02 (1)",Cheap,1,2736.6843,2736.6843
"PROGRIP ANTMCL 15X10CM-LEFT (1) + PROGRIP ANTMCL 15X10CM-RIGHT (1) + SOL. SEPTOL 500ML (1) + בלון אמצעי T10SB (1) + בלון דו צדדי PDBS2 (1) + טרוקר CFF03 - 5X100 (1) + כיסוי מצלמה לפרסקופית (1) + מזרק 20 מ""ל (1) + סטרי-סטריפ 1/2 (1) + פלטה דיאט. ללא כבל-מבוגר (1) + שרוול לטרוקר 5 - CFS02 (1)",Cheap,1,2666.2627,2666.2627
"PROGRIP ANTMCL 15X10CM-LEFT (1) + PROGRIP ANTMCL 15X10CM-RIGHT (1) + SURGICEL SNOW 5CMX10CM (1) + אנדו קלינצ' 5 174317 (1) + אנדו קליפ 5 EL5ML (1) + בלון אמצעי T10SB (1) + בלון דו צדדי PDBS2 (1) + מספריים מונופולר 5 מ""מ (1)",Cheap,1,3705.7515000000003,3705.7515000000003
PROGRIP ANTMCL 15X10CM-LEFT (1) + PROGRIP ANTMCL 15X10CM-RIGHT (1) + SURGICEL SNOW 5CMX10CM (1) + אנדו קלינצ' 5 174317 (1) + בלון אמצעי T10SB (1) + בלון דו צדדי PDBS2 (1),Cheap,1,2862.3497,2862.3497
"PROGRIP ANTMCL 15X10CM-LEFT (1) + PROGRIP ANTMCL 15X10CM-RIGHT (1) + SURGICEL SNOW 5CMX10CM (1) + אנדו קלינצ' 5 174317 (1) + בלון אמצעי T10SB (1) + בלון דו צדדי PDBS2 (1) + מספריים מונופולר 5 מ""מ (1)",Cheap,1,2943.2669,2943.2669
PROGRIP ANTMCL 15X10CM-LEFT (1) + PROGRIP ANTMCL 15X10CM-RIGHT (1) + SURGICEL SNOW 5CMX10CM (1) + אנדו קליפ 5 EL5ML (1) + בלון אמצעי T10SB (1) + בלון דו צדדי PDBS2 (1),Cheap,1,3520.3346,3520.3346
"PROGRIP ANTMCL 15X10CM-LEFT (1) + PROGRIP ANTMCL 15X10CM-RIGHT (1) + SYMBOTEX.COM.MESH 12CM-RAUND (1) + בלון אמצעי T10SB (1) + בלון דו צדדי PDBS2 (1) + טאקר 5 מ""מ  174006 (1) + טרוקר CFF03 - 5X100 (1) + טרוקר אקסל עם סכין 10-11 D11LT (1) + שרוול אקסל 10-11  CB11LT (1) + שרוול לטרוקר 5 - CFS02 (1)",Cheap,1,5515.5693,5515.5693
PROGRIP ANTMCL 15X10CM-LEFT (1) + PROGRIP ANTMCL 15X10CM-RIGHT (1) + V-LOC 3/0 R.B.26-VLOCL0604 (1) + אנדו קליפ 5 EL5ML (1) + טרוקר אקסל OPTI-סכין-5X100 (1) + טרוקר אקסל ללא סכין 11 B11LT (1) + מספריים לאפ (1) + שרוול אקסל OPTI-5X100 (1),Cheap,1,2862.4652,2862.4652
PROGRIP ANTMCL 15X10CM-LEFT (1) + PROGRIP ANTMCL 15X10CM-RIGHT (1) + V-LOC 3/0 R.B.26-VLOCL0604 (1) + טאקר נספג-25 סיכות-ETHICON (1) + טרוקר אקסל OPTI-סכין-5X100 (1) + טרוקר אקסל עם סכין 10-11 D11LT (1) + שרוול אקסל 10-11  CB11LT (1) + שרוול אקסל OPTI-5X100 (1),Cheap,1,3542.2799999999997,3542.2799999999997
PROGRIP ANTMCL 15X10CM-LEFT (1) + PROGRIP ANTMCL 15X10CM-RIGHT (1) + V-LOC 3/0 R.B.26-VLOCL0604 (1) + טרוקר אקסל OPTI-5X100 (1) + טרוקר אקסל ללא סכין 11 B11LT (1) + ליגשור מרילנד ארוך - LF1937 (1) + שרוול אקסל 10-11  CB11LT (1),Cheap,1,3335.9300000000003,3335.9300000000003
PROGRIP ANTMCL 15X10CM-LEFT (1) + PROGRIP ANTMCL 15X10CM-RIGHT (1) + V-LOC 3/0 R.B.26-VLOCL0604 (1) + טרוקר אקסל OPTI-5X100 (1) + טרוקר אקסל ללא סכין 11 B11LT (1) + שרוול אקסל 10-11  CB11LT (1),Cheap,1,2098.9833,2098.9833
PROGRIP ANTMCL 15X10CM-LEFT (1) + PROGRIP ANTMCL 15X10CM-RIGHT (1) + V-LOC 3/0 R.B.26-VLOCL0604 (1) + טרוקר אקסל OPTI-5X100 (1) + טרוקר אקסל ללא סכין 11 B11LT (1) + שרוול אקסל 10-11  CB11LT (1) + שרוול אקסל OPTI-5X100 (1),Cheap,1,2160.9300000000003,2160.9300000000003
PROGRIP ANTMCL 15X10CM-LEFT (1) + PROGRIP ANTMCL 15X10CM-RIGHT (1) + V-LOC 3/0 R.B.26-VLOCM0604 (1) + טרוקר אקסל OPTI-סכין-5X100 (1) + טרוקר אקסל עם סכין 10-11 D11LT (1) + שרוול אקסל OPTI-5X100 (1),Cheap,1,2098.9833,2098.9833
PROGRIP ANTMCL 15X10CM-LEFT (1) + PROGRIP ANTMCL 15X10CM-RIGHT (1) + VENTRALEX SMALL - 5950007 (1) + בלון אמצעי T10SB (1) + בלון דו צדדי PDBS2 (1) + טרוקר CFF03 - 5X100 (1) + טרוקר אקסל עם סכין 10-11 D11LT (1) + שרוול לטרוקר 5 - CFS02 (1),Cheap,1,3926.6296,3926.6296
PROGRIP ANTMCL 15X10CM-LEFT (1) + PROGRIP ANTMCL 15X10CM-RIGHT (1) + אנדו קליפ 5 176630 (1) + בלון אמצעי T10SB (1) + בלון דו צדדי PDBS2 (1) + טרוקר CFF03 - 5X100 (1) + שרוול לטרוקר 5 - CFS02 (1),Cheap,1,3417.5822,3417.5822
PROGRIP ANTMCL 15X10CM-LEFT (1) + PROGRIP ANTMCL 15X10CM-RIGHT (1) + בלון אמצעי T10SB (1) + בלון דו צדדי PDBS2 (1) + טרוקר CFF03 - 5X100 (1),Cheap,1,2582.7870000000003,2582.7870000000003
"PROGRIP ANTMCL 15X10CM-LEFT (1) + PROGRIP ANTMCL 15X10CM-RIGHT (1) + בלון אמצעי T10SB (1) + בלון דו צדדי PDBS2 (1) + טרוקר CFF03 - 5X100 (1) + כיסוי מצלמה לפרסקופית (1) + מזרק 20 מ""ל (1) + סטרי-סטריפ 1/2 (1) + פלטה דיאט. ללא כבל-מבוגר (1) + שרוול לטרוקר 5 - CFS02 (1)",Cheap,1,2646.1437,2646.1437
PROGRIP ANTMCL 15X10CM-LEFT (1) + PROGRIP ANTMCL 15X10CM-RIGHT (1) + בלון אמצעי T10SB (1) + בלון דו צדדי PDBS2 (1) + טרוקר אקסל עם סכין 10-11 D11LT (1) + שרוול לטרוקר 5 - CFS02 (1),Cheap,1,2608.2963,2608.2963
PROGRIP ANTMCL 15X10CM-LEFT (1) + PROGRIP ANTMCL 15X10CM-RIGHT (1) + טאקר נספג-25 סיכות-ETHICON (1),Cheap,1,3166.25,3166.25
PROGRIP ANTMCL 15X10CM-LEFT (1) + PROGRIP ANTMCL 15X10CM-RIGHT (1) + טרוקר אקסל OPTI-5X100 (1) + טרוקר אקסל ללא סכין 11 B11LT (1) + שרוול אקסל 10-11  CB11LT (1),Cheap,1,2009.9,2009.9
PROGRIP ANTMCL 15X10CM-LEFT (1) + PROGRIP ANTMCL 15X10CM-RIGHT (1) + טרוקר אקסל OPTI-5X100 (1) + טרוקר אקסל ללא סכין 11 B11LT (1) + שרוול אקסל 10-11  CB11LT (1) + שרוול אקסל OPTI-5X100 (1),Cheap,1,2084.9,2084.9
PROGRIP ANTMCL 15X10CM-LEFT (1) + PROGRIP ANTMCL 15X10CM-RIGHT (1) + טרוקר אקסל עם סכין 10-11 D11LT (1) + שרוול לטרוקר 5 - CFS02 (1),Cheap,1,1915.6374,1915.6374
PROGRIP ANTMCL 15X10CM-LEFT (1) + PROGRIP ANTMCL 15X10CM-RIGHT (1) + מספריים לאפ (1) + שרוול אקסל 10-11  CB11LT (1),Cheap,1,1860.9,1860.9
PROGRIP ANTMCL 15X10CM-LEFT (1) + PROGRIP FLAT SHEET MESH 15X10 (1) + טרוקר CFF03 - 5X100 (1) + טרוקר אקסל ללא סכין 11 B11LT (1) + שרוול לטרוקר 5 - CFS02 (1),Cheap,1,2020.9095,2020.9095
"PROGRIP ANTMCL 15X10CM-RIGHT (1) + PROGRIP FLAT SHEET MESH 15X10 (1) + SYMBOTEX.COM.MESH 12CM-RAUND (1) + בלון אמצעי T10SB (1) + בלון דו צדדי PDBS2 (1) + טאקר 5 מ""מ  174006 (1) + טרוקר CFF03 - 5X100 (1) + טרוקר אקסל עם סכין 10-11 D11LT (1) + שרוול אקסל 10-11  CB11LT (1) + שרוול לטרוקר 5 - CFS02 (1)",Cheap,1,5508.8297999999995,5508.8297999999995
PROGRIP ANTMCL 15X10CM-RIGHT (1) + בלון אמצעי T10SB (1) + בלון דו צדדי PDBS2 (1) + טרוקר CFF03 - 5X100 (1) + שרוול לטרוקר 5 - CFS02 (1),Cheap,1,1740.4948,1740.4948
PROGRIP FLAT SHEET MESH 15X10 (1) + PROGRIP FLAT SHEET MESH 16X12 (1) + V-LOC 3/0 R.B.26-VLOCL0604 (1) + VERSAONE BLADED TROCAR WITH FI (1) + טאקר-10 סיכות MICROVAL (1) + טרוקר CFF33 - 11X100 (1) + מספריים לאפ (1) + סקשן איריגיישיין 5 (1) + שרוול אקסל 10-11  CB11LT (1),Cheap,1,2812.9413,2812.9413
PROGRIP FLAT SHEET MESH 15X10 (1) + SOL. SEPTAL SCRUB 500ML (1) + SOL.ALCOHOL+CHLORHEXIDINE 0.5L (1) + SURGICEL FIBRILLAR 2.5CM*5.1CM (1) + UNMAPPED_CODE (1) + אנדו קליפ 5 EL5ML (1) + טרוקר אקסל OPTI-12X100 (1) + טרוקר אקסל OPTI-5X100 (1) + מספריים לאנדו (1) + שרוול אקסל 10-11  CB11LT (1),Cheap,1,2172.4610000000002,2172.4610000000002
"PROGRIP FLAT SHEET MESH 15X10 (1) + SOL. SEPTOL 500ML (1) + טרוקר CFF03 - 5X100 (1) + טרוקר אקסל ללא סכין 11 B11LT (1) + כיסוי מצלמה לפרסקופית (1) + מזרק 20 מ""ל (1) + סטרי-סטריפ 1/2 (1) + פלטה דיאט. ללא כבל-מבוגר (1) + שרוול לטרוקר 5 - CFS02 (1)",Cheap,1,1137.8512,1137.8512
PROGRIP FLAT SHEET MESH 15X10 (1) + SYMBOTEX ROUND MESH 15CM (1) + אנדו קליפ 5 EL5ML (1) + טאקר נספג-25 סיכות-ETHICON (1) + טרוקר אקסל OPTI-12X100 (1) + טרוקר אקסל OPTI-5X100 (1) + שרוול אקסל OPTI-5X100 (1),Cheap,1,4457.3146,4457.3146
PROGRIP FLAT SHEET MESH 15X10 (1) + SYMBOTEX ROUND MESH 15CM (1) + טאקר נספג - 15 סיכות (1) + טרוקר אקסל OPTI-5X100 (1) + טרוקר אקסל ללא סכין 11 B11LT (1) + שרוול אקסל OPTI-5X100 (1),Cheap,1,3113.48,3113.48
PROGRIP FLAT SHEET MESH 15X10 (1) + SYMBOTEX.COM.MESH 12CM-RAUND (1) + טאקר נספג - 15 סיכות (1) + טרוקר אקסל OPTI-12X100 (1) + טרוקר אקסל OPTI-5X100 (1) + שרוול אקסל OPTI-5X100 (1),Cheap,1,3208.26,3208.26
"PROGRIP FLAT SHEET MESH 15X10 (1) + SYMBOTEX.COM.MESH 12CM-RAUND (1) + טאקר נספג - 15 סיכות (1) + טרוקר אקסל OPTI-5X100 (1) + טרוקר אקסל ללא סכין 11 B11LT (1) + כיסוי מצלמה לפרסקופית (1) + מזרק 20 מ""ל (1) + סטרי-סטריפ 1/2 (1) + פלטה דיאט. ללא כבל-מבוגר (1) + שרוול אקסל OPTI-5X100 (1)",Cheap,1,3100.7268,3100.7268
"PROGRIP FLAT SHEET MESH 15X10 (1) + V-LOC 0 R.B.37-VLOCL0306 (1) + אנדו קליפ 5 EL5ML (1) + טרוקר CFF03 - 5X100 (1) + טרוקר אקסל ללא סכין 11 B11LT (1) + כיסוי מצלמה לפרסקופית (1) + מזרק 20 מ""ל (1) + סטרי-סטריפ 1/2 (1) + פלטה דיאט. ללא כבל-מבוגר (1) + שרוול לטרוקר 5 - CFS02 (1)",Cheap,1,1978.4089,1978.4089
"PROGRIP FLAT SHEET MESH 15X10 (1) + V-LOC 0 R.B.37-VLOCL0306 (1) + אנדו קליפ 5 EL5ML (1) + טרוקר אקסל OPTI-סכין-5X100 (1) + טרוקר אקסל ללא סכין 11 B11LT (1) + כיסוי מצלמה לפרסקופית (1) + מזרק 20 מ""ל (1) + סטרי-סטריפ 1/2 (1) + פלטה דיאט. ללא כבל-מבוגר (1) + שרוול אקסל OPTI-5X100 (1)",Cheap,1,1967.4090999999999,1967.4090999999999
PROGRIP FLAT SHEET MESH 15X10 (1) + V-LOC 0 R.B.37-VLOCL0306 (1) + טרוקר אקסל OPTI-סכין-5X100 (1) + טרוקר אקסל ללא סכין 11 B11LT (1) + שרוול אקסל OPTI-5X100 (1),Cheap,1,1193.48,1193.48
PROGRIP FLAT SHEET MESH 15X10 (1) + V-LOC 3/0 R.B.26-VLOCL0604 (1),Cheap,1,981.5333,981.5333
PROGRIP FLAT SHEET MESH 15X10 (1) + V-LOC 3/0 R.B.26-VLOCL0604 (1) + אנדו קליפ 10 176625 (1) + טרוקר אקסל OPTI-5X100 (1) + טרוקר אקסל ללא סכין 11 B11LT (1) + שרוול אקסל OPTI-5X100 (1),Cheap,1,1806.9637,1806.9637
PROGRIP FLAT SHEET MESH 15X10 (1) + V-LOC 3/0 R.B.26-VLOCL0604 (1) + אנדו קליפ 5 EL5ML (1) + טרוקר אקסל OPTI-5X100 (1) + טרוקר אקסל ללא סכין 11 B11LT (1) + שרוול אקסל OPTI-5X100 (1),Cheap,1,1969.0156,1969.0156
PROGRIP FLAT SHEET MESH 15X10 (1) + V-LOC 3/0 R.B.26-VLOCL0604 (1) + טרוקר אקסל OPTI-5X100 (1) + טרוקר אקסל ללא סכין 11 B11LT (1) + טרוקר אקסל עם סכין 10-11 D11LT (1) + שרוול אקסל 10-11  CB11LT (1),Cheap,1,1268.48,1268.48
PROGRIP FLAT SHEET MESH 15X10 (1) + V-LOC 3/0 R.B.26-VLOCL0604 (1) + טרוקר אקסל OPTI-5X100 (1) + טרוקר אקסל ללא סכין 11 B11LT (1) + שרוול אקסל OPTI-5X100 (1),Cheap,1,1206.5333,1206.5333
PROGRIP FLAT SHEET MESH 15X10 (1) + V-LOC 3/0 R.B.26-VLOCL0604 (1) + טרוקר אקסל ללא סכין 11 B11LT (1) + טרוקר אקסל עם סכין 10-11 D11LT (1),Cheap,1,1118.48,1118.48
PROGRIP FLAT SHEET MESH 15X10 (1) + V-LOC 3/0 R.B.26-VLOCM0604 (1) + טאקר-10 סיכות MICROVAL (1) + טרוקר CFF03 - 5X100 (1) + טרוקר CFF33 - 11X100 (1) + מספריים לאפ (1) + שרוול לטרוקר 5 - CFS02 (1),Cheap,1,1873.0520000000001,1873.0520000000001
"PROGRIP FLAT SHEET MESH 15X10 (1) + V-LOC 3/0 R.B.26-VLOCM0604 (1) + טרוקר אקסל OPTI-סכין-5X100 (1) + טרוקר אקסל עם סכין 10-11 D11LT (1) + מספריים מונופולר 5 מ""מ (1) + סקשן איריגיישיין 5 (1) + שרוול אקסל OPTI-5X100 (1)",Cheap,1,1338.087,1338.087
PROGRIP FLAT SHEET MESH 15X10 (1) + אנדו קליפ 10 176657 (1) + טרוקר אקסל OPTI-סכין-5X100 (1) + טרוקר אקסל עם סכין 10-11 D11LT (1) + שרוול אקסל 10-11  CB11LT (1),Cheap,1,1662.87,1662.87
PROGRIP FLAT SHEET MESH 15X10 (1) + אנדו קליפ 5 EL5ML (1) + בלון אמצעי T10SB (1) + בלון דו צדדי PDBS2 (1) + טרוקר אקסל OPTI-סכין-5X100 (1) + שרוול אקסל OPTI-5X100 (1),Cheap,1,2500.8819,2500.8819
PROGRIP FLAT SHEET MESH 15X10 (1) + אנדו קליפ 5 EL5ML (1) + בלון להרניה עגול - SMBTTRNDX (1),Cheap,1,2473.2656,2473.2656
"PROGRIP FLAT SHEET MESH 15X10 (1) + אנדו קליפ 5 EL5ML (1) + טרוקר אקסל OPTI-12X100 (1) + טרוקר אקסל OPTI-5X100 (1) + מחט ורז 120 מ""מ - חד פעמי (1) + שרוול אקסל OPTI-5X100 (1)",Cheap,1,1900.1248,1900.1248
PROGRIP FLAT SHEET MESH 15X10 (1) + אנדו קליפ 5 EL5ML (1) + טרוקר אקסל OPTI-5X100 (1) + טרוקר אקסל OPTI-סכין-5X100 (1) + טרוקר אקסל עם סכין 10-11 D11LT (1),Cheap,1,1879.9321,1879.9321
PROGRIP FLAT SHEET MESH 15X10 (1) + אנדו קליפ 5 EL5ML (1) + טרוקר אקסל OPTI-סכין-5X100 (1) + טרוקר אקסל עם סכין 10-11 D11LT (1) + שרוול אקסל 10-11  CB11LT (1),Cheap,1,1879.9323,1879.9323
"PROGRIP FLAT SHEET MESH 15X10 (1) + אנדו קליפ 5 EL5ML (1) + כיסוי מצלמה לפרסקופית (1) + מזרק 20 מ""ל (1) + סטרי-סטריפ 1/2 (1) + פלטה דיאט. ללא כבל-מבוגר (1)",Cheap,1,1666.3727999999999,1666.3727999999999
PROGRIP FLAT SHEET MESH 15X10 (1) + טאקר נספג - 15 סיכות (1) + טרוקר אקסל OPTI-5X100 (1) + טרוקר אקסל ללא סכין 11 B11LT (1) + שרוול אקסל OPTI-5X100 (1),Cheap,1,1917.45,1917.45
PROGRIP FLAT SHEET MESH 15X10 (1) + טאקר נספג-12 סיכות-ETHICON (1) + טרוקר CFF03 - 5X100 (1) + שרוול לטרוקר 5 - CFS02 (1),Cheap,1,2293.3472,2293.3472
PROGRIP FLAT SHEET MESH 15X10 (1) + טאקר נספג-25 סיכות-ETHICON (1) + טרוקר אקסל OPTI-12X100 (1) + טרוקר אקסל OPTI-5X100 (1) + שרוול אקסל OPTI-5X100 (1),Cheap,1,2498.8,2498.8
PROGRIP FLAT SHEET MESH 15X10 (1) + טרוקר CFF03 - 5X100 (1),Cheap,1,994.3870000000001,994.3870000000001
PROGRIP FLAT SHEET MESH 15X10 (1) + טרוקר CFF03 - 5X100 (1) + טרוקר אקסל ללא סכין 11 B11LT (1) + שרוול אקסל 10-11  CB11LT (1) + שרוול לטרוקר 5 - CFS02 (1),Cheap,1,1199.6198000000002,1199.6198000000002
PROGRIP FLAT SHEET MESH 15X10 (1) + טרוקר אקסל OPTI-12X100 (1) + טרוקר אקסל OPTI-5X100 (1),Cheap,1,1042.45,1042.45
PROGRIP FLAT SHEET MESH 15X10 (1) + טרוקר אקסל OPTI-12X100 (1) + טרוקר אקסל OPTI-5X100 (1) + טרוקר אקסל OPTI-סכין-5X100 (1),Cheap,1,1117.45,1117.45
PROGRIP FLAT SHEET MESH 15X10 (1) + טרוקר אקסל OPTI-5X100 (1) + טרוקר אקסל ללא סכין 11 B11LT (1),Cheap,1,1042.45,1042.45
PROGRIP FLAT SHEET MESH 15X10 (1) + טרוקר אקסל OPTI-5X100 (1) + טרוקר אקסל ללא סכין 11 B11LT (1) + ליגשור מרילנד ארוך - LF1937 (1) + סקשן איריגיישיין 5 (1) + שרוול אקסל OPTI-5X100 (1),Cheap,1,2424.3345,2424.3345
PROGRIP FLAT SHEET MESH 15X10 (1) + טרוקר אקסל OPTI-5X100 (1) + טרוקר אקסל ללא סכין 11 B11LT (1) + שרוול אקסל 10-11  CB11LT (1) + שרוול אקסל OPTI-5X100 (1),Cheap,1,1192.45,1192.45
"PROGRIP FLAT SHEET MESH 15X10 (1) + טרוקר אקסל OPTI-סכין-12X100 (1) + טרוקר אקסל OPTI-סכין-5X100 (1) + מספריים מונופולר 5 מ""מ (1) + שרוול אקסל OPTI-5X100 (1)",Cheap,1,1200.0241,1200.0241
PROGRIP FLAT SHEET MESH 15X10 (1) + טרוקר אקסל OPTI-סכין-5X100 (1) + טרוקר אקסל ללא סכין 11 B11LT (1) + טרוקר אקסל עם סכין 10-11 D11LT (1),Cheap,1,1117.45,1117.45
PROGRIP FLAT SHEET MESH 15X10 (1) + טרוקר אקסל OPTI-סכין-5X100 (1) + טרוקר אקסל ללא סכין 11 B11LT (1) + שרוול אקסל OPTI-5X100 (1),Cheap,1,1117.45,1117.45
PROGRIP FLAT SHEET MESH 15X10 (1) + טרוקר אקסל OPTI-סכין-5X100 (1) + טרוקר אקסל עם סכין 10-11 D11LT (1),Cheap,1,1042.45,1042.45
PROGRIP FLAT SHEET MESH 15X10 (1) + טרוקר אקסל OPTI-סכין-5X100 (1) + טרוקר אקסל עם סכין 10-11 D11LT (1) + שרוול אקסל OPTI-5X100 (1),Cheap,1,1117.45,1117.45
"PROGRIP FLAT SHEET MESH 16X12 (1) + V-LOC 3/0 R.B.26-VLOCM0604 (1) + טרוקר אקסל OPTI-סכין-5X100 (1) + טרוקר אקסל עם סכין 10-11 D11LT (1) + מספריים מונופולר 5 מ""מ (1) + שרוול אקסל OPTI-5X100 (1)",Cheap,1,1287.4505,1287.4505
ULTRAPRO ADVANCED MESH 15*15CM (1) + בלון אמצעי T10SB (1) + בלון דו צדדי PDBS2 (1) + טאקר נספג - 15 סיכות (1) + טרוקר ללא סכין 5 NB5STF (1),Cheap,1,2035.7567,2035.7567
"ULTRAPRO ADVANCED MESH 15*30CM (1) + בלון אמצעי T10SB (1) + בלון דו צדדי PDBS2 (1) + טאקר נספג - 15 סיכות (1) + טרוקר אקסל OPTI-5X100 (1) + מספריים מונופולר 5 מ""מ (1) + שרוול אקסל OPTI-5X100 (1)",Cheap,1,2401.2795,2401.2795
ULTRAPRO ADVANCED MESH 15*30CM (1) + בלון אמצעי T10SB (1) + בלון דו צדדי PDBS2 (1) + טאקר נספג - 15 סיכות (1) + טרוקר אקסל OPTI-5X100 (1) + סקשן איריגיישיין 5 (1) + שרוול אקסל OPTI-5X100 (1),Cheap,1,2262.1450999999997,2262.1450999999997
ULTRAPRO ADVANCED MESH 15*30CM (1) + בלון אמצעי T10SB (1) + בלון דו צדדי PDBS2 (1) + טאקר נספג - 15 סיכות (1) + טרוקר ללא סכין 5 NB5STF (1),Cheap,1,2247.3267,2247.3267
ULTRAPRO ADVANCED MESH 15*30CM (1) + בלון אמצעי T10SB (1) + בלון דו צדדי PDBS2 (1) + טאקר נספג - 15 סיכות (1) + טרוקר ללא סכין 5 NB5STF (1) + מספריים לאפ (1) + סקשן איריגיישיין 5 (1),Cheap,1,2308.9809,2308.9809
"ULTRAPRO ADVANCED MESH 15*30CM (1) + בלון אמצעי T10SB (1) + בלון דו צדדי PDBS2 (1) + טאקר נספג - 15 סיכות (1) + טרוקר ללא סכין 5 NB5STF (1) + מספריים מונופולר 5 מ""מ (1)",Cheap,1,2325.937,2325.937
V-LOC 3/0 R.B.26-VLOCM0604 (1) + טרוקר CFF33 - 11X100 (1) + טרוקר אקסל OPTI-12X100 (1) + טרוקר אקסל OPTI-5X100 (1) + טרוקר אקסל ללא סכין 11 B11LT (1) + ליגשור מרילנד ארוך - LF1937 (1) + סקשן איריגיישיין 5 (1),Cheap,1,1713.4413,1713.4413
V-LOC 3/0 R.B.26-VLOCM0604 (1) + טרוקר אקסל ללא סכין 11 B11LT (1) + טרוקר ללא סכין 5 NB5STF (1),Cheap,1,244.0833,244.0833
"VERSATEX MONO.MESH-VTX1515 (1) + אנדו קלינצ' 5 174317 (1) + אנדו קליפ 5 EL5ML (1) + בלון להרניה עגול - SMBTTRNDX (1) + טאקר נספג - 15 סיכות (1) + מחט ורז 150 מ""מ - חד פעמי (1)",Cheap,1,2677.0261,2677.0261
VERSATEX MONO.MESH-VTX1515 (1) + טאקר נספג - 15 סיכות (1),Cheap,1,1066.6667,1066.6667
טרוקר אקסל OPTI-5X100 (1),Cheap,1,75.0,75.0
"""L"" HOOK ELECTRODE 5X32CM (1) + 3DMAX LIGHT 8X 3CM - LEFT (1) + 3DMAX LIGHT 8X13CM - RIGHT (1) + בלון להרניה עגול - SMBTTRNDX (1) + טאקר נספג-25 סיכות-ETHICON (1) + סקשן איריגיישיין 5 (1)",Expensive,1,3115.8269,3115.8269
3DMAX EX.LARGE 12X17-RIGHT (1) + 3DMAX LARGE 10.8X16-LEFT (1) + 3DMAX LARGE 10.8X16-RIGHT (1) + ENDO BAG 5X7IN (1) + LIQUIBAND FIX8 טאקר דבק (1) + V-LOC 3/0 R.B.26-VLOCM0604 (1) + אנדו קלינצ 5 מ''מ (1) + טאקר נספג - 15 סיכות (1) + טרוקר אקסל ללא סכין 11 B11LT (1) + טרוקר ללא סכין 5 NB5STF (1) + מספריים לאפ (1) + סקשן איריגיישיין 5 (1),Expensive,1,3522.0528,3522.0528
"3DMAX LARGE 10.8X16-LEFT (1) + 3DMAX LARGE 10.8X16-RIGHT (1) + CAPSURE טאקר 30 (1) + CLOSURE DEVICE (1) + VERSAONE BLADED TROCAR WITH FI (1) + בלון אמצעי T10SB (1) + בלון דו צדדי PDBS2 (1) + מספריים מונופולר 5 מ""מ (1) + סקשן איריגיישיין 5 (1)",Expensive,1,3022.8156,3022.8156
3DMAX LARGE 10.8X16-LEFT (1) + 3DMAX LARGE 10.8X16-RIGHT (1) + CAPSURE טאקר 30 (1) + LIQUIBAND FIX8 טאקר דבק (1) + SURGICEL 10CM * 20CM (1) + בלון אמצעי T10SB (1) + בלון דו צדדי PDBS2 (1) + טרוקר CFF03 - 5X100 (1) + סקשן איריגיישיין 5 (1),Expensive,1,3932.5724999999998,3932.5724999999998
"3DMAX LARGE 10.8X16-LEFT (1) + 3DMAX LARGE 10.8X16-RIGHT (1) + CAPSURE טאקר 30 (1) + אנדו קלינצ' 5 174317 (1) + טאקר נספג-12 סיכות-ETHICON (1) + טרוקר אקסל OPTI-סכין-5X100 (1) + מספריים מונופולר 5 מ""מ (1) + שרוול אקסל 10-11  CB11LT (1) + שרוול אקסל OPTI-5X100 (1)",Expensive,1,3570.7855,3570.7855
3DMAX LARGE 10.8X16-LEFT (1) + 3DMAX LARGE 10.8X16-RIGHT (1) + CAPSURE טאקר 30 (1) + אנדו קליפ 5 176630 (1) + בלון אמצעי T10SB (1) + בלון דו צדדי PDBS2 (1) + טרוקר CFF03 - 5X100 (1) + מספריים לאפ (1) + סקשן איריגיישיין 5 (1) + שרוול לטרוקר 5 - CFS02 (1),Expensive,1,3700.2673999999997,3700.2673999999997
3DMAX LARGE 10.8X16-LEFT (1) + 3DMAX LARGE 10.8X16-RIGHT (1) + CAPSURE טאקר 30 (1) + אנדו קליפ 5 EL5ML (1) + טאקר נספג-12 סיכות-ETHICON (1) + שרוול אקסל 10-11  CB11LT (1),Expensive,1,3997.8532,3997.8532
"3DMAX LARGE 10.8X16-LEFT (1) + 3DMAX LARGE 10.8X16-RIGHT (1) + CAPSURE טאקר 30 (1) + בלון אמצעי T10SB (1) + בלון דו צדדי PDBS2 (1) + טרוקר CFF03 - 5X100 (1) + מספריים מונופולר 5 מ""מ (1) + שרוול לטרוקר 5 - CFS02 (1)",Expensive,1,3025.0971,3025.0971
3DMAX LARGE 10.8X16-LEFT (1) + 3DMAX LARGE 10.8X16-RIGHT (1) + CLOSURE DEVICE (1) + MICROVAL 7.5 X 15CM (1) + VENTRALIGHT ST CIRCLE MESH 15. (1) + אנדו קלינצ 5 מ''מ (1) + אנדו קליפ 5 EL5ML (1) + בלון אמצעי T10SB (1) + בלון דו צדדי PDBS2 (1) + טאקר נספג - 15 סיכות (1) + טאקר נספג-25 סיכות-ETHICON (1) + טרוקר אקסל עם סכין 5 D5ST (1) + סקשן איריגיישיין 5 (1),Expensive,1,6074.5264,6074.5264
3DMAX LARGE 10.8X16-LEFT (1) + 3DMAX LARGE 10.8X16-RIGHT (1) + ENDO BAG 5X7IN (1) + LIQUIBAND FIX8 טאקר דבק (1) + SURGICEL FIBRILLAR 5CM*10CM (1) + V-LOC 3/0 R.B.26-VLOCM0604 (2) + טאקר נספג - 15 סיכות (1) + טרוקר אקסל ללא סכין 11 B11LT (1) + טרוקר ללא סכין 5 NB5STF (1) + ליגשור מרילנד ארוך - LF1937 (1) + סקשן איריגיישיין 5 (1),Expensive,1,4688.3847,4688.3847
3DMAX LARGE 10.8X16-LEFT (1) + 3DMAX LARGE 10.8X16-RIGHT (1) + FILBLOC 90 3/0  - FU395HHFAB (1) + FILBLOC 90 3/0 - FU400HHFAB (1) + אנדו קליפ 5 176630 (1) + טאקר נספג-25 סיכות-ETHICON (1) + טרוקר CFF03 - 5X100 (1) + טרוקר אקסל ללא סכין 11 B11LT (1) + מספריים לאפ (1) + סקשן איריגיישיין 5 (1),Expensive,1,3538.9422999999997,3538.9422999999997
3DMAX LARGE 10.8X16-LEFT (1) + 3DMAX LARGE 10.8X16-RIGHT (1) + FILBLOC 90 3/0  - FU395HHFAB (1) + אנדו קלינצ' 5 174317 (1) + אנדו קליפ 5 EL5ML (1) + טאקר נספג-12 סיכות-ETHICON (1) + טרוקר CFF03 - 5X100 (1) + טרוקר אקסל עם סכין 10-11 D11LT (1) + מספריים לאפ (1) + סקשן איריגיישיין 5 (1) + שרוול לטרוקר 5 - CFS02 (1),Expensive,1,3360.9407,3360.9407
3DMAX LARGE 10.8X16-LEFT (1) + 3DMAX LARGE 10.8X16-RIGHT (1) + FILBLOC 90 3/0  - FU395HHFAB (1) + אנדו קליפ 5 176630 (1) + טאקר נספג-12 סיכות-ETHICON (1) + טרוקר CFF03 - 5X100 (1) + טרוקר אקסל ללא סכין 11 B11LT (1) + סקשן איריגיישיין 5 (1) + שרוול לטרוקר 5 - CFS02 (1),Expensive,1,3304.0835,3304.0835
3DMAX LARGE 10.8X16-LEFT (1) + 3DMAX LARGE 10.8X16-RIGHT (1) + FILBLOC 90 3/0  - FU395HHFAB (1) + טאקר נספג-12 סיכות-ETHICON (1) + טרוקר CFF03 - 5X100 (1) + טרוקר אקסל ללא סכין 11 B11LT (1) + מספריים לאפ (1) + שרוול לטרוקר 5 - CFS02 (1),Expensive,1,2532.8449,2532.8449
3DMAX LARGE 10.8X16-LEFT (1) + 3DMAX LARGE 10.8X16-RIGHT (1) + FILBLOC 90 3/0  - FU395HHFAB (1) + טאקר נספג-12 סיכות-ETHICON (1) + טרוקר אקסל OPTI-12X100 (1) + טרוקר אקסל OPTI-5X100 (1) + מספריים לאפ (1) + סקשן איריגיישיין 5 (1) + שרוול אקסל OPTI-5X100 (1),Expensive,1,2506.0324,2506.0324
3DMAX LARGE 10.8X16-LEFT (1) + 3DMAX LARGE 10.8X16-RIGHT (1) + FILBLOC 90 3/0  - FU395HHFAB (1) + טאקר נספג-12 סיכות-ETHICON (1) + טרוקר אקסל OPTI-5X100 (1) + טרוקר אקסל ללא סכין 11 B11LT (1) + שרוול אקסל OPTI-5X100 (1),Expensive,1,2517.9353,2517.9353
3DMAX LARGE 10.8X16-LEFT (1) + 3DMAX LARGE 10.8X16-RIGHT (1) + FILBLOC 90 3/0 - FU400HHFAB (1) + V-LOC 3/0 R.B.17-VLOCM0804 (1) + אנדו קליפ 10 176625 (1) + טאקר נספג-12 סיכות-ETHICON (1) + טרוקר CFF03 - 5X100 (1) + טרוקר אקסל OPTI-סכין-12X100 (1) + מספריים לאפ (1) + סקשן איריגיישיין 5 (1) + שרוול לטרוקר 5 - CFS02 (1),Expensive,1,3219.7854,3219.7854
3DMAX LARGE 10.8X16-LEFT (1) + 3DMAX LARGE 10.8X16-RIGHT (1) + LIQUIBAND FIX8 טאקר דבק (1) + MICROVAL 7.5 X 15CM (1) + V-LOC 3/0 R.B.26-VLOCM0604 (1) + VERSAONE BLADED TROCAR WITH FI (1) + אנדו קלינצ 5 מ''מ (1) + טרוקר אקסל ללא סכין 11 B11LT (1) + טרוקר ללא סכין 5 NB5STF (1) + ליגשור מרילנד ארוך - LF1937 (1) + מספריים לאפ (1) + סקשן איריגיישיין 5 (1),Expensive,1,3632.3248,3632.3248
3DMAX LARGE 10.8X16-LEFT (1) + 3DMAX LARGE 10.8X16-RIGHT (1) + LIQUIBAND FIX8 טאקר דבק (1) + SURGICEL FIBRILLAR 2.5CM*5.1CM (1) + SURGICEL FIBRILLAR 5CM*10CM (1) + V-LOC 3/0 R.B.26-VLOCM0604 (1) + VERSAONE BLADED TROCAR WITH FI (1) + אנדו קליפ 5 176630 (1) + טרוקר אקסל ללא סכין 11 B11LT (1) + טרוקר ללא סכין 5 NB5STF (1) + מספריים לאפ (1) + סקשן איריגיישיין 5 (1),Expensive,1,3499.6866999999997,3499.6866999999997
3DMAX LARGE 10.8X16-LEFT (1) + 3DMAX LARGE 10.8X16-RIGHT (1) + LIQUIBAND FIX8 טאקר דבק (1) + SURGICEL FIBRILLAR 2.5CM*5.1CM (1) + SURGICEL FIBRILLAR 5CM*10CM (1) + אנדו קליפ 5 176630 (1) + בלון אמצעי T10SB (1) + בלון דו צדדי PDBS2 (1) + טרוקר CFF03 - 5X100 (1) + טרוקר CFF33 - 11X100 (1) + סקשן איריגיישיין 5 (1),Expensive,1,4062.2297,4062.2297
3DMAX LARGE 10.8X16-LEFT (1) + 3DMAX LARGE 10.8X16-RIGHT (1) + LIQUIBAND FIX8 טאקר דבק (1) + SURGICEL FIBRILLAR 5CM*10CM (1) + V-LOC 3/0 R.B.26-VLOCM0604 (1) + VENTRALEX SMALL - 5950007 (1) + טרוקר אקסל ללא סכין 11 B11LT (1) + טרוקר ללא סכין 5 NB5STF (1) + מספריים לאפ (1) + סקשן איריגיישיין 5 (1),Expensive,1,3673.2583999999997,3673.2583999999997
3DMAX LARGE 10.8X16-LEFT (1) + 3DMAX LARGE 10.8X16-RIGHT (1) + LIQUIBAND FIX8 טאקר דבק (1) + SURGICEL FIBRILLAR 5CM*10CM (1) + אנדו קלינצ 5 מ''מ (1) + אנדו קליפ 5 176630 (1) + בלון אמצעי T10SB (1) + בלון דו צדדי PDBS2 (1) + טרוקר CFF03 - 5X100 (1) + טרוקר חסן 10 T10BT (1) + טרוקר ללא סכין 5 NB5STF (1) + סקשן איריגיישיין 5 (1) + שרוול לטרוקר 5 - CFS02 (1),Expensive,1,4361.2544,4361.2544
3DMAX LARGE 10.8X16-LEFT (1) + 3DMAX LARGE 10.8X16-RIGHT (1) + LIQUIBAND FIX8 טאקר דבק (1) + SURGICEL FIBRILLAR 5CM*10CM (1) + בלון דו צדדי PDBS2 (1) + טרוקר CFF03 - 5X100 (1) + טרוקר CFF33 - 11X100 (1) + מספריים לאפ (1) + סקשן איריגיישיין 5 (1) + שרוול לטרוקר 5 - CFS02 (1),Expensive,1,2776.2122,2776.2122
"3DMAX LARGE 10.8X16-LEFT (1) + 3DMAX LARGE 10.8X16-RIGHT (1) + LIQUIBAND FIX8 טאקר דבק (1) + V-LOC 3/0 R.B.17-VLOCM0804 (1) + אנדו קלינצ 5 מ''מ (1) + אנדו קליפ 5 176630 (1) + בלון אמצעי T10SB (1) + בלון דו צדדי PDBS2 (1) + טרוקר ללא סכין 5 NB5STF (1) + מספריים מונופולר 5 מ""מ (1) + סקשן איריגיישיין 5 (1)",Expensive,1,3717.4924,3717.4924
3DMAX LARGE 10.8X16-LEFT (1) + 3DMAX LARGE 10.8X16-RIGHT (1) + LIQUIBAND FIX8 טאקר דבק (1) + V-LOC 3/0 R.B.26-VLOCM0604 (1) + טרוקר אקסל OPTI-5X100 (1) + טרוקר אקסל ללא סכין 11 B11LT (1) + מספריים לאפ (1) + סקשן איריגיישיין 5 (1) + שרוול אקסל OPTI-5X100 (1),Expensive,1,2308.3962,2308.3962
"3DMAX LARGE 10.8X16-LEFT (1) + 3DMAX LARGE 10.8X16-RIGHT (1) + LIQUIBAND FIX8 טאקר דבק (1) + V-LOC 3/0 R.B.26-VLOCM0604 (1) + טרוקר אקסל ללא סכין 11 B11LT (1) + טרוקר ללא סכין 5 NB5STF (1) + מספריים מונופולר 5 מ""מ (1) + סקשן איריגיישיין 5 (1)",Expensive,1,2255.4993999999997,2255.4993999999997
3DMAX LARGE 10.8X16-LEFT (1) + 3DMAX LARGE 10.8X16-RIGHT (1) + LIQUIBAND FIX8 טאקר דבק (1) + VENTRALEX MEDIUM - 5950008 (1) + אנדו קליפ 5 176630 (1) + בלון אמצעי T10SB (1) + בלון דו צדדי PDBS2 (1) + טרוקר CFF03 - 5X100 (1) + טרוקר ללא סכין 5 NB5STF (1) + מספריים לאפ (1) + סקשן איריגיישיין 5 (1) + שרוול לטרוקר 5 - CFS02 (1),Expensive,1,5020.8231,5020.8231
"3DMAX LARGE 10.8X16-LEFT (1) + 3DMAX LARGE 10.8X16-RIGHT (1) + LIQUIBAND FIX8 טאקר דבק (1) + VENTRALEX SMALL - 5950007 (1) + בלון אמצעי T10SB (1) + בלון דו צדדי PDBS2 (1) + טרוקר CFF03 - 5X100 (1) + טרוקר אקסל OPTI-סכין-5X100 (1) + מספריים מונופולר 5 מ""מ (1) + סקשן איריגיישיין 5 (1) + שרוול אקסל OPTI-5X100 (1) + שרוול לטרוקר 5 - CFS02 (1)",Expensive,1,4213.9833,4213.9833
3DMAX LARGE 10.8X16-LEFT (1) + 3DMAX LARGE 10.8X16-RIGHT (1) + LIQUIBAND FIX8 טאקר דבק (1) + VERSAONE BLADED TROCAR WITH FI (1) + אנדו קליפ 5 176630 (1) + בלון דו צדדי PDBS2 (1) + טרוקר CFF33 - 11X100 (1) + מספריים לאפ (1) + סקשן איריגיישיין 5 (1),Expensive,1,3187.3485,3187.3485
3DMAX LARGE 10.8X16-LEFT (1) + 3DMAX LARGE 10.8X16-RIGHT (1) + LIQUIBAND FIX8 טאקר דבק (1) + אנדו קלינצ 5 מ''מ (1) + בלון דו צדדי PDBS2 (1) + טרוקר CFF03 - 5X100 (1) + טרוקר CFF33 - 11X100 (1) + סקשן איריגיישיין 5 (1) + שרוול לטרוקר 5 - CFS02 (1),Expensive,1,2474.9791999999998,2474.9791999999998
3DMAX LARGE 10.8X16-LEFT (1) + 3DMAX LARGE 10.8X16-RIGHT (1) + LIQUIBAND FIX8 טאקר דבק (1) + אנדו קליפ 5 176630 (1) + בלון אמצעי T10SB (1) + בלון דו צדדי PDBS2 (1) + טאקר נספג-12 סיכות-ETHICON (1) + טרוקר אקסל OPTI-סכין-5X100 (1) + שרוול אקסל OPTI-5X100 (1),Expensive,1,4815.6346,4815.6346
3DMAX LARGE 10.8X16-LEFT (1) + 3DMAX LARGE 10.8X16-RIGHT (1) + LIQUIBAND FIX8 טאקר דבק (1) + אנדו קליפ 5 176630 (1) + בלון אמצעי T10SB (1) + בלון דו צדדי PDBS2 (1) + טרוקר CFF03 - 5X100 (1) + טרוקר CFF33 - 11X100 (1) + טרוקר חסן 10 T10BT (1) + סקשן איריגיישיין 5 (1) + שרוול לטרוקר 5 - CFS02 (1),Expensive,1,4019.2061,4019.2061
3DMAX LARGE 10.8X16-LEFT (1) + 3DMAX LARGE 10.8X16-RIGHT (1) + LIQUIBAND FIX8 טאקר דבק (1) + אנדו קליפ 5 176630 (1) + בלון דו צדדי PDBS2 (1) + טרוקר CFF03 - 5X100 (1) + טרוקר CFF33 - 11X100 (1) + סקשן איריגיישיין 5 (1) + שרוול לטרוקר 5 - CFS02 (1),Expensive,1,3246.8091,3246.8091
3DMAX LARGE 10.8X16-LEFT (1) + 3DMAX LARGE 10.8X16-RIGHT (1) + LIQUIBAND FIX8 טאקר דבק (1) + אנדו קליפ 5 176630 (1) + בלון דו צדדי PDBS2 (1) + טרוקר CFF33 - 11X100 (1) + טרוקר ללא סכין 5 NB5STF (1),Expensive,1,3163.3889,3163.3889
3DMAX LARGE 10.8X16-LEFT (1) + 3DMAX LARGE 10.8X16-RIGHT (1) + LIQUIBAND FIX8 טאקר דבק (1) + בלון אמצעי T10SB (1) + בלון דו צדדי PDBS2 (1) + טרוקר CFF03 - 5X100 (1),Expensive,1,2729.6366000000003,2729.6366000000003
3DMAX LARGE 10.8X16-LEFT (1) + 3DMAX LARGE 10.8X16-RIGHT (1) + LIQUIBAND FIX8 טאקר דבק (1) + בלון אמצעי T10SB (1) + בלון דו צדדי PDBS2 (1) + טרוקר CFF03 - 5X100 (1) + טרוקר ללא סכין 5 NB5STF (1) + סקשן איריגיישיין 5 (1) + שרוול לטרוקר 5 - CFS02 (1),Expensive,1,2869.9451,2869.9451
3DMAX LARGE 10.8X16-LEFT (1) + 3DMAX LARGE 10.8X16-RIGHT (1) + LIQUIBAND FIX8 טאקר דבק (1) + בלון אמצעי T10SB (1) + בלון דו צדדי PDBS2 (1) + טרוקר CFF03 - 5X100 (1) + מספריים לאפ (1),Expensive,1,2730.6366,2730.6366
"3DMAX LARGE 10.8X16-LEFT (1) + 3DMAX LARGE 10.8X16-RIGHT (1) + LIQUIBAND FIX8 טאקר דבק (1) + בלון אמצעי T10SB (1) + בלון דו צדדי PDBS2 (1) + טרוקר CFF03 - 5X100 (1) + מספריים מונופולר 5 מ""מ (1) + סקשן איריגיישיין 5 (1) + שרוול לטרוקר 5 - CFS02 (1)",Expensive,1,2857.1133,2857.1133
3DMAX LARGE 10.8X16-LEFT (1) + 3DMAX LARGE 10.8X16-RIGHT (1) + LIQUIBAND FIX8 טאקר דבק (1) + בלון אמצעי T10SB (1) + בלון דו צדדי PDBS2 (1) + טרוקר CFF03 - 5X100 (1) + שרוול לטרוקר 5 - CFS02 (1),Expensive,1,2723.9694,2723.9694
3DMAX LARGE 10.8X16-LEFT (1) + 3DMAX LARGE 10.8X16-RIGHT (1) + LIQUIBAND FIX8 טאקר דבק (1) + בלון אמצעי T10SB (1) + בלון דו צדדי PDBS2 (1) + טרוקר אקסל OPTI-5X100 (1) + שרוול אקסל OPTI-5X100 (1),Expensive,1,2721.8746,2721.8746
"3DMAX LARGE 10.8X16-LEFT (1) + 3DMAX LARGE 10.8X16-RIGHT (1) + LIQUIBAND FIX8 טאקר דבק (1) + בלון אמצעי T10SB (1) + בלון דו צדדי PDBS2 (1) + טרוקר ללא סכין 5 NB5STF (1) + מספריים מונופולר 5 מ""מ (1) + סקשן איריגיישיין 5 (1)",Expensive,1,2866.269,2866.269
"3DMAX LARGE 10.8X16-LEFT (1) + 3DMAX LARGE 10.8X16-RIGHT (1) + LIQUIBAND FIX8 טאקר דבק (1) + בלון דו צדדי PDBS2 (1) + טרוקר CFF03 - 5X100 (1) + טרוקר CFF33 - 11X100 (1) + מספריים מונופולר 5 מ""מ (1) + סקשן איריגיישיין 5 (1) + שרוול לטרוקר 5 - CFS02 (1)",Expensive,1,2550.2385999999997,2550.2385999999997
3DMAX LARGE 10.8X16-LEFT (1) + 3DMAX LARGE 10.8X16-RIGHT (1) + LIQUIBAND FIX8 טאקר דבק (1) + בלון דו צדדי PDBS2 (1) + טרוקר CFF03 - 5X100 (1) + טרוקר CFF33 - 11X100 (1) + סקשן איריגיישיין 5 (1) + שרוול לטרוקר 5 - CFS02 (1),Expensive,1,2473.9791999999998,2473.9791999999998
3DMAX LARGE 10.8X16-LEFT (1) + 3DMAX LARGE 10.8X16-RIGHT (1) + LIQUIBAND FIX8 טאקר דבק (1) + בלון דו צדדי PDBS2 (1) + טרוקר CFF33 - 11X100 (1) + טרוקר ללא סכין 5 NB5STF (1) + מספריים לאפ (1) + סקשן איריגיישיין 5 (1),Expensive,1,2451.0173,2451.0173
3DMAX LARGE 10.8X16-LEFT (1) + 3DMAX LARGE 10.8X16-RIGHT (1) + MICROVAL 15 X 15CM (1) + אנדו קלינצ' 5 174317 (1) + בלון אמצעי T10SB (1) + בלון דו צדדי PDBS2 (1) + טאקר נספג - 15 סיכות (1) + טרוקר אקסל עם סכין 5 D5ST (1) + סקשן איריגיישיין 5 (1),Expensive,1,2720.6633,2720.6633
3DMAX LARGE 10.8X16-LEFT (1) + 3DMAX LARGE 10.8X16-RIGHT (1) + MICROVAL 15 X 15CM (1) + אנדו קליפ 5 176630 (1) + אנדו קליפ 5 EL5ML (1) + בלון אמצעי T10SB (1) + בלון דו צדדי PDBS2 (1) + טאקר נספג - 15 סיכות (1) + טרוקר אקסל עם סכין 5 D5ST (1) + סקשן איריגיישיין 5 (1),Expensive,1,4107.5403,4107.5403
"3DMAX LARGE 10.8X16-LEFT (1) + 3DMAX LARGE 10.8X16-RIGHT (1) + MICROVAL 7.5 X 15CM (1) + VENTRALEX SMALL - 5950007 (1) + בלון אמצעי T10SB (1) + בלון דו צדדי PDBS2 (1) + טאקר נספג - 15 סיכות (1) + טרוקר אקסל עם סכין 5 D5ST (1) + מספריים מונופולר 5 מ""מ (1) + סקשן איריגיישיין 5 (1)",Expensive,1,3845.1058,3845.1058
3DMAX LARGE 10.8X16-LEFT (1) + 3DMAX LARGE 10.8X16-RIGHT (1) + MICROVAL 7.5 X 15CM (1) + אנדו קלינצ 5 מ''מ (1) + בלון אמצעי T10SB (1) + בלון דו צדדי PDBS2 (1) + טאקר נספג - 15 סיכות (1) + טרוקר אקסל OPTI-סכין-5X100 (1) + מספריים לאפ (1) + שרוול אקסל OPTI-5X100 (1),Expensive,1,2689.4174000000003,2689.4174000000003
3DMAX LARGE 10.8X16-LEFT (1) + 3DMAX LARGE 10.8X16-RIGHT (1) + MICROVAL 7.5 X 15CM (1) + אנדו קלינצ 5 מ''מ (1) + בלון אמצעי T10SB (1) + בלון דו צדדי PDBS2 (1) + טאקר נספג - 15 סיכות (1) + טרוקר אקסל עם סכין 5 D5ST (1) + מספריים לאפ (1) + סקשן איריגיישיין 5 (1),Expensive,1,2655.2655,2655.2655
3DMAX LARGE 10.8X16-LEFT (1) + 3DMAX LARGE 10.8X16-RIGHT (1) + MICROVAL 7.5 X 15CM (1) + אנדו קלינצ 5 מ''מ (1) + בלון אמצעי T10SB (1) + בלון דו צדדי PDBS2 (1) + טאקר נספג - 15 סיכות (1) + טרוקר אקסל עם סכין 5 D5ST (1) + סקשן איריגיישיין 5 (1),Expensive,1,2607.7765,2607.7765
3DMAX LARGE 10.8X16-LEFT (1) + 3DMAX LARGE 10.8X16-RIGHT (1) + MICROVAL 7.5 X 15CM (1) + אנדו קליפ 5 176630 (1) + אנדו קליפ 5 EL5ML (1) + בלון אמצעי T10SB (1) + בלון דו צדדי PDBS2 (1) + טאקר נספג - 15 סיכות (1) + טרוקר אקסל עם סכין 5 D5ST (1) + סקשן איריגיישיין 5 (1),Expensive,1,4188.5702,4188.5702
3DMAX LARGE 10.8X16-LEFT (1) + 3DMAX LARGE 10.8X16-RIGHT (1) + MICROVAL 7.5 X 15CM (1) + אנדו קליפ 5 176630 (1) + בלון אמצעי T10SB (1) + בלון דו צדדי PDBS2 (1) + טאקר נספג - 15 סיכות (1) + טרוקר אקסל עם סכין 5 D5ST (1),Expensive,1,3385.5776,3385.5776
3DMAX LARGE 10.8X16-LEFT (1) + 3DMAX LARGE 10.8X16-RIGHT (1) + MICROVAL 7.5 X 15CM (1) + אנדו קליפ 5 EL5ML (1) + טאקר נספג - 15 סיכות (1),Expensive,1,2485.1779,2485.1779
"3DMAX LARGE 10.8X16-LEFT (1) + 3DMAX LARGE 10.8X16-RIGHT (1) + MICROVAL 7.5 X 15CM (1) + בלון אמצעי T10SB (1) + בלון דו צדדי PDBS2 (1) + טאקר נספג - 15 סיכות (1) + טרוקר אקסל עם סכין 5 D5ST (1) + מספריים מונופולר 5 מ""מ (1) + סקשן איריגיישיין 5 (1)",Expensive,1,2757.0244000000002,2757.0244000000002
3DMAX LARGE 10.8X16-LEFT (1) + 3DMAX LARGE 10.8X16-RIGHT (1) + OPTIFIX  ABSORBABLE 30 SUTURE (1) + בלון אמצעי T10SB (1) + בלון דו צדדי PDBS2 (1) + טרוקר CFF03 - 5X100 (1) + טרוקר אקסל עם סכין 10-11 D11LT (1) + שרוול לטרוקר 5 - CFS02 (1),Expensive,1,2982.1118,2982.1118
3DMAX LARGE 10.8X16-LEFT (1) + 3DMAX LARGE 10.8X16-RIGHT (1) + PDS 0 ENDO L. 45 -EZ10G (1) + אנדו קליפ 5 EL5ML (1) + טאקר נספג-25 סיכות-ETHICON (1) + טרוקר אקסל עם סכין 10-11 D11LT (1),Expensive,1,3210.3049,3210.3049
3DMAX LARGE 10.8X16-LEFT (1) + 3DMAX LARGE 10.8X16-RIGHT (1) + PDS 0 ENDO L. 45 -EZ10G (1) + אנדו קליפ 5 EL5ML (1) + טאקר נספג-25 סיכות-ETHICON (1) + שרוול אקסל 10-11  CB11LT (1),Expensive,1,3240.1969,3240.1969
"3DMAX LARGE 10.8X16-LEFT (1) + 3DMAX LARGE 10.8X16-RIGHT (1) + PDS 0 ENDO L. 45 -EZ10G (1) + טאקר נספג-12 סיכות-ETHICON (1) + מספריים מונופולר 5 מ""מ (1) + שרוול אקסל 10-11  CB11LT (1)",Expensive,1,2390.5518,2390.5518
3DMAX LARGE 10.8X16-LEFT (1) + 3DMAX LARGE 10.8X16-RIGHT (1) + POLYSORB 0 E.LOOP 53 (1) + טאקר נספג-12 סיכות-ETHICON (1) + שרוול אקסל 10-11  CB11LT (1),Expensive,1,2387.775,2387.775
"3DMAX LARGE 10.8X16-LEFT (1) + 3DMAX LARGE 10.8X16-RIGHT (1) + SOL. SEPTAL SCRUB 500ML (1) + SOL. SEPTOL 500ML (1) + VENTRALEX MEDIUM - 5950008 (1) + אנדו קליפ 5 EL5ML (1) + בלון אמצעי T10SB (1) + בלון דו צדדי PDBS2 (1) + טאקר נספג - 15 סיכות (1) + מחט ורז 120 מ""מ - חד פעמי (1) + סטפלר לעור (1)",Expensive,1,4561.5994,4561.5994
3DMAX LARGE 10.8X16-LEFT (1) + 3DMAX LARGE 10.8X16-RIGHT (1) + SOL. SEPTAL SCRUB 500ML (1) + SOL. SEPTOL 500ML (1) + VENTRALEX MEDIUM - 5950008 (1) + בלון אמצעי T10SB (1) + בלון דו צדדי PDBS2 (1) + טאקר נספג - 15 סיכות (1) + סטפלר לעור (1),Expensive,1,3778.3858999999998,3778.3858999999998
3DMAX LARGE 10.8X16-LEFT (1) + 3DMAX LARGE 10.8X16-RIGHT (1) + SOL. SEPTAL SCRUB 500ML (1) + SOL. SEPTOL 500ML (1) + VICRYL-P. 0 T.P 27-VCP603H (1) + בלון אמצעי T10SB (1) + בלון דו צדדי PDBS2 (1) + טאקר נספג - 15 סיכות (1),Expensive,1,2425.989,2425.989
"3DMAX LARGE 10.8X16-LEFT (1) + 3DMAX LARGE 10.8X16-RIGHT (1) + SOL. SEPTAL SCRUB 500ML (1) + SOL. SEPTOL 500ML (1) + אנדו קליפ 5 EL5ML (1) + בלון אמצעי T10SB (1) + בלון דו צדדי PDBS2 (1) + טאקר נספג - 15 סיכות (1) + מחט ורז 120 מ""מ - חד פעמי (1) + עפרון לדיאטרמיה+פאוצ' קשיח (1)",Expensive,1,3253.0669,3253.0669
3DMAX LARGE 10.8X16-LEFT (1) + 3DMAX LARGE 10.8X16-RIGHT (1) + SOL. SEPTAL SCRUB 500ML (1) + SOL. SEPTOL 500ML (1) + אנדו קליפ 5 EL5ML (1) + בלון אמצעי T10SB (1) + בלון דו צדדי PDBS2 (1) + טאקר נספג - 15 סיכות (1) + סטפלר לעור (1),Expensive,1,3175.7626,3175.7626
3DMAX LARGE 10.8X16-LEFT (1) + 3DMAX LARGE 10.8X16-RIGHT (1) + SOL. SEPTAL SCRUB 500ML (1) + SOL. SEPTOL 500ML (1) + בלון אמצעי T10SB (1) + בלון דו צדדי PDBS2 (1) + טאקר נספג - 15 סיכות (1) + סטפלר לעור (1) + עפרון לדיאטרמיה+פאוצ' קשיח (1),Expensive,1,2484.4638,2484.4638
3DMAX LARGE 10.8X16-LEFT (1) + 3DMAX LARGE 10.8X16-RIGHT (1) + SOL. SEPTAL SCRUB 500ML (1) + SOL.ALCOHOL+CHLORHEXIDINE 0.5L (1) + SURGICEL 10CM * 20CM (1) + בלון אמצעי T10SB (1) + בלון דו צדדי PDBS2 (1) + טאקר נספג - 15 סיכות (1),Expensive,1,2507.5963,2507.5963
3DMAX LARGE 10.8X16-LEFT (1) + 3DMAX LARGE 10.8X16-RIGHT (1) + SOL. SEPTAL SCRUB 500ML (1) + SOL.ALCOHOL+CHLORHEXIDINE 0.5L (1) + VENTRALEX MEDIUM - 5950008 (1) + VICRYL-P. 0 T.P 27-VCP603H (1) + בלון אמצעי T10SB (1) + בלון דו צדדי PDBS2 (1) + טאקר נספג - 15 סיכות (1),Expensive,1,3785.7716,3785.7716
3DMAX LARGE 10.8X16-LEFT (1) + 3DMAX LARGE 10.8X16-RIGHT (1) + SOL. SEPTAL SCRUB 500ML (1) + SOL.ALCOHOL+CHLORHEXIDINE 0.5L (1) + VENTRALEX SMALL - 5950007 (1) + VICRYL-P. 0 T.P 27-VCP603H (1) + אנדו קליפ 5 EL5ML (1) + בלון אמצעי T10SB (1) + בלון דו צדדי PDBS2 (1) + טאקר נספג - 15 סיכות (1),Expensive,1,4338.996999999999,4338.996999999999
3DMAX LARGE 10.8X16-LEFT (1) + 3DMAX LARGE 10.8X16-RIGHT (1) + SOL. SEPTAL SCRUB 500ML (1) + SOL.ALCOHOL+CHLORHEXIDINE 0.5L (1) + VICRYL-P. 0 T.P 27-VCP603H (1) + בלון אמצעי T10SB (1) + בלון דו צדדי PDBS2 (1) + טאקר נספג - 15 סיכות (1),Expensive,1,2454.3111,2454.3111
3DMAX LARGE 10.8X16-LEFT (1) + 3DMAX LARGE 10.8X16-RIGHT (1) + SOL. SEPTAL SCRUB 500ML (1) + SOL.ALCOHOL+CHLORHEXIDINE 0.5L (1) + אנדו קליפ 5 EL5ML (1) + בלון אמצעי T10SB (1) + בלון דו צדדי PDBS2 (1) + טאקר נספג - 15 סיכות (1),Expensive,1,3226.0499,3226.0499
3DMAX LARGE 10.8X16-LEFT (1) + 3DMAX LARGE 10.8X16-RIGHT (1) + SOL. SEPTAL SCRUB 500ML (1) + SOL.ALCOHOL-ETHANOL 70% 1L (1) + ULTRAPRO MESH 6X11 (1) + טאקר נספג - 15 סיכות (1),Expensive,1,1990.4798,1990.4798
3DMAX LARGE 10.8X16-LEFT (1) + 3DMAX LARGE 10.8X16-RIGHT (1) + SOL. SEPTAL SCRUB 500ML (1) + SOL.ALCOHOL-ETHANOL 70% 1L (1) + אנדו קליפ 5 EL5ML (1) + טאקר נספג - 15 סיכות (1),Expensive,1,2467.509,2467.509
"3DMAX LARGE 10.8X16-LEFT (1) + 3DMAX LARGE 10.8X16-RIGHT (1) + SOL. SEPTAL SCRUB 500ML (1) + SOL.ALCOHOL-ETHANOL 70% 1L (1) + בלון אמצעי T10SB (1) + בלון דו צדדי PDBS2 (1) + טאקר נספג - 15 סיכות (1) + מספריים מונופולר 5 מ""מ (1)",Expensive,1,2489.7776,2489.7776
3DMAX LARGE 10.8X16-LEFT (1) + 3DMAX LARGE 10.8X16-RIGHT (1) + SOL. SEPTAL SCRUB 500ML (1) + SOL.ALCOHOL-ETHANOL 70% 1L (1) + טאקר נספג - 15 סיכות (1),Expensive,1,1705.0243999999998,1705.0243999999998
"3DMAX LARGE 10.8X16-LEFT (1) + 3DMAX LARGE 10.8X16-RIGHT (1) + SOL. SEPTAL SCRUB 500ML (1) + VICRYL-P. 0 T.P 27-VCP603H (1) + אנדו קליפ 5 EL5ML (1) + בלון אמצעי T10SB (1) + בלון דו צדדי PDBS2 (1) + טאקר נספג - 15 סיכות (1) + מחט ורז 120 מ""מ - חד פעמי (1)",Expensive,1,3260.8051,3260.8051
"3DMAX LARGE 10.8X16-LEFT (1) + 3DMAX LARGE 10.8X16-RIGHT (1) + SOL. SEPTOL 500ML (1) + בלון אמצעי T10SB (1) + בלון דו צדדי PDBS2 (1) + טאקר נספג-12 סיכות-ETHICON (1) + טרוקר CFF03 - 5X100 (1) + טרוקר אקסל עם סכין 10-11 D11LT (1) + מספריים מונופולר 5 מ""מ (1) + שרוול אקסל 10-11  CB11LT (1) + שרוול לטרוקר 5 - CFS02 (1)",Expensive,1,3298.5751,3298.5751
3DMAX LARGE 10.8X16-LEFT (1) + 3DMAX LARGE 10.8X16-RIGHT (1) + SOL.ALCOHOL+CHLORHEXIDINE 0.5L (1) + VICRYL-P. 0 T.P 27-VCP603H (1) + VICRYL-P. 2/0 R.C 25 -VCP9582H (1) + אנדו קליפ 5 EL5ML (1) + בלון אמצעי T10SB (1) + בלון דו צדדי PDBS2 (1) + טאקר נספג - 15 סיכות (1),Expensive,1,3149.002,3149.002
3DMAX LARGE 10.8X16-LEFT (1) + 3DMAX LARGE 10.8X16-RIGHT (1) + SOL.ALCOHOL+CHLORHEXIDINE 0.5L (1) + VICRYL-P. 0 T.P 27-VCP603H (1) + בלון אמצעי T10SB (1) + בלון דו צדדי PDBS2 (1) + טאקר נספג - 15 סיכות (1),Expensive,1,2354.121,2354.121
3DMAX LARGE 10.8X16-LEFT (1) + 3DMAX LARGE 10.8X16-RIGHT (1) + SOL.ALCOHOL+CHLORHEXIDINE 0.5L (1) + בלון דו צדדי PDBS2 (1) + טאקר נספג - 15 סיכות (1),Expensive,1,1971.2373,1971.2373
3DMAX LARGE 10.8X16-LEFT (1) + 3DMAX LARGE 10.8X16-RIGHT (1) + SOL.ALCOHOL-ETHANOL 70% 1L (1) + אנדו קליפ 5 EL5ML (1) + בלון אמצעי T10SB (1) + בלון דו צדדי PDBS2 (1) + טאקר נספג - 15 סיכות (1),Expensive,1,3199.497,3199.497
3DMAX LARGE 10.8X16-LEFT (1) + 3DMAX LARGE 10.8X16-RIGHT (1) + ULTRAPRO MESH 6X11 (1) + בלון אמצעי T10SB (1) + בלון דו צדדי PDBS2 (1) + טאקר נספג - 15 סיכות (1) + טרוקר אקסל OPTI-סכין-5X100 (1) + טרוקר אקסל עם סכין 10-11 D11LT (1),Expensive,1,2837.4887,2837.4887
"3DMAX LARGE 10.8X16-LEFT (1) + 3DMAX LARGE 10.8X16-RIGHT (1) + ULTRAPRO MESH 6X11 (1) + בלון אמצעי T10SB (1) + בלון דו צדדי PDBS2 (1) + טאקר נספג - 15 סיכות (1) + טרוקר אקסל עם סכין 10-11 D11LT (1) + מספריים מונופולר 5 מ""מ (1)",Expensive,1,2793.9071,2793.9071
"3DMAX LARGE 10.8X16-LEFT (1) + 3DMAX LARGE 10.8X16-RIGHT (1) + V-LOC 3/0 R.B.26-VLOCM0604 (1) + אנדו קליפ 5 EL5ML (1) + בלון דו צדדי PDBS2 (1) + טאקר נספג-25 סיכות-ETHICON (1) + טרוקר אקסל ללא סכין 11 B11LT (1) + טרוקר ללא סכין 5 NB5STF (1) + מספריים מונופולר 5 מ""מ (1)",Expensive,1,3692.5297,3692.5297
3DMAX LARGE 10.8X16-LEFT (1) + 3DMAX LARGE 10.8X16-RIGHT (1) + V-LOC 3/0 R.B.26-VLOCM0604 (1) + בלון דו צדדי PDBS2 (1) + טאקר נספג-25 סיכות-ETHICON (1) + טרוקר אקסל ללא סכין 11 B11LT (1) + טרוקר ללא סכין 5 NB5STF (1) + מספריים לאפ (1) + סקשן איריגיישיין 5 (1),Expensive,1,2847.2324,2847.2324
3DMAX LARGE 10.8X16-LEFT (1) + 3DMAX LARGE 10.8X16-RIGHT (1) + VENTRALEX MEDIUM - 5950008 (1) + אנדו קלינצ 5 מ''מ (1) + אנדו קליפ 5 EL5ML (1) + בלון אמצעי T10SB (1) + בלון דו צדדי PDBS2 (1) + טאקר נספג-12 סיכות-ETHICON (1),Expensive,1,4956.3756,4956.3756
3DMAX LARGE 10.8X16-LEFT (1) + 3DMAX LARGE 10.8X16-RIGHT (1) + VENTRALEX MEDIUM - 5950008 (1) + בלון אמצעי T10SB (1) + בלון דו צדדי PDBS2 (1) + טאקר נספג-12 סיכות-ETHICON (1),Expensive,1,4159.5948,4159.5948
3DMAX LARGE 10.8X16-LEFT (1) + 3DMAX LARGE 10.8X16-RIGHT (1) + VENTRALEX SMALL - 5950007 (1) + אנדו קלינצ' 5 174317 (1) + אנדו קליפ 5 EL5ML (1) + בלון אמצעי T10SB (1) + בלון דו צדדי PDBS2 (1) + בלון חד צדדי PDB1000 (1) + טאקר נספג-12 סיכות-ETHICON (1),Expensive,1,5349.7256,5349.7256
3DMAX LARGE 10.8X16-LEFT (1) + 3DMAX LARGE 10.8X16-RIGHT (1) + VENTRALEX SMALL - 5950007 (1) + אנדו קליפ 5 EL5ML (1) + בלון אמצעי T10SB (1) + בלון דו צדדי PDBS2 (1) + טאקר נספג-25 סיכות-ETHICON (1),Expensive,1,4991.3568,4991.3568
3DMAX LARGE 10.8X16-LEFT (1) + 3DMAX LARGE 10.8X16-RIGHT (1) + VENTRALEX SMALL - 5950007 (1) + בלון אמצעי T10SB (1) + בלון דו צדדי PDBS2 (1) + טאקר נספג-25 סיכות-ETHICON (1),Expensive,1,4228.871999999999,4228.871999999999
3DMAX LARGE 10.8X16-LEFT (1) + 3DMAX LARGE 10.8X16-RIGHT (1) + VENTRALEX SMALL - 5950007 (1) + טאקר נספג-12 סיכות-ETHICON (1) + שרוול אקסל 10-11  CB11LT (1),Expensive,1,3458.795,3458.795
3DMAX LARGE 10.8X16-LEFT (1) + 3DMAX LARGE 10.8X16-RIGHT (1) + אנדו קלינצ 5 מ''מ (1) + בלון אמצעי T10SB (1) + בלון דו צדדי PDBS2 (1) + טאקר נספג - 15 סיכות (1) + טרוקר אקסל עם סכין 5 D5ST (1) + מספריים לאפ (1) + סקשן איריגיישיין 5 (1),Expensive,1,2545.1958,2545.1958
3DMAX LARGE 10.8X16-LEFT (1) + 3DMAX LARGE 10.8X16-RIGHT (1) + אנדו קלינצ 5 מ''מ (1) + בלון אמצעי T10SB (1) + בלון דו צדדי PDBS2 (1) + טרוקר חסן 10 T10BT (1) + טרוקר ללא סכין 5 NB5STF (1) + מספריים לאפ (1) + סקשן איריגיישיין 5 (1),Expensive,1,2136.0162,2136.0162
"3DMAX LARGE 10.8X16-LEFT (1) + 3DMAX LARGE 10.8X16-RIGHT (1) + אנדו קלינצ' 5 174317 (1) + אנדו קליפ 5 EL5ML (1) + בלון אמצעי T10SB (1) + בלון דו צדדי PDBS2 (1) + טאקר נספג-12 סיכות-ETHICON (1) + מספריים מונופולר 5 מ""מ (1)",Expensive,1,3767.6036,3767.6036
3DMAX LARGE 10.8X16-LEFT (1) + 3DMAX LARGE 10.8X16-RIGHT (1) + אנדו קלינצ' 5 174317 (1) + בלון אמצעי T10SB (1) + בלון דו צדדי PDBS2 (1) + טאקר נספג-12 סיכות-ETHICON (1) + טרוקר אקסל עם סכין 5 D5ST (1) + מספריים לאפ (1) + סקשן איריגיישיין 5 (1),Expensive,1,3059.3988,3059.3988
"3DMAX LARGE 10.8X16-LEFT (1) + 3DMAX LARGE 10.8X16-RIGHT (1) + אנדו קלינצ' 5 174317 (1) + בלון אמצעי T10SB (1) + בלון דו צדדי PDBS2 (1) + טאקר נספג-12 סיכות-ETHICON (1) + מספריים מונופולר 5 מ""מ (1)",Expensive,1,3005.1213,3005.1213
3DMAX LARGE 10.8X16-LEFT (1) + 3DMAX LARGE 10.8X16-RIGHT (1) + אנדו קליפ 10 176625 (1) + טאקר נספג-25 סיכות-ETHICON (1),Expensive,1,2869.7482999999997,2869.7482999999997
3DMAX LARGE 10.8X16-LEFT (1) + 3DMAX LARGE 10.8X16-RIGHT (1) + אנדו קליפ 5 176630 (1) + בלון אמצעי T10SB (1) + בלון דו צדדי PDBS2 (1) + טאקר נטען-20 סיכות MICROVAL (1) + טרוקר CFF03 - 5X100 (1) + מספריים לאפ (1) + סקשן איריגיישיין 5 (1) + שרוול לטרוקר 5 - CFS02 (1),Expensive,1,3454.1679,3454.1679
3DMAX LARGE 10.8X16-LEFT (1) + 3DMAX LARGE 10.8X16-RIGHT (1) + אנדו קליפ 5 176630 (1) + בלון אמצעי T10SB (1) + בלון דו צדדי PDBS2 (1) + טאקר נטען-20 סיכות MICROVAL (1) + טרוקר CFF03 - 5X100 (1) + מספריים לאפ (1) + שרוול לטרוקר 5 - CFS02 (1),Expensive,1,3407.6971,3407.6971
3DMAX LARGE 10.8X16-LEFT (1) + 3DMAX LARGE 10.8X16-RIGHT (1) + אנדו קליפ 5 176630 (1) + בלון אמצעי T10SB (1) + בלון דו צדדי PDBS2 (1) + טאקר נספג-12 סיכות-ETHICON (1) + טרוקר CFF03 - 5X100 (1) + טרוקר אקסל עם סכין 10-11 D11LT (1) + שרוול אקסל 10-11  CB11LT (1) + שרוול לטרוקר 5 - CFS02 (1),Expensive,1,3979.6089,3979.6089
3DMAX LARGE 10.8X16-LEFT (1) + 3DMAX LARGE 10.8X16-RIGHT (1) + אנדו קליפ 5 176630 (1) + בלון אמצעי T10SB (1) + בלון דו צדדי PDBS2 (1) + טאקר נספג-12 סיכות-ETHICON (1) + טרוקר ללא סכין 5 NB5STF (1),Expensive,1,3674.8445,3674.8445
3DMAX LARGE 10.8X16-LEFT (1) + 3DMAX LARGE 10.8X16-RIGHT (1) + אנדו קליפ 5 EL5ML (1) + בלון אמצעי T10SB (1) + בלון דו צדדי PDBS2 (1) + טאקר נספג-12 סיכות-ETHICON (1) + טרוקר אקסל עם סכין 10-11 D11LT (1),Expensive,1,3730.6756000000005,3730.6756000000005
3DMAX LARGE 10.8X16-LEFT (1) + 3DMAX LARGE 10.8X16-RIGHT (1) + אנדו קליפ 5 EL5ML (1) + בלון אמצעי T10SB (1) + בלון דו צדדי PDBS2 (1) + טאקר נספג-12 סיכות-ETHICON (1) + טרוקר ללא סכין 5 NB5STF (1),Expensive,1,3715.3571,3715.3571
"3DMAX LARGE 10.8X16-LEFT (1) + 3DMAX LARGE 10.8X16-RIGHT (1) + אנדו קליפ 5 EL5ML (1) + בלון אמצעי T10SB (1) + בלון דו צדדי PDBS2 (1) + טאקר נספג-12 סיכות-ETHICON (1) + כיסוי מצלמה לפרסקופית (1) + מזרק 20 מ""ל (1) + סטרי-סטריפ 1/2 (1) + פלטה דיאט. ללא כבל-מבוגר (1)",Expensive,1,3613.5447,3613.5447
3DMAX LARGE 10.8X16-LEFT (1) + 3DMAX LARGE 10.8X16-RIGHT (1) + אנדו קליפ 5 EL5ML (1) + בלון אמצעי T10SB (1) + בלון דו צדדי PDBS2 (1) + טאקר נספג-25 סיכות-ETHICON (1),Expensive,1,3722.6848999999997,3722.6848999999997
3DMAX LARGE 10.8X16-LEFT (1) + 3DMAX LARGE 10.8X16-RIGHT (1) + אנדו קליפ 5 EL5ML (1) + בלון אמצעי T10SB (1) + טאקר נספג-12 סיכות-ETHICON (1) + טרוקר CFF03 - 5X100 (1) + שרוול לטרוקר 5 - CFS02 (1),Expensive,1,3447.594,3447.594
3DMAX LARGE 10.8X16-LEFT (1) + 3DMAX LARGE 10.8X16-RIGHT (1) + אנדו קליפ 5 EL5ML (1) + בלון דו צדדי PDBS2 (1) + טאקר נספג-25 סיכות-ETHICON (1) + טרוקר אקסל OPTI-5X100 (1) + טרוקר אקסל ללא סכין 11 B11LT (1) + מספריים לאפ (1) + שרוול אקסל OPTI-5X100 (1),Expensive,1,3584.6071,3584.6071
3DMAX LARGE 10.8X16-LEFT (1) + 3DMAX LARGE 10.8X16-RIGHT (1) + אנדו קליפ 5 EL5ML (1) + טאקר נספג-12 סיכות-ETHICON (1),Expensive,1,2905.8017,2905.8017
3DMAX LARGE 10.8X16-LEFT (1) + 3DMAX LARGE 10.8X16-RIGHT (1) + אנדו קליפ 5 EL5ML (1) + טאקר נספג-12 סיכות-ETHICON (1) + שרוול אקסל 10-11  CB11LT (1),Expensive,1,3033.3368,3033.3368
"3DMAX LARGE 10.8X16-LEFT (1) + 3DMAX LARGE 10.8X16-RIGHT (1) + בלון אמצעי T10SB (1) + בלון דו צדדי PDBS2 (1) + טאקר 5 מ""מ  174006 (1) + טאקר נספג-12 סיכות-ETHICON (1) + טרוקר CFF03 - 5X100 (1) + שרוול לטרוקר 5 - CFS02 (1)",Expensive,1,4426.4374,4426.4374
"3DMAX LARGE 10.8X16-LEFT (1) + 3DMAX LARGE 10.8X16-RIGHT (1) + בלון אמצעי T10SB (1) + בלון דו צדדי PDBS2 (1) + טאקר 5 מ""מ  174006 (1) + טאקר נספג-25 סיכות-ETHICON (1) + טרוקר CFF03 - 5X100 (1) + שרוול לטרוקר 5 - CFS02 (1)",Expensive,1,4531.9618,4531.9618
"3DMAX LARGE 10.8X16-LEFT (1) + 3DMAX LARGE 10.8X16-RIGHT (1) + בלון אמצעי T10SB (1) + בלון דו צדדי PDBS2 (1) + טאקר 5 מ""מ  174006 (1) + טרוקר CFF03 - 5X100 (1) + שרוול לטרוקר 5 - CFS02 (1)",Expensive,1,3150.6117999999997,3150.6117999999997
3DMAX LARGE 10.8X16-LEFT (1) + 3DMAX LARGE 10.8X16-RIGHT (1) + בלון אמצעי T10SB (1) + בלון דו צדדי PDBS2 (1) + טאקר נספג-12 סיכות-ETHICON (1) + טרוקר אקסל OPTI-5X100 (1) + שרוול אקסל OPTI-5X100 (1),Expensive,1,2989.2676,2989.2676
3DMAX LARGE 10.8X16-LEFT (1) + 3DMAX LARGE 10.8X16-RIGHT (1) + בלון אמצעי T10SB (1) + בלון דו צדדי PDBS2 (1) + טאקר נספג-12 סיכות-ETHICON (1) + טרוקר ללא סכין 5 NB5STF (1),Expensive,1,2952.875,2952.875
3DMAX LARGE 10.8X16-LEFT (1) + 3DMAX LARGE 10.8X16-RIGHT (1) + בלון אמצעי T10SB (1) + בלון דו צדדי PDBS2 (1) + טאקר נספג-12 סיכות-ETHICON (1) + שרוול אקסל 10-11  CB11LT (1),Expensive,1,2968.191,2968.191
3DMAX LARGE 10.8X16-LEFT (1) + 3DMAX LARGE 10.8X16-RIGHT (1) + בלון אמצעי T10SB (1) + בלון דו צדדי PDBS2 (1) + טאקר נספג-12 סיכות-ETHICON (1) + שרוול לטרוקר 5 - CFS02 (1),Expensive,1,2872.1724,2872.1724
3DMAX LARGE 10.8X16-LEFT (1) + 3DMAX LARGE 10.8X16-RIGHT (1) + בלון אמצעי T10SB (1) + בלון דו צדדי PDBS2 (1) + טאקר נספג-25 סיכות-ETHICON (1) + טרוקר CFF03 - 5X100 (1),Expensive,1,3062.14,3062.14
"3DMAX LARGE 10.8X16-LEFT (1) + 3DMAX LARGE 10.8X16-RIGHT (1) + בלון אמצעי T10SB (1) + בלון דו צדדי PDBS2 (1) + טאקר נספג-25 סיכות-ETHICON (1) + טרוקר CFF03 - 5X100 (1) + טרוקר אקסל OPTI-סכין-5X100 (1) + כיסוי מצלמה לפרסקופית (1) + מזרק 20 מ""ל (1) + סטרי-סטריפ 1/2 (1) + פלטה דיאט. ללא כבל-מבוגר (1) + שרוול לטרוקר 5 - CFS02 (1)",Expensive,1,3189.0137999999997,3189.0137999999997
3DMAX LARGE 10.8X16-LEFT (1) + 3DMAX LARGE 10.8X16-RIGHT (1) + בלון אמצעי T10SB (1) + בלון דו צדדי PDBS2 (1) + טאקר נספג-25 סיכות-ETHICON (1) + טרוקר אקסל OPTI-סכין-5X100 (1) + שרוול אקסל OPTI-5X100 (1),Expensive,1,3102.2146,3102.2146
3DMAX LARGE 10.8X16-LEFT (1) + 3DMAX LARGE 10.8X16-RIGHT (1) + בלון אמצעי T10SB (1) + בלון דו צדדי PDBS2 (1) + טאקר-10 סיכות MICROVAL (1) + טרוקר CFF03 - 5X100 (1) + סקשן איריגיישיין 5 (1) + שרוול לטרוקר 5 - CFS02 (1),Expensive,1,2462.8053,2462.8053
3DMAX LARGE 10.8X16-LEFT (1) + 3DMAX LARGE 10.8X16-RIGHT (1) + בלון אמצעי T10SB (1) + בלון דו צדדי PDBS2 (1) + טאקר-10 סיכות MICROVAL (1) + טרוקר ללא סכין 5 NB5STF (1) + סקשן איריגיישיין 5 (1),Expensive,1,2341.3491,2341.3491
3DMAX LARGE 10.8X16-LEFT (1) + 3DMAX LARGE 10.8X16-RIGHT (1) + בלון אמצעי T10SB (1) + בלון דו צדדי PDBS2 (1) + טרוקר CFF03 - 5X100 (1) + שרוול לטרוקר 5 - CFS02 (1),Expensive,1,1722.9594,1722.9594
"3DMAX LARGE 10.8X16-LEFT (1) + 3DMAX LARGE 10.8X16-RIGHT (1) + בלון אמצעי T10SB (1) + טאקר נספג-12 סיכות-ETHICON (1) + טרוקר CFF03 - 5X100 (1) + כיסוי מצלמה לפרסקופית (1) + מזרק 20 מ""ל (1) + סטרי-סטריפ 1/2 (1) + פלטה דיאט. ללא כבל-מבוגר (1) + שרוול לטרוקר 5 - CFS02 (1)",Expensive,1,2719.2304,2719.2304
3DMAX LARGE 10.8X16-LEFT (1) + 3DMAX LARGE 10.8X16-RIGHT (1) + בלון דו צדדי PDBS2 (1) + טאקר נספג-25 סיכות-ETHICON (1) + טרוקר אקסל OPTI-סכין-5X100 (1) + טרוקר אקסל ללא סכין 11 B11LT (1) + מספריים לאפ (1) + סקשן איריגיישיין 5 (1) + שרוול אקסל OPTI-5X100 (1),Expensive,1,2901.7061999999996,2901.7061999999996
3DMAX LARGE 10.8X16-LEFT (1) + 3DMAX LARGE 10.8X16-RIGHT (1) + בלון דו צדדי PDBS2 (1) + טאקר נספג-25 סיכות-ETHICON (1) + טרוקר אקסל ללא סכין 11 B11LT (1) + טרוקר ללא סכין 5 NB5STF (1) + מספריים לאפ (1),Expensive,1,2701.2646,2701.2646
3DMAX LARGE 10.8X16-LEFT (1) + 3DMAX LARGE 10.8X16-RIGHT (1) + טאקר נספג-12 סיכות-ETHICON (1) + שרוול אקסל 10-11  CB11LT (1),Expensive,1,2270.852,2270.852
3DMAX LARGE 10.8X16-LEFT (1) + 3DMAX LARGE 10.8X16-RIGHT (1) + טאקר נספג-25 סיכות-ETHICON (1),Expensive,1,2326.0519999999997,2326.0519999999997
"3DMAX LARGE 10.8X16-LEFT (1) + 3DMAX MEDIUM 8.5X13.7-RIGHT (1) + CAPSURE טאקר 30 (1) + בלון אמצעי T10SB (1) + בלון דו צדדי PDBS2 (1) + טרוקר אקסל OPTI-סכין-5X100 (1) + מספריים מונופולר 5 מ""מ (1) + סקשן איריגיישיין 5 (1) + שרוול אקסל OPTI-5X100 (1)",Expensive,1,3010.0930000000003,3010.0930000000003
3DMAX LARGE 10.8X16-LEFT (1) + 3DMAX MEDIUM 8.5X13.7-RIGHT (1) + בלון אמצעי T10SB (1) + בלון דו צדדי PDBS2 (1) + טאקר נספג-12 סיכות-ETHICON (1) + טרוקר ללא סכין 5 NB5STF (1) + מספריים לאפ (1) + סקשן איריגיישיין 5 (1),Expensive,1,2916.3028000000004,2916.3028000000004
3DMAX LARGE 10.8X16-LEFT (1) + CAPSURE טאקר 30 (1) + LIQUIBAND FIX8 טאקר דבק (1) + V-LOC 3/0 R.B.26-VLOCM0604 (1) + טרוקר אקסל ללא סכין 11 B11LT (1) + טרוקר ללא סכין 5 NB5STF (1) + סקשן איריגיישיין 5 (1),Expensive,1,2774.7597,2774.7597
"3DMAX LARGE 10.8X16-LEFT (1) + SOL. SEPTOL 500ML (1) + אנדו קליפ 5 EL5ML (1) + בלון אמצעי T10SB (1) + בלון דו צדדי PDBS2 (1) + טאקר נספג-25 סיכות-ETHICON (1) + טרוקר CFF03 - 5X100 (1) + כיסוי מצלמה לפרסקופית (1) + מזרק 20 מ""ל (1) + סטרי-סטריפ 1/2 (1) + פלטה דיאט. ללא כבל-מבוגר (1) + שרוול לטרוקר 5 - CFS02 (1)",Expensive,1,3448.6614,3448.6614
3DMAX LARGE 10.8X16-LEFT (1) + SYMBOTEX.COM.MESH 12CM-RAUND (1) + אנדו קליפ 5 EL5ML (1) + בלון אמצעי T10SB (1) + בלון דו צדדי PDBS2 (1) + טאקר נספג-12 סיכות-ETHICON (1),Expensive,1,4446.858200000001,4446.858200000001
3DMAX LARGE 10.8X16-LEFT (1) + SYMBOTEX.COM.MESH 12CM-RAUND (1) + בלון אמצעי T10SB (1) + בלון דו צדדי PDBS2 (1) + טאקר נספג-12 סיכות-ETHICON (1),Expensive,1,3697.3565,3697.3565
3DMAX LARGE 10.8X16-LEFT (1) + UNMAPPED_CODE (1) + אנדו קליפ 5 EL5ML (1) + בלון אמצעי T10SB (1) + בלון דו צדדי PDBS2 (1) + טאקר נספג-12 סיכות-ETHICON (1) + טרוקר CFF03 - 5X100 (1) + שרוול לטרוקר 5 - CFS02 (1),Expensive,1,3298.8074,3298.8074
3DMAX LARGE 10.8X16-LEFT (1) + אנדו קליפ 5 EL5ML (1) + בלון אמצעי T10SB (1) + בלון דו צדדי PDBS2 (1) + טאקר נספג-12 סיכות-ETHICON (1),Expensive,1,3156.0484,3156.0484
3DMAX LARGE 10.8X16-LEFT (1) + אנדו קליפ 5 EL5ML (1) + בלון אמצעי T10SB (1) + בלון דו צדדי PDBS2 (1) + טאקר נספג-12 סיכות-ETHICON (1) + טרוקר CFF03 - 5X100 (1) + שרוול לטרוקר 5 - CFS02 (1),Expensive,1,3330.0381,3330.0381
"3DMAX LARGE 10.8X16-LEFT (2) + 3DMAX LARGE 10.8X16-RIGHT (2) + אנדו קליפ 5 EL5ML (2) + בלון דו צדדי PDBS2 (2) + טאקר נספג-25 סיכות-ETHICON (2) + טרוקר אקסל ללא סכין 11 B11LT (2) + טרוקר ללא סכין 5 NB5STF (2) + מספריים מונופולר 5 מ""מ (2)",Expensive,1,7232.9994,7232.9994
3DMAX LARGE 10.8X16-RIGHT (1) + 3DMAX MEDIUM 8.5X13.7-LEFT (1) + CAPSURE טאקר 30 (1) + VERSAONE BLADED TROCAR WITH FI (1) + אנדו קליפ 5 176630 (1) + בלון אמצעי T10SB (1) + בלון דו צדדי PDBS2 (1) + מספריים לאפ (1) + סקשן איריגיישיין 5 (1),Expensive,1,3603.3799,3603.3799
3DMAX LARGE 10.8X16-RIGHT (1) + 3DMAX MEDIUM 8.5X13.7-LEFT (1) + CAPSURE טאקר 30 (1) + בלון אמצעי T10SB (1) + בלון דו צדדי PDBS2 (1) + טרוקר CFF03 - 5X100 (1) + סקשן איריגיישיין 5 (1) + שרוול לטרוקר 5 - CFS02 (1),Expensive,1,2935.2493,2935.2493
3DMAX LARGE 10.8X16-RIGHT (1) + 3DMAX MEDIUM 8.5X13.7-LEFT (1) + LIQUIBAND FIX8 טאקר דבק (1) + VERSAONE BLADED TROCAR WITH FI (1) + בלון אמצעי T10SB (1) + בלון דו צדדי PDBS2 (1) + סקשן איריגיישיין 5 (1),Expensive,1,2642.4592,2642.4592
3DMAX LARGE 10.8X16-RIGHT (1) + 3DMAX MEDIUM 8.5X13.7-LEFT (1) + LIQUIBAND FIX8 טאקר דבק (1) + בלון אמצעי T10SB (1) + בלון דו צדדי PDBS2 (1) + טרוקר ללא סכין 5 NB5STF (1) + מספריים לאפ (1) + סקשן איריגיישיין 5 (1),Expensive,1,2684.4822,2684.4822
3DMAX LARGE 10.8X16-RIGHT (1) + 3DMAX MEDIUM 8.5X13.7-LEFT (1) + בלון אמצעי T10SB (1) + בלון דו צדדי PDBS2 (1) + טאקר נספג - 30 סיכות (1) + טרוקר ללא סכין 5 NB5STF (1) + מספריים לאפ (1) + סקשן איריגיישיין 5 (1),Expensive,1,3112.4492,3112.4492
3DMAX LARGE 10.8X16-RIGHT (1) + LIQUIBAND FIX8 טאקר דבק (1) + SURGICEL FIBRILLAR 5CM*10CM (1) + אנדו קלינצ 5 מ''מ (1) + טרוקר אקסל ללא סכין 11 B11LT (1) + טרוקר ללא סכין 5 NB5STF (1) + מספריים לאפ (1) + סקשן איריגיישיין 5 (1),Expensive,1,1980.7336,1980.7336
3DMAX LARGE 10.8X16-RIGHT (1) + בלון אמצעי T10SB (1) + בלון דו צדדי PDBS2 (1) + טאקר נספג-12 סיכות-ETHICON (1),Expensive,1,2413.4285,2413.4285
3DMAX LARGE 10.8X16-RIGHT (1) + בלון אמצעי T10SB (1) + בלון דו צדדי PDBS2 (1) + טאקר נספג-12 סיכות-ETHICON (1) + טרוקר CFF03 - 5X100 (1) + שרוול לטרוקר 5 - CFS02 (1),Expensive,1,2549.9711,2549.9711
3DMAX LIGHT 10X 16CM - RIGHT (1) + 3DMAX LIGHT 10X16CM - LEFT (1) + CAPSURE טאקר 30 (1) + אנדו קליפ 5 176630 (1) + בלון אמצעי T10SB (1) + בלון דו צדדי PDBS2 (1) + טרוקר CFF03 - 5X100 (1) + מספריים לאפ (1) + שרוול לטרוקר 5 - CFS02 (1),Expensive,1,3709.0592,3709.0592
3DMAX LIGHT 10X 16CM - RIGHT (1) + 3DMAX LIGHT 10X16CM - LEFT (1) + CAPSURE טאקר 30 (1) + בלון אמצעי T10SB (1) + בלון דו צדדי PDBS2 (1) + טרוקר אקסל OPTI-5X100 (1) + מספריים לאפ (1) + סקשן איריגיישיין 5 (1) + שרוול אקסל OPTI-5X100 (1),Expensive,1,2972.3499,2972.3499
"3DMAX LIGHT 10X 16CM - RIGHT (1) + 3DMAX LIGHT 10X16CM - LEFT (1) + CAPSURE טאקר 30 (1) + בלון אמצעי T10SB (1) + בלון דו צדדי PDBS2 (1) + טרוקר אקסל OPTI-5X100 (1) + מספריים מונופולר 5 מ""מ (1) + שרוול אקסל OPTI-5X100 (1)",Expensive,1,2850.851,2850.851
3DMAX LIGHT 10X 16CM - RIGHT (1) + 3DMAX LIGHT 10X16CM - LEFT (1) + CAPSURE טאקר 30 (1) + בלון אמצעי T10SB (1) + בלון דו צדדי PDBS2 (1) + טרוקר אקסל ללא סכין 11 B11LT (1) + טרוקר ללא סכין 5 NB5STF (1),Expensive,1,2866.6850999999997,2866.6850999999997
3DMAX LIGHT 10X 16CM - RIGHT (1) + 3DMAX LIGHT 10X16CM - LEFT (1) + CAPSURE טאקר 30 (1) + בלון אמצעי T10SB (1) + בלון דו צדדי PDBS2 (1) + טרוקר אקסל ללא סכין 11 B11LT (1) + טרוקר ללא סכין 5 NB5STF (1) + מספריים לאפ (1),Expensive,1,2792.744,2792.744
3DMAX LIGHT 10X 16CM - RIGHT (1) + 3DMAX LIGHT 10X16CM - LEFT (1) + FILBLOC 90 3/0  - FU395HHFAB (1) + FILBLOC PDO 3/0 - FU395HHAB (1) + טאקר נספג-25 סיכות-ETHICON (1) + טרוקר אקסל OPTI-5X100 (1) + טרוקר אקסל ללא סכין 11 B11LT (1) + ליגשור מרילנד ארוך - LF1937 (1) + שרוול אקסל 10-11  CB11LT (1),Expensive,1,4051.3495,4051.3495
3DMAX LIGHT 10X 16CM - RIGHT (1) + 3DMAX LIGHT 10X16CM - LEFT (1) + GLUBRAN2-SURGICAL GLUE-0.5ML (1) + GLUTACK DEVICE 25 DROPS (1) + SURGICEL SNOW 5CMX10CM (1) + אנדו קליפ 5 EL5ML (1) + בלון אמצעי T10SB (1) + בלון דו צדדי PDBS2 (1),Expensive,1,3462.7504,3462.7504
3DMAX LIGHT 10X 16CM - RIGHT (1) + 3DMAX LIGHT 10X16CM - LEFT (1) + LIQUIBAND FIX8 טאקר דבק (1) + SURGICEL FIBRILLAR 5CM*10CM (1) + בלון אמצעי T10SB (1) + בלון דו צדדי PDBS2 (1) + טרוקר ללא סכין 5 NB5STF (1) + סקשן איריגיישיין 5 (1),Expensive,1,3086.2165,3086.2165
3DMAX LIGHT 10X 16CM - RIGHT (1) + 3DMAX LIGHT 10X16CM - LEFT (1) + LIQUIBAND FIX8 טאקר דבק (1) + אנדו קליפ 5 176630 (1) + בלון אמצעי T10SB (1) + בלון דו צדדי PDBS2 (1) + טרוקר ללא סכין 5 NB5STF (1),Expensive,1,3516.0067,3516.0067
3DMAX LIGHT 10X 16CM - RIGHT (1) + 3DMAX LIGHT 10X16CM - LEFT (1) + LIQUIBAND FIX8 טאקר דבק (1) + אנדו קליפ 5 176630 (1) + בלון אמצעי T10SB (1) + בלון דו צדדי PDBS2 (1) + טרוקר ללא סכין 5 NB5STF (1) + סקשן איריגיישיין 5 (1),Expensive,1,3611.2697,3611.2697
3DMAX LIGHT 10X 16CM - RIGHT (1) + 3DMAX LIGHT 10X16CM - LEFT (1) + LIQUIBAND FIX8 טאקר דבק (1) + אנדו קליפ 5 EL5ML (1) + בלון אמצעי T10SB (1) + בלון דו צדדי PDBS2 (1) + טרוקר ללא סכין 5 NB5STF (1) + סקשן איריגיישיין 5 (1),Expensive,1,3560.2053,3560.2053
3DMAX LIGHT 10X 16CM - RIGHT (1) + 3DMAX LIGHT 10X16CM - LEFT (1) + LIQUIBAND FIX8 טאקר דבק (1) + בלון אמצעי T10SB (1) + בלון דו צדדי PDBS2 (1) + טאקר נספג - 15 סיכות (1) + טרוקר ללא סכין 5 NB5STF (1) + סקשן איריגיישיין 5 (1),Expensive,1,3638.4471,3638.4471
3DMAX LIGHT 10X 16CM - RIGHT (1) + 3DMAX LIGHT 10X16CM - LEFT (1) + LIQUIBAND FIX8 טאקר דבק (1) + בלון אמצעי T10SB (1) + בלון דו צדדי PDBS2 (1) + טרוקר ללא סכין 5 NB5STF (1) + מספריים לאפ (1),Expensive,1,2738.0663,2738.0663
"3DMAX LIGHT 10X 16CM - RIGHT (1) + 3DMAX LIGHT 10X16CM - LEFT (1) + V-LOC 3/0 R.B.26-VLOCL0604 (1) + טאקר נספג-25 סיכות-ETHICON (1) + טרוקר אקסל OPTI-5X100 (1) + טרוקר אקסל ללא סכין 11 B11LT (1) + כיסוי מצלמה לפרסקופית (1) + מזרק 20 מ""ל (1) + סטרי-סטריפ 1/2 (1) + פלטה דיאט. ללא כבל-מבוגר (1) + שרוול אקסל 10-11  CB11LT (1) + שרוול אקסל OPTI-5X100 (1)",Expensive,1,2686.5854,2686.5854
3DMAX LIGHT 10X 16CM - RIGHT (1) + 3DMAX LIGHT 10X16CM - LEFT (1) + V-LOC 3/0 R.B.26-VLOCL0604 (1) + טאקר נספג-25 סיכות-ETHICON (1) + טרוקר אקסל OPTI-5X100 (1) + טרוקר אקסל ללא סכין 11 B11LT (1) + ליגשור מרילנד ארוך - LF1937 (1) + שרוול אקסל 10-11  CB11LT (1),Expensive,1,3851.9233,3851.9233
3DMAX LIGHT 10X 16CM - RIGHT (1) + 3DMAX LIGHT 10X16CM - LEFT (1) + אנדו קליפ 10 176625 (1) + טאקר נספג-25 סיכות-ETHICON (1),Expensive,1,2995.6666,2995.6666
3DMAX LIGHT 10X 16CM - RIGHT (1) + 3DMAX LIGHT 10X16CM - LEFT (1) + אנדו קליפ 10 176657 (1) + טאקר נספג-25 סיכות-ETHICON (1) + טרוקר אקסל OPTI-5X100 (1) + טרוקר אקסל ללא סכין 11 B11LT (1) + ליגשור מרילנד ארוך - LF1937 (1) + סקשן איריגיישיין 5 (1) + שרוול אקסל OPTI-5X100 (1),Expensive,1,4380.5712,4380.5712
3DMAX LIGHT 10X 16CM - RIGHT (1) + 3DMAX LIGHT 10X16CM - LEFT (1) + אנדו קליפ 10 ER-320 (1) + טאקר נספג-25 סיכות-ETHICON (1) + טרוקר אקסל OPTI-5X100 (1) + טרוקר אקסל ללא סכין 11 B11LT (1) + ליגשור מרילנד ארוך - LF1937 (1) + שרוול אקסל 10-11  CB11LT (1),Expensive,1,4342.3278,4342.3278
3DMAX LIGHT 10X 16CM - RIGHT (1) + 3DMAX LIGHT 10X16CM - LEFT (1) + אנדו קליפ 5 176630 (1) + בלון אמצעי T10SB (1) + בלון דו צדדי PDBS2 (1) + טאקר-10 סיכות MICROVAL (1) + טרוקר אקסל OPTI-סכין-5X100 (1) + שרוול אקסל OPTI-5X100 (1),Expensive,1,3144.3698999999997,3144.3698999999997
3DMAX LIGHT 10X 16CM - RIGHT (1) + 3DMAX LIGHT 10X16CM - LEFT (1) + אנדו קליפ 5 EL5ML (1) + בלון דו צדדי PDBS2 (1) + טאקר נספג-25 סיכות-ETHICON (1) + טרוקר אקסל OPTI-12X100 (1) + טרוקר אקסל OPTI-5X100 (1) + טרוקר אקסל ללא סכין 11 B11LT (1) + מספריים לאפ (1) + סקשן איריגיישיין 5 (1) + שרוול אקסל OPTI-5X100 (1),Expensive,1,3697.2091,3697.2091
3DMAX LIGHT 10X 16CM - RIGHT (1) + 3DMAX LIGHT 10X16CM - LEFT (1) + אנדו קליפ 5 EL5ML (1) + טאקר נספג-25 סיכות-ETHICON (1) + טרוקר אקסל OPTI-5X100 (1) + טרוקר אקסל ללא סכין 11 B11LT (1) + ליגשור מרילנד ארוך - LF1937 (1) + סקשן איריגיישיין 5 (1) + שרוול אקסל 10-11  CB11LT (1),Expensive,1,4567.7068,4567.7068
3DMAX LIGHT 10X 16CM - RIGHT (1) + 3DMAX LIGHT 10X16CM - LEFT (1) + אנדו קליפ 5 EL5ML (1) + טאקר נספג-25 סיכות-ETHICON (1) + טרוקר אקסל OPTI-5X100 (1) + טרוקר אקסל ללא סכין 11 B11LT (1) + ליגשור מרילנד ארוך - LF1937 (1) + שרוול אקסל 10-11  CB11LT (1),Expensive,1,4510.8223,4510.8223
3DMAX LIGHT 10X 16CM - RIGHT (1) + 3DMAX LIGHT 10X16CM - LEFT (1) + אנדו קליפ 5 EL5ML (1) + טאקר נספג-25 סיכות-ETHICON (1) + טרוקר אקסל OPTI-5X100 (1) + טרוקר אקסל ללא סכין 11 B11LT (1) + שרוול אקסל 10-11  CB11LT (1),Expensive,1,3260.8223,3260.8223
3DMAX LIGHT 10X 16CM - RIGHT (1) + 3DMAX LIGHT 10X16CM - LEFT (1) + בלון אמצעי T10SB (1) + בלון דו צדדי PDBS2 (1) + טאקר נספג-25 סיכות-ETHICON (1) + טרוקר אקסל OPTI-5X100 (1) + מספריים לאפ (1) + שרוול אקסל OPTI-5X100 (1),Expensive,1,3120.29,3120.29
3DMAX LIGHT 10X 16CM - RIGHT (1) + 3DMAX LIGHT 10X16CM - LEFT (1) + בלון אמצעי T10SB (1) + בלון דו צדדי PDBS2 (1) + טאקר-10 סיכות MICROVAL (1) + טרוקר ללא סכין 5 NB5STF (1),Expensive,1,2375.7778,2375.7778
3DMAX LIGHT 10X 16CM - RIGHT (1) + 3DMAX LIGHT 10X16CM - LEFT (1) + טאקר נספג - 15 סיכות (1) + טרוקר אקסל OPTI-5X100 (1) + טרוקר אקסל ללא סכין 11 B11LT (1) + ליגשור מרילנד ארוך - LF1937 (1) + שרוול אקסל 10-11  CB11LT (1),Expensive,1,3193.4956,3193.4956
3DMAX LIGHT 10X 16CM - RIGHT (1) + 3DMAX LIGHT 10X16CM - LEFT (1) + טאקר נספג-25 סיכות-ETHICON (1) + טרוקר אקסל OPTI-5X100 (1) + טרוקר אקסל ללא סכין 11 B11LT (1) + ליגשור מרילנד ארוך - LF1937 (1) + שרוול אקסל 10-11  CB11LT (1),Expensive,1,3823.5031,3823.5031
3DMAX LIGHT 10X 16CM - RIGHT (1) + 3DMAX LIGHT 10X16CM - LEFT (1) + טאקר נספג-25 סיכות-ETHICON (1) + טרוקר אקסל OPTI-5X100 (1) + ליגשור מרילנד ארוך - LF1937 (1) + שרוול אקסל 10-11  CB11LT (1),Expensive,1,3685.406,3685.406
3DMAX LIGHT 10X 16CM - RIGHT (1) + 3DMAX LIGHT 10X16CM - LEFT (1) + טאקר נספג-25 סיכות-ETHICON (1) + טרוקר אקסל ללא סכין 11 B11LT (1) + ליגשור מרילנד ארוך - LF1937 (1) + שרוול אקסל 10-11  CB11LT (1) + שרוול אקסל OPTI-5X100 (1),Expensive,1,3816.4563,3816.4563
3DMAX LIGHT 10X 16CM - RIGHT (1) + 3DMAX LIGHT 10X16CM - LEFT (1) + טאקר נספג-25 סיכות-ETHICON (1) + ליגשור מרילנד ארוך - LF1937 (1),Expensive,1,3598.5031,3598.5031
3DMAX LIGHT 10X16CM - LEFT (1) + DYNAMESH ENDOLAP 3D 10*15CM (1) + LIQUIBAND FIX8 טאקר דבק (1) + אנדו קלינצ 5 מ''מ (1) + אנדו קליפ 5 176630 (1) + בלון אמצעי T10SB (1) + בלון דו צדדי PDBS2 (1) + טאקר נספג - 15 סיכות (1) + טרוקר ללא סכין 5 NB5STF (1),Expensive,1,4245.0599,4245.0599
3DMAX LIGHT 8X 3CM - LEFT (1) + 3DMAX LIGHT 8X13CM - RIGHT (1) + VERSATEX MONO.MESH-VTX1515 (1) + בלון להרניה עגול - SMBTTRNDX (1) + טאקר נספג-25 סיכות-ETHICON (1),Expensive,1,3171.4475,3171.4475
"3DMAX LIGHT 8X 3CM - LEFT (1) + 3DMAX LIGHT 8X13CM - RIGHT (1) + בלון להרניה עגול - SMBTTRNDX (1) + טאקר נספג-25 סיכות-ETHICON (1) + מספריים מונופולר 5 מ""מ (1)",Expensive,1,2988.7336,2988.7336
3DMAX LIGHT 8X13CM - RIGHT (1) + אנדו קליפ 5 EL5ML (1) + טאקר נספג-12 סיכות-ETHICON (1) + טרוקר אקסל OPTI-סכין-5X100 (1) + טרוקר אקסל ללא סכין 11 B11LT (1) + שרוול אקסל OPTI-5X100 (1),Expensive,1,2639.9311,2639.9311
3DMAX MEDIUM 8.5X13.7-LEFT (1) + 3DMAX MEDIUM 8.5X13.7-RIGHT (1) + CAPSURE טאקר 30 (1) + VERSAONE BLADED TROCAR WITH FI (1) + בלון אמצעי T10SB (1) + בלון דו צדדי PDBS2 (1) + מספריים לאפ (1),Expensive,1,2700.4,2700.4
3DMAX MEDIUM 8.5X13.7-LEFT (1) + 3DMAX MEDIUM 8.5X13.7-RIGHT (1) + CAPSURE טאקר 30 (1) + בלון אמצעי T10SB (1) + בלון דו צדדי PDBS2 (1) + טרוקר CFF03 - 5X100 (1) + טרוקר חסן 12 H12LP (1) + שרוול לטרוקר 5 - CFS02 (1),Expensive,1,2699.3572,2699.3572
3DMAX MEDIUM 8.5X13.7-LEFT (1) + 3DMAX MEDIUM 8.5X13.7-RIGHT (1) + CAPSURE טאקר 30 (1) + בלון אמצעי T10SB (1) + בלון דו צדדי PDBS2 (1) + טרוקר ללא סכין 5 NB5STF (1) + מספריים לאפ (1) + סקשן איריגיישיין 5 (1),Expensive,1,2761.0542,2761.0542
3DMAX MEDIUM 8.5X13.7-LEFT (1) + 3DMAX MEDIUM 8.5X13.7-RIGHT (1) + GLUBRAN2-SURGICAL GLUE-1ML (1) + GLUTACK DEVICE 50 DROPS (1) + טרוקר אקסל OPTI-סכין-5X100 (1) + טרוקר אקסל ללא סכין 11 B11LT (1) + שרוול אקסל OPTI-5X100 (1),Expensive,1,2443.8346,2443.8346
3DMAX MEDIUM 8.5X13.7-LEFT (1) + 3DMAX MEDIUM 8.5X13.7-RIGHT (1) + GLUTACK DEVICE 50 DROPS (1) + טאקר נספג-25 סיכות-ETHICON (1) + טרוקר אקסל OPTI-5X100 (1) + טרוקר אקסל ללא סכין 11 B11LT (1) + שרוול אקסל OPTI-5X100 (1),Expensive,1,3415.406,3415.406
3DMAX MEDIUM 8.5X13.7-LEFT (1) + 3DMAX MEDIUM 8.5X13.7-RIGHT (1) + LIQUIBAND FIX8 טאקר דבק (1) + MICROVAL 7.5 X 15CM (1) + אנדו קלינצ 5 מ''מ (1) + אנדו קליפ 5 176630 (1) + טאקר נספג - 30 סיכות (1) + טרוקר אקסל OPTI-סכין-5X100 (1) + טרוקר אקסל עם סכין 10-11 D11LT (1) + מספריים לאפ (1) + סקשן איריגיישיין 5 (1),Expensive,1,4348.001899999999,4348.001899999999
3DMAX MEDIUM 8.5X13.7-LEFT (1) + 3DMAX MEDIUM 8.5X13.7-RIGHT (1) + LIQUIBAND FIX8 טאקר דבק (1) + בלון אמצעי T10SB (1) + בלון דו צדדי PDBS2 (1) + טאקר נספג-25 סיכות-ETHICON (1) + טרוקר אקסל OPTI-סכין-5X100 (1) + סקשן איריגיישיין 5 (1) + שרוול אקסל OPTI-5X100 (1),Expensive,1,4029.5505,4029.5505
3DMAX MEDIUM 8.5X13.7-LEFT (1) + 3DMAX MEDIUM 8.5X13.7-RIGHT (1) + V-LOC 3/0 R.B.26-VLOCL0604 (1) + אנדו קליפ 5 EL5ML (1) + טאקר נספג-12 סיכות-ETHICON (1) + טרוקר אקסל OPTI-5X100 (1) + טרוקר אקסל ללא סכין 11 B11LT (1) + סקשן איריגיישיין 5 (1) + שרוול אקסל OPTI-5X100 (1),Expensive,1,3137.1413000000002,3137.1413000000002
3DMAX MEDIUM 8.5X13.7-LEFT (1) + 3DMAX MEDIUM 8.5X13.7-RIGHT (1) + VERSAONE BLADED TROCAR WITH FI (1) + בלון אמצעי T10SB (1) + בלון דו צדדי PDBS2 (1) + טאקר נספג-25 סיכות-ETHICON (1) + מספריים לאפ (1) + סקשן איריגיישיין 5 (1),Expensive,1,2980.7792,2980.7792
3DMAX MEDIUM 8.5X13.7-LEFT (1) + 3DMAX MEDIUM 8.5X13.7-RIGHT (1) + אנדו קלינצ 5 מ''מ (1) + אנדו קליפ 5 176630 (1) + בלון אמצעי T10SB (1) + בלון דו צדדי PDBS2 (1) + טאקר-10 סיכות MICROVAL (1) + טרוקר אקסל OPTI-סכין-5X100 (1) + טרוקר אקסל עם סכין 10-11 D11LT (1) + שרוול אקסל OPTI-5X100 (1),Expensive,1,3124.0014,3124.0014
3DMAX MEDIUM 8.5X13.7-LEFT (1) + 3DMAX MEDIUM 8.5X13.7-RIGHT (1) + אנדו קלינצ 5 מ''מ (1) + בלון אמצעי T10SB (1) + בלון דו צדדי PDBS2 (1) + טאקר נספג-25 סיכות-ETHICON (1) + טרוקר ללא סכין 5 NB5STF (1) + מספריים לאפ (1) + סקשן איריגיישיין 5 (1),Expensive,1,2986.5271000000002,2986.5271000000002
3DMAX MEDIUM 8.5X13.7-LEFT (1) + 3DMAX MEDIUM 8.5X13.7-RIGHT (1) + אנדו קליפ 5 176630 (1) + בלון אמצעי T10SB (1) + בלון דו צדדי PDBS2 (1) + טאקר נספג-25 סיכות-ETHICON (1) + טרוקר ללא סכין 5 NB5STF (1) + מספריים לאפ (1) + סקשן איריגיישיין 5 (1),Expensive,1,3753.6018,3753.6018
3DMAX MEDIUM 8.5X13.7-LEFT (1) + 3DMAX MEDIUM 8.5X13.7-RIGHT (1) + אנדו קליפ 5 EL5ML (1) + בלון אמצעי T10SB (1) + בלון דו צדדי PDBS2 (1) + טאקר נספג-12 סיכות-ETHICON (1) + טרוקר אקסל עם סכין 5 D5ST (1) + סקשן איריגיישיין 5 (1),Expensive,1,3585.8228,3585.8228
3DMAX MEDIUM 8.5X13.7-LEFT (1) + 3DMAX MEDIUM 8.5X13.7-RIGHT (1) + אנדו קליפ 5 EL5ML (1) + טאקר נספג-25 סיכות-ETHICON (1) + טרוקר אקסל OPTI-סכין-5X100 (1) + טרוקר אקסל ללא סכין 11 B11LT (1) + שרוול אקסל OPTI-5X100 (1),Expensive,1,3113.1883,3113.1883
3DMAX MEDIUM 8.5X13.7-LEFT (1) + 3DMAX MEDIUM 8.5X13.7-RIGHT (1) + בלון אמצעי T10SB (1) + בלון דו צדדי PDBS2 (1) + טאקר נספג-12 סיכות-ETHICON (1) + טרוקר ללא סכין 5 NB5STF (1),Expensive,1,2797.4426000000003,2797.4426000000003
3DMAX MEDIUM 8.5X13.7-LEFT (1) + 3DMAX MEDIUM 8.5X13.7-RIGHT (1) + בלון אמצעי T10SB (1) + בלון דו צדדי PDBS2 (1) + טאקר נספג-12 סיכות-ETHICON (1) + טרוקר ללא סכין 5 NB5STF (1) + סקשן איריגיישיין 5 (1),Expensive,1,2928.0287,2928.0287
3DMAX MEDIUM 8.5X13.7-LEFT (1) + 3DMAX MEDIUM 8.5X13.7-RIGHT (1) + בלון אמצעי T10SB (1) + בלון דו צדדי PDBS2 (1) + טאקר נספג-25 סיכות-ETHICON (1) + טרוקר אקסל OPTI-סכין-5X100 (1) + מספריים לאפ (1) + סקשן איריגיישיין 5 (1) + שרוול אקסל OPTI-5X100 (1),Expensive,1,3029.5405,3029.5405
3DMAX MEDIUM 8.5X13.7-LEFT (1) + 3DMAX MEDIUM 8.5X13.7-RIGHT (1) + בלון אמצעי T10SB (1) + בלון דו צדדי PDBS2 (1) + טאקר נספג-25 סיכות-ETHICON (1) + טרוקר אקסל OPTI-סכין-5X100 (1) + סקשן איריגיישיין 5 (1) + שרוול אקסל OPTI-5X100 (1),Expensive,1,3028.5405,3028.5405
3DMAX MEDIUM 8.5X13.7-LEFT (1) + 3DMAX MEDIUM 8.5X13.7-RIGHT (1) + בלון אמצעי T10SB (1) + בלון דו צדדי PDBS2 (1) + טאקר נספג-25 סיכות-ETHICON (1) + טרוקר ללא סכין 5 NB5STF (1),Expensive,1,2978.9114,2978.9114
"3DMAX MEDIUM 8.5X13.7-LEFT (1) + 3DMAX MEDIUM 8.5X13.7-RIGHT (1) + בלון אמצעי T10SB (1) + בלון דו צדדי PDBS2 (1) + טאקר נספג-25 סיכות-ETHICON (1) + טרוקר ללא סכין 5 NB5STF (1) + מספריים מונופולר 5 מ""מ (1) + סקשן איריגיישיין 5 (1)",Expensive,1,3123.5038999999997,3123.5038999999997
3DMAX MEDIUM 8.5X13.7-LEFT (1) + 3DMAX MEDIUM 8.5X13.7-RIGHT (1) + טאקר נספג-12 סיכות-ETHICON (1) + טאקר נספג-25 סיכות-ETHICON (1) + טרוקר אקסל OPTI-5X100 (1) + טרוקר אקסל ללא סכין 11 B11LT (1) + שרוול אקסל OPTI-5X100 (1),Expensive,1,3601.8559999999998,3601.8559999999998
3DMAX MEDIUM 8.5X13.7-RIGHT (1) + CAPSURE טאקר 30 (1) + V-LOC 2/0 R.B.26-VLOCL2105 (1) + בלון אמצעי T10SB (1) + בלון דו צדדי PDBS2 (1) + טרוקר ללא סכין 5 NB5STF (1) + סקשן איריגיישיין 5 (1),Expensive,1,2375.1144,2375.1144
3DMAX MEDIUM 8.5X13.7-RIGHT (1) + טאקר נספג-25 סיכות-ETHICON (1) + טרוקר אקסל OPTI-5X100 (1) + טרוקר אקסל ללא סכין 11 B11LT (1) + שרוול אקסל OPTI-5X100 (1),Expensive,1,1992.5193,1992.5193
ACS-G.W.14X190-B.M.W (1) + CORDIS-G.C.6FR-JR4.0 (1) + G.W.35X150X3-R.A (1) + MODEL - 5F IMPULSE FL3.5 (5PK) (1) + TERU.-INTRO.6FR-RAD.KIT (1) + ULTIMASTER TANSEI STENT 3.5X21 (1) + ULTIMASTER TANSEI STENT 4.0X18 (1) + ULTIMASTER TANSEI STENT 4.0X38 (1),Expensive,1,3009.946,3009.946
ADHES. LIQUIBAND OPTIMA 0.5G (1) + PROGRIP ANTMCL 15X10CM-LEFT (1) + PROGRIP ANTMCL 15X10CM-RIGHT (1) + VENTRALEX SMALL - 5950007 (1) + בלון אמצעי T10SB (1) + בלון דו צדדי PDBS2 (1) + טרוקר אקסל OPTI-סכין-5X100 (1) + שרוול אקסל OPTI-5X100 (1),Expensive,1,3864.0198,3864.0198
ADHES.DERMABOND 0.7ML (1) + DEXTILE LEFT ANT. MESH 15X10CM (1) + DEXTILE RIGHT ANT. MESH 15X10C (1) + בלון אמצעי T10SB (1) + בלון דו צדדי PDBS2 (1) + טאקר נספג-25 סיכות-ETHICON (1) + טרוקר אקסל ללא סכין 11 B11LT (1) + טרוקר ללא סכין 5 NB5STF (1) + סקשן איריגיישיין 5 (1),Expensive,1,3141.0452999999998,3141.0452999999998
CAPSURE טאקר 30 (1) + CLOSURE DEVICE (1) + DEXTILE LEFT ANT. MESH 15X10CM (1) + DEXTILE RIGHT ANT. MESH 15X10C (1) + STRATAFIX PDS 0 -SXPP1A433 (1) + SYMBOTEX ROUND MESH 15CM (1) + בלון אמצעי T10SB (1) + בלון דו צדדי PDBS2 (1) + טרוקר אקסל OPTI-סכין-5X100 (1) + טרוקר אקסל עם סכין 10-11 D11LT (1) + טרוקר ללא סכין 5 NB5STF (1) + מספריים לאפ (1) + סקשן איריגיישיין 5 (1) + שרוול אקסל OPTI-5X100 (1),Expensive,1,4222.4472,4222.4472
CAPSURE טאקר 30 (1) + CLOSURE DEVICE (1) + DYNAMESH 10X15 (1) + DYNAMESH ENDOLAP 3D 10*15CM (1) + HARMONIC HD 1000I - HARHD36 (1) + LIQUIBAND FIX8 טאקר דבק (1) + V-LOC 3/0 R.B.26-VLOCM0604 (1) + טאקר נטען-20 סיכות MICROVAL (1) + טרוקר אקסל OPTI-5X100 (1) + טרוקר אקסל ללא סכין 11 B11LT (1) + טרוקר אקסל עם סכין 10-11 D11LT (1) + מספריים לאפ (1) + סקשן איריגיישיין 5 (1) + שרוול אקסל OPTI-5X100 (1),Expensive,1,6579.0568,6579.0568
CAPSURE טאקר 30 (1) + CLOSURE DEVICE (1) + DYNAMESH ENDOLAP 3D 10*15CM (1) + SYMBOTEX COMPOSITE MESH 20X15 (1) + אנדו קלינצ 5 מ''מ (1) + בלון אמצעי T10SB (1) + בלון דו צדדי PDBS2 (1) + טאקר נספג - 15 סיכות (1) + טרוקר אקסל ללא סכין 11 B11LT (1) + טרוקר ללא סכין 5 NB5STF (1) + מספריים לאפ (1) + סקשן איריגיישיין 5 (1),Expensive,1,4512.6105,4512.6105
CAPSURE טאקר 30 (1) + DEXTILE LEFT ANT. MESH 15X10CM (1) + DEXTILE RIGHT ANT. MESH 15X10C (1) + SURGICEL 10CM * 20CM (1) + VERSAONE BLADED TROCAR WITH FI (1) + אנדו קליפ 5 176630 (1) + אנדו קליפ 5 EL5ML (1) + בלון אמצעי T10SB (1) + בלון דו צדדי PDBS2 (1) + טרוקר ללא סכין 5 NB5STF (1) + סקשן איריגיישיין 5 (1),Expensive,1,4310.1239000000005,4310.1239000000005
CAPSURE טאקר 30 (1) + DEXTILE LEFT ANT. MESH 15X10CM (1) + DEXTILE RIGHT ANT. MESH 15X10C (1) + VENTRALEX MEDIUM - 5950008 (1) + VERSAONE BLADED TROCAR WITH FI (1) + בלון אמצעי T10SB (1) + בלון דו צדדי PDBS2 (1) + טרוקר ללא סכין 5 NB5STF (1),Expensive,1,4014.4593,4014.4593
CAPSURE טאקר 30 (1) + DEXTILE LEFT ANT. MESH 15X10CM (1) + DEXTILE RIGHT ANT. MESH 15X10C (1) + VENTRALEX SMALL - 5950007 (1) + VERSAONE BLADED TROCAR WITH FI (1) + בלון אמצעי T10SB (1) + בלון דו צדדי PDBS2 (1) + טרוקר ללא סכין 5 NB5STF (1) + מספריים לאפ (1) + סקשן איריגיישיין 5 (1),Expensive,1,3937.9930999999997,3937.9930999999997
CAPSURE טאקר 30 (1) + DEXTILE LEFT ANT. MESH 15X10CM (1) + DEXTILE RIGHT ANT. MESH 15X10C (1) + VENTRALEX SMALL - 5950007 (1) + VERSAONE BLADED TROCAR WITH FI (1) + בלון אמצעי T10SB (1) + בלון דו צדדי PDBS2 (1) + טרוקר ללא סכין 5 NB5STF (1) + סקשן איריגיישיין 5 (1),Expensive,1,3979.5105,3979.5105
CAPSURE טאקר 30 (1) + DEXTILE LEFT ANT. MESH 15X10CM (1) + DEXTILE RIGHT ANT. MESH 15X10C (1) + VERSAONE BLADED TROCAR WITH FI (1) + בלון אמצעי T10SB (1) + בלון דו צדדי PDBS2 (1) + טרוקר ללא סכין 5 NB5STF (1) + מספריים לאפ (1),Expensive,1,2715.7592999999997,2715.7592999999997
CAPSURE טאקר 30 (1) + DYNAMESH ENDOLAP 3D 10*15CM (1) + אנדו קליפ 5 EL5ML (1) + בלון אמצעי T10SB (1) + בלון דו צדדי PDBS2 (1),Expensive,1,2999.5415999999996,2999.5415999999996
CAPSURE טאקר 30 (1) + DYNAMESH ENDOLAP 3D 10*15CM (1) + בלון אמצעי T10SB (1) + בלון דו צדדי PDBS2 (1),Expensive,1,2237.0595,2237.0595
CAPSURE טאקר 30 (1) + DYNAMESH ENDOLAP 3D 10*15CM (1) + בלון אמצעי T10SB (1) + בלון דו צדדי PDBS2 (1) + טאקר נספג-12 סיכות-ETHICON (1),Expensive,1,3488.2095,3488.2095
CAPSURE טאקר 30 (1) + DYNAMESH ENDOLAP 3D 10*15CM (1) + בלון אמצעי T10SB (1) + בלון דו צדדי PDBS2 (1) + טרוקר ללא סכין 5 NB5STF (1),Expensive,1,2254.124,2254.124
"CAPSURE טאקר 30 (1) + DYNAMESH ENDOLAP 3D 10*15CM (1) + בלון אמצעי T10SB (1) + בלון דו צדדי PDBS2 (1) + מספריים מונופולר 5 מ""מ (1)",Expensive,1,2255.0412,2255.0412
CAPSURE טאקר 30 (1) + PROGRIP ANTMCL 15X10CM-LEFT (1) + PROGRIP ANTMCL 15X10CM-RIGHT (1),Expensive,1,2883.7093,2883.7093
CAPSURE טאקר 30 (1) + PROGRIP ANTMCL 15X10CM-LEFT (1) + PROGRIP ANTMCL 15X10CM-RIGHT (1) + VENTRALEX SMALL - 5950007 (1) + בלון אמצעי T10SB (1) + בלון דו צדדי PDBS2 (1),Expensive,1,4764.5190999999995,4764.5190999999995
"CAPSURE טאקר 30 (1) + PROGRIP ANTMCL 15X10CM-LEFT (1) + PROGRIP ANTMCL 15X10CM-RIGHT (1) + אנדו קליפ 5 EL5ML (1) + בלון אמצעי T10SB (1) + בלון דו צדדי PDBS2 (1) + מספריים מונופולר 5 מ""מ (1)",Expensive,1,4358.5558,4358.5558
CAPSURE טאקר 30 (1) + PROGRIP ANTMCL 15X10CM-LEFT (1) + PROGRIP ANTMCL 15X10CM-RIGHT (1) + אנדו קליפ 5 EL5ML (1) + טרוקר אקסל ללא סכין 11 B11LT (1),Expensive,1,3742.2712,3742.2712
"CAPSURE טאקר 30 (1) + PROGRIP ANTMCL 15X10CM-LEFT (1) + PROGRIP ANTMCL 15X10CM-RIGHT (1) + בלון אמצעי T10SB (1) + בלון דו צדדי PDBS2 (1) + מספריים מונופולר 5 מ""מ (1)",Expensive,1,3641.6019,3641.6019
"DA VINCI XI - 400180-14 (1) + DA VINCI XI - 470015 (1) + DA VINCI XI - 470341 (1) + DA VINCI XI - 470357 (1) + DA VINCI XI - 470361 (1) + ENDO CATCH-10 (1) + LAPARA-TY CLIP APPLIER (1) + MICROVAL 14X10-LEFT (1) + MICROVAL 14X10-RIGHT (1) + V-LOC 3/0 R.B.26-VLOCM0604 (1) + אטם סיליקון 5 מ""מ לטרוקר YP PL (1) + אנדו קליפ 10 176625 (1) + בלון אמצעי T10SB (1) + בלון דו צדדי PDBS2 (1) + טאקר-10 סיכות MICROVAL (1) + טרוקר אקסל OPTI-סכין-12X100 (1)",Expensive,1,4608.1038,4608.1038
"DA VINCI XI - 400180-14 (1) + DA VINCI XI - 470015 (1) + DA VINCI XI - 470341 (1) + DA VINCI XI - 470361 (1) + ENDO CATCH-10 (1) + LAPARA-TY CLIP APPLIER (1) + MICROVAL 14X10-LEFT (1) + MICROVAL 14X10-RIGHT (1) + אנדו קלינצ 5 מ''מ (1) + אנדו קליפ 10 ER-320 (1) + בלון אמצעי T10SB (1) + בלון דו צדדי PDBS2 (1) + טאקר-10 סיכות MICROVAL (1) + טרוקר אקסל OPTI-סכין-12X100 (1) + טרוקר אקסל OPTI-סכין-5X100 (1) + מספריים מונופולר 5 מ""מ (1) + שרוול אקסל OPTI-5X100 (1)",Expensive,1,4445.8183,4445.8183
"DA VINCI XI - 470015 (1) + DA VINCI XI - 470341 (1) + DA VINCI XI - 470357 (1) + DA VINCI XI - 470361 (1) + ENDO CATCH-10 (1) + LAPARA-TY CLIP APPLIER (1) + MICROVAL 14X10-RIGHT (1) + V-LOC 3/0 R.B.26-VLOCM0604 (1) + אטם סיליקון 5 מ""מ לטרוקר YP PL (1) + בלון אמצעי T10SB (1) + בלון דו צדדי PDBS2 (1) + טאקר-10 סיכות MICROVAL (1) + טרוקר אקסל OPTI-סכין-12X100 (1) + טרוקר אקסל OPTI-סכין-5X100 (1)",Expensive,1,3182.6294,3182.6294
DEXTILE LEFT ANT. MESH 15X10CM (1) + DEXTILE RIGHT ANT. MESH 15X10C (1) + LIQUIBAND FIX8 טאקר דבק (1) + VERSAONE BLADED TROCAR WITH FI (1) + בלון דו צדדי PDBS2 (1) + טאקר נספג-12 סיכות-ETHICON (1) + טרוקר אקסל OPTI-12X100 (1) + טרוקר ללא סכין 5 NB5STF (1),Expensive,1,3536.16,3536.16
DEXTILE LEFT ANT. MESH 15X10CM (1) + DEXTILE RIGHT ANT. MESH 15X10C (1) + VERSAONE BLADED TROCAR WITH FI (1) + בלון אמצעי T10SB (1) + בלון דו צדדי PDBS2 (1),Expensive,1,1535.95,1535.95
DEXTILE LEFT ANT. MESH 15X10CM (1) + DEXTILE RIGHT ANT. MESH 15X10C (1) + אנדו קליפ 5 176630 (1) + בלון אמצעי T10SB (1) + בלון דו צדדי PDBS2 (1) + טאקר נספג-25 סיכות-ETHICON (1) + טרוקר ללא סכין 5 NB5STF (1),Expensive,1,3690.1225999999997,3690.1225999999997
DEXTILE LEFT ANT. MESH 15X10CM (1) + DEXTILE RIGHT ANT. MESH 15X10C (1) + אנדו קליפ 5 176630 (1) + בלון דו צדדי PDBS2 (1) + טאקר נספג-25 סיכות-ETHICON (1) + טרוקר אקסל ללא סכין 11 B11LT (1) + טרוקר ללא סכין 5 NB5STF (1) + סקשן איריגיישיין 5 (1),Expensive,1,3415.0643999999998,3415.0643999999998
DEXTILE LEFT ANT. MESH 15X10CM (1) + DEXTILE RIGHT ANT. MESH 15X10C (1) + אנדו קליפ 5 176630 (2) + בלון אמצעי T10SB (1) + בלון דו צדדי PDBS2 (1) + טאקר נספג - 30 סיכות (1) + טרוקר אקסל OPTI-סכין-5X100 (1) + שרוול אקסל OPTI-5X100 (1),Expensive,1,4621.5952,4621.5952
DEXTILE LEFT ANT. MESH 15X10CM (1) + DEXTILE RIGHT ANT. MESH 15X10C (1) + אנדו קליפ 5 EL5ML (1) + בלון אמצעי T10SB (1) + בלון דו צדדי PDBS2 (1) + טאקר נספג-12 סיכות-ETHICON (1),Expensive,1,3469.5819,3469.5819
DEXTILE LEFT ANT. MESH 15X10CM (1) + DEXTILE RIGHT ANT. MESH 15X10C (1) + אנדו קליפ 5 EL5ML (1) + בלון אמצעי T10SB (1) + בלון דו צדדי PDBS2 (1) + טאקר נספג-12 סיכות-ETHICON (1) + טרוקר ללא סכין 5 NB5STF (1),Expensive,1,3549.5823,3549.5823
DEXTILE LEFT ANT. MESH 15X10CM (1) + DEXTILE RIGHT ANT. MESH 15X10C (1) + אנדו קליפ 5 EL5ML (1) + בלון אמצעי T10SB (1) + בלון דו צדדי PDBS2 (1) + טאקר נספג-12 סיכות-ETHICON (1) + טרוקר ללא סכין 5 NB5STF (1) + מספריים לאפ (1),Expensive,1,3550.5823,3550.5823
DEXTILE LEFT ANT. MESH 15X10CM (1) + DEXTILE RIGHT ANT. MESH 15X10C (1) + בלון אמצעי T10SB (1) + בלון דו צדדי PDBS2 (1) + טאקר נספג-12 סיכות-ETHICON (1) + טרוקר אקסל ללא סכין 11 B11LT (1) + טרוקר ללא סכין 5 NB5STF (1),Expensive,1,2862.1000000000004,2862.1000000000004
DEXTILE LEFT ANT. MESH 15X10CM (1) + DEXTILE RIGHT ANT. MESH 15X10C (1) + בלון אמצעי T10SB (1) + בלון דו צדדי PDBS2 (1) + טאקר נספג-12 סיכות-ETHICON (1) + טרוקר ללא סכין 5 NB5STF (1),Expensive,1,2787.1000000000004,2787.1000000000004
DEXTILE LEFT ANT. MESH 15X10CM (1) + DEXTILE RIGHT ANT. MESH 15X10C (1) + בלון אמצעי T10SB (1) + בלון דו צדדי PDBS2 (1) + טאקר נספג-12 סיכות-ETHICON (1) + טרוקר ללא סכין 5 NB5STF (1) + סקשן איריגיישיין 5 (1),Expensive,1,2843.9845,2843.9845
"DEXTILE LEFT ANT. MESH 15X10CM (1) + DEXTILE RIGHT ANT. MESH 15X10C (1) + בלון אמצעי T10SB (1) + בלון דו צדדי PDBS2 (1) + טאקר נספג-25 סיכות-ETHICON (1) + טרוקר CFF03 - 5X100 (1) + מספריים מונופולר 5 מ""מ (1) + שרוול לטרוקר 5 - CFS02 (1)",Expensive,1,3065.6542,3065.6542
DEXTILE LEFT ANT. MESH 15X10CM (1) + DEXTILE RIGHT ANT. MESH 15X10C (1) + בלון אמצעי T10SB (1) + בלון דו צדדי PDBS2 (1) + טאקר נספג-25 סיכות-ETHICON (1) + טרוקר ללא סכין 5 NB5STF (1) + סקשן איריגיישיין 5 (1),Expensive,1,2974.1845,2974.1845
DEXTILE LEFT ANT. MESH 15X10CM (1) + DEXTILE RIGHT ANT. MESH 15X10C (1) + בלון דו צדדי PDBS2 (1) + טאקר נספג-12 סיכות-ETHICON (1) + טרוקר אקסל OPTI-5X100 (1) + טרוקר אקסל ללא סכין 11 B11LT (1) + מספריים לאפ (1),Expensive,1,2451.15,2451.15
DEXTILE LEFT ANT. MESH 15X10CM (1) + DEXTILE RIGHT ANT. MESH 15X10C (1) + בלון דו צדדי PDBS2 (1) + טאקר נספג-25 סיכות-ETHICON (1) + טרוקר אקסל OPTI-5X100 (1) + טרוקר אקסל ללא סכין 11 B11LT (1) + שרוול אקסל OPTI-5X100 (1),Expensive,1,2655.35,2655.35
DEXTILE LEFT ANT. MESH 16X12CM (1) + DEXTILE RIGHT ANT. MESH 16X12C (1) + אנדו קליפ 5 EL5ML (1) + בלון אמצעי T10SB (1) + בלון דו צדדי PDBS2 (1) + טאקר נספג-12 סיכות-ETHICON (1),Expensive,1,3469.5821,3469.5821
DEXTILE RIGHT ANT. MESH 15X10C (1) + UNMAPPED_CODE (1) + בלון אמצעי T10SB (1) + בלון דו צדדי PDBS2 (1) + טאקר נספג-12 סיכות-ETHICON (1) + טרוקר CFF03 - 5X100 (1) + שרוול לטרוקר 5 - CFS02 (1),Expensive,1,2477.8472,2477.8472
DYNAMESH 10X15 (1) + SURGICEL POWDER HEMOSTAT (1) + בלון אמצעי T10SB (1) + בלון דו צדדי PDBS2 (1) + טאקר-10 סיכות MICROVAL (1) + טרוקר ללא סכין 5 NB5STF (1) + סקשן איריגיישיין 5 (1),Expensive,1,3496.3331,3496.3331
DYNAMESH ENDOLAP 3D 10*15CM (1) + LIQUIBAND FIX8 טאקר דבק (1) + PROCEED VENTRAL PATCH 4.3 (1) + V-LOC 3/0 R.B.26-VLOCM0604 (1) + טאקר נטען-20 סיכות MICROVAL (1) + טרוקר אקסל OPTI-5X100 (1) + טרוקר אקסל עם סכין 10-11 D11LT (1) + מספריים לאפ (1) + סקשן איריגיישיין 5 (1) + שרוול אקסל OPTI-5X100 (1),Expensive,1,3981.8028,3981.8028
DYNAMESH ENDOLAP 3D 10*15CM (1) + LIQUIBAND FIX8 טאקר דבק (1) + V-LOC 3/0 R.B.17-VLOCM0804 (1) + V-LOC 3/0 R.B.26-VLOCM0604 (1) + טאקר נטען-20 סיכות MICROVAL (1) + טרוקר אקסל OPTI-5X100 (1) + טרוקר אקסל עם סכין 10-11 D11LT (1) + מספריים לאפ (1) + סקשן איריגיישיין 5 (1) + שרוול אקסל OPTI-5X100 (1),Expensive,1,2734.7342,2734.7342
DYNAMESH ENDOLAP 3D 10*15CM (1) + LIQUIBAND FIX8 טאקר דבק (1) + V-LOC 3/0 R.B.26-VLOCM0604 (1) + אנדו קליפ 5 176630 (1) + בלון אמצעי T10SB (1) + בלון דו צדדי PDBS2 (1) + טאקר נספג - 15 סיכות (1) + טרוקר ללא סכין 5 NB5STF (1) + סקשן איריגיישיין 5 (1),Expensive,1,3930.3368,3930.3368
DYNAMESH ENDOLAP 3D 10*15CM (1) + LIQUIBAND FIX8 טאקר דבק (1) + V-LOC 3/0 R.B.26-VLOCM0604 (1) + אנדו קליפ 5 176630 (1) + בלון אמצעי T10SB (1) + בלון דו צדדי PDBS2 (1) + טרוקר אקסל ללא סכין 11 B11LT (1) + טרוקר ללא סכין 5 NB5STF (1) + סקשן איריגיישיין 5 (1),Expensive,1,3214.6277,3214.6277
DYNAMESH ENDOLAP 3D 10*15CM (1) + LIQUIBAND FIX8 טאקר דבק (1) + V-LOC 3/0 R.B.26-VLOCM0604 (1) + טאקר נטען-20 סיכות MICROVAL (1) + טרוקר אקסל OPTI-5X100 (1) + טרוקר אקסל ללא סכין 11 B11LT (1) + מספריים לאפ (1) + סקשן איריגיישיין 5 (1) + שרוול אקסל 10-11  CB11LT (1) + שרוול אקסל OPTI-5X100 (1),Expensive,1,2731.7402,2731.7402
DYNAMESH ENDOLAP 3D 10*15CM (1) + LIQUIBAND FIX8 טאקר דבק (1) + V-LOC 3/0 R.B.26-VLOCM0604 (1) + טאקר נטען-20 סיכות MICROVAL (1) + טרוקר אקסל OPTI-5X100 (1) + טרוקר אקסל עם סכין 10-11 D11LT (1) + מספריים לאפ (1) + סקשן איריגיישיין 5 (1) + שרוול אקסל OPTI-5X100 (1),Expensive,1,2667.9878,2667.9878
DYNAMESH ENDOLAP 3D 10*15CM (1) + LIQUIBAND FIX8 טאקר דבק (1) + VERSAONE BLADED TROCAR WITH FI (1) + אנדו קליפ 5 176630 (1) + בלון אמצעי T10SB (1) + בלון דו צדדי PDBS2 (1) + טאקר נספג - 15 סיכות (1) + טרוקר ללא סכין 5 NB5STF (1),Expensive,1,3873.6526,3873.6526
DYNAMESH ENDOLAP 3D 10*15CM (1) + LIQUIBAND FIX8 טאקר דבק (1) + VERSAONE BLADED TROCAR WITH FI (1) + בלון אמצעי T10SB (1) + בלון דו צדדי PDBS2 (1) + טרוקר ללא סכין 5 NB5STF (1) + מספריים לאפ (1) + סקשן איריגיישיין 5 (1),Expensive,1,2358.7145,2358.7145
DYNAMESH ENDOLAP 3D 10*15CM (1) + LIQUIBAND FIX8 טאקר דבק (1) + אנדו קלינצ 5 מ''מ (1) + אנדו קליפ 5 176630 (1) + בלון אמצעי T10SB (1) + בלון דו צדדי PDBS2 (1) + טאקר נספג - 15 סיכות (1) + טרוקר ללא סכין 5 NB5STF (1),Expensive,1,3677.4489,3677.4489
DYNAMESH ENDOLAP 3D 10*15CM (1) + LIQUIBAND FIX8 טאקר דבק (1) + אנדו קלינצ 5 מ''מ (1) + אנדו קליפ 5 176630 (1) + בלון אמצעי T10SB (1) + בלון דו צדדי PDBS2 (1) + טאקר נספג - 15 סיכות (1) + טרוקר ללא סכין 5 NB5STF (1) + מספריים לאפ (1) + סקשן איריגיישיין 5 (1),Expensive,1,3740.4673000000003,3740.4673000000003
DYNAMESH ENDOLAP 3D 10*15CM (1) + LIQUIBAND FIX8 טאקר דבק (1) + אנדו קלינצ 5 מ''מ (1) + בלון אמצעי T10SB (1) + בלון דו צדדי PDBS2 (1) + טאקר נספג - 15 סיכות (1) + טרוקר ללא סכין 5 NB5STF (1),Expensive,1,3021.83,3021.83
DYNAMESH ENDOLAP 3D 10*15CM (1) + LIQUIBAND FIX8 טאקר דבק (1) + אנדו קלינצ 5 מ''מ (1) + בלון אמצעי T10SB (1) + בלון דו צדדי PDBS2 (1) + טאקר נספג - 30 סיכות (1) + טרוקר ללא סכין 5 NB5STF (1) + סקשן איריגיישיין 5 (1),Expensive,1,3748.7145,3748.7145
DYNAMESH ENDOLAP 3D 10*15CM (1) + LIQUIBAND FIX8 טאקר דבק (1) + אנדו קלינצ 5 מ''מ (1) + בלון אמצעי T10SB (1) + בלון דו צדדי PDBS2 (1) + טרוקר אקסל עם סכין 10-11 D11LT (1) + טרוקר ללא סכין 5 NB5STF (1) + מספריים לאפ (1) + סקשן איריגיישיין 5 (1),Expensive,1,2359.8484,2359.8484
DYNAMESH ENDOLAP 3D 10*15CM (1) + LIQUIBAND FIX8 טאקר דבק (1) + אנדו קלינצ 5 מ''מ (1) + בלון אמצעי T10SB (1) + בלון דו צדדי PDBS2 (1) + טרוקר ללא סכין 5 NB5STF (1) + מספריים לאפ (1),Expensive,1,2222.83,2222.83
DYNAMESH ENDOLAP 3D 10*15CM (1) + LIQUIBAND FIX8 טאקר דבק (1) + אנדו קלינצ' 5 174317 (1) + אנדו קליפ 5 176630 (1) + בלון אמצעי T10SB (1) + בלון דו צדדי PDBS2 (1) + טאקר נספג - 30 סיכות (1) + טרוקר ללא סכין 5 NB5STF (1),Expensive,1,4504.6226,4504.6226
DYNAMESH ENDOLAP 3D 10*15CM (1) + LIQUIBAND FIX8 טאקר דבק (1) + אנדו קלינצ' 5 174317 (1) + אנדו קליפ 5 176630 (1) + בלון אמצעי T10SB (1) + בלון דו צדדי PDBS2 (1) + טרוקר ללא סכין 5 NB5STF (1),Expensive,1,3098.1596,3098.1596
DYNAMESH ENDOLAP 3D 10*15CM (1) + LIQUIBAND FIX8 טאקר דבק (1) + אנדו קלינצ' 5 174317 (1) + בלון אמצעי T10SB (1) + בלון דו צדדי PDBS2 (1) + טרוקר ללא סכין 5 NB5STF (1),Expensive,1,2325.3297000000002,2325.3297000000002
DYNAMESH ENDOLAP 3D 10*15CM (1) + LIQUIBAND FIX8 טאקר דבק (1) + אנדו קליפ 5 176630 (1) + אנדו קליפ 5 EL5ML (1) + בלון אמצעי T10SB (1) + בלון דו צדדי PDBS2 (1) + טרוקר ללא סכין 5 NB5STF (1) + סקשן איריגיישיין 5 (1),Expensive,1,3813.0267,3813.0267
DYNAMESH ENDOLAP 3D 10*15CM (1) + LIQUIBAND FIX8 טאקר דבק (1) + אנדו קליפ 5 176630 (1) + בלון אמצעי T10SB (1) + בלון דו צדדי PDBS2 (1) + טאקר נספג - 15 סיכות (1) + טרוקר אקסל ללא סכין 11 B11LT (1) + טרוקר ללא סכין 5 NB5STF (1),Expensive,1,3868.6526,3868.6526
DYNAMESH ENDOLAP 3D 10*15CM (1) + LIQUIBAND FIX8 טאקר דבק (1) + אנדו קליפ 5 176630 (1) + בלון אמצעי T10SB (1) + בלון דו צדדי PDBS2 (1) + טאקר נספג - 15 סיכות (1) + טרוקר ללא סכין 5 NB5STF (1) + סקשן איריגיישיין 5 (1),Expensive,1,3850.5443999999998,3850.5443999999998
DYNAMESH ENDOLAP 3D 10*15CM (1) + LIQUIBAND FIX8 טאקר דבק (1) + בלון אמצעי T10SB (1) + בלון דו צדדי PDBS2 (1) + טאקר נספג - 15 סיכות (1) + טרוקר ללא סכין 5 NB5STF (1),Expensive,1,3020.83,3020.83
DYNAMESH ENDOLAP 3D 10*15CM (1) + LIQUIBAND FIX8 טאקר דבק (1) + בלון אמצעי T10SB (1) + בלון דו צדדי PDBS2 (1) + טאקר נספג - 15 סיכות (1) + טרוקר ללא סכין 5 NB5STF (1) + מספריים לאפ (1),Expensive,1,3021.83,3021.83
DYNAMESH ENDOLAP 3D 10*15CM (1) + LIQUIBAND FIX8 טאקר דבק (1) + בלון אמצעי T10SB (1) + בלון דו צדדי PDBS2 (1) + טאקר נספג - 15 סיכות (1) + טרוקר ללא סכין 5 NB5STF (1) + מספריים לאפ (1) + סקשן איריגיישיין 5 (1),Expensive,1,3081.281,3081.281
DYNAMESH ENDOLAP 3D 10*15CM (1) + LIQUIBAND FIX8 טאקר דבק (1) + בלון אמצעי T10SB (1) + בלון דו צדדי PDBS2 (1) + טאקר נספג - 30 סיכות (1) + טרוקר ללא סכין 5 NB5STF (1) + סקשן איריגיישיין 5 (1),Expensive,1,3747.7145,3747.7145
"DYNAMESH ENDOLAP 3D 10*15CM (1) + LIQUIBAND FIX8 טאקר דבק (1) + בלון אמצעי T10SB (1) + בלון דו צדדי PDBS2 (1) + טרוקר ללא סכין 5 NB5STF (1) + מספריים מונופולר 5 מ""מ (1) + סקשן איריגיישיין 5 (1)",Expensive,1,2365.437,2365.437
DYNAMESH ENDOLAP 3D 10*15CM (1) + LIQUIBAND FIX8 טאקר דבק (1) + טאקר נספג-12 סיכות-ETHICON (1) + טרוקר אקסל OPTI-סכין-5X100 (1) + טרוקר אקסל ללא סכין 11 B11LT (1) + ליגשור מרילנד ארוך - LF1937 (1) + שרוול אקסל OPTI-5X100 (1),Expensive,1,4171.03,4171.03
DYNAMESH ENDOLAP 3D 10*15CM (1) + MAX.0 R.B 27 -6456-61 (1) + אנדו קליפ 10 176625 (1) + אנדו קליפ 5 176630 (1) + בלון אמצעי T10SB (1) + בלון דו צדדי PDBS2 (1) + טאקר נספג-12 סיכות-ETHICON (1) + טרוקר אקסל OPTI-סכין-5X100 (1) + מספריים לאפ (1) + שרוול אקסל OPTI-5X100 (1),Expensive,1,3944.8949000000002,3944.8949000000002
DYNAMESH ENDOLAP 3D 10*15CM (1) + SURGICEL 10CM * 20CM (1) + אנדו קליפ 5 176630 (1) + בלון אמצעי T10SB (1) + בלון דו צדדי PDBS2 (1) + טאקר נספג - 15 סיכות (1) + טרוקר ללא סכין 5 NB5STF (1) + סקשן איריגיישיין 5 (1),Expensive,1,2896.7691999999997,2896.7691999999997
DYNAMESH ENDOLAP 3D 10*15CM (1) + SURGICEL FIBRILLAR 2.5CM*5.1CM (1) + בלון אמצעי T10SB (1) + בלון דו צדדי PDBS2 (1) + טאקר נספג - 15 סיכות (1),Expensive,1,2112.3,2112.3
DYNAMESH ENDOLAP 3D 10*15CM (1) + SURGICEL FIBRILLAR 5CM*10CM (1) + אנדו קליפ 5 176630 (1) + בלון אמצעי T10SB (1) + בלון דו צדדי PDBS2 (1) + טאקר נספג - 30 סיכות (1) + טרוקר ללא סכין 5 NB5STF (1) + סקשן איריגיישיין 5 (1),Expensive,1,3811.7928,3811.7928
DYNAMESH ENDOLAP 3D 10*15CM (1) + SURGICEL SNOW 5CMX10CM (1) + אנדו קליפ 5 176630 (1) + בלון אמצעי T10SB (1) + בלון דו צדדי PDBS2 (1) + טאקר נספג - 15 סיכות (1) + טרוקר ללא סכין 5 NB5STF (1) + סקשן איריגיישיין 5 (1),Expensive,1,3129.0801,3129.0801
DYNAMESH ENDOLAP 3D 10*15CM (1) + ULTRAPRO ADVANCED MESH 6*12CM (1) + אנדו קלינצ 5 מ''מ (1) + בלון אמצעי T10SB (1) + בלון דו צדדי PDBS2 (1) + טאקר נספג - 15 סיכות (1) + טאקר נספג-25 סיכות-ETHICON (1) + טרוקר אקסל OPTI-סכין-5X100 (1) + טרוקר אקסל עם סכין 10-11 D11LT (1) + מספריים לאפ (1),Expensive,1,3742.2217,3742.2217
DYNAMESH ENDOLAP 3D 10*15CM (1) + ULTRAPRO ADVANCED MESH 6*12CM (1) + אנדו קלינצ 5 מ''מ (1) + בלון אמצעי T10SB (1) + בלון דו צדדי PDBS2 (1) + טאקר נספג - 15 סיכות (1) + טרוקר אקסל OPTI-סכין-5X100 (1) + טרוקר אקסל עם סכין 10-11 D11LT (1),Expensive,1,2359.87,2359.87
DYNAMESH ENDOLAP 3D 10*15CM (1) + ULTRAPRO ADVANCED MESH 6*12CM (1) + בלון אמצעי T10SB (1) + בלון דו צדדי PDBS2 (1) + טאקר נספג - 15 סיכות (1) + טרוקר אקסל OPTI-סכין-5X100 (1) + טרוקר אקסל עם סכין 10-11 D11LT (1),Expensive,1,2241.6714,2241.6714
DYNAMESH ENDOLAP 3D 10*15CM (1) + V-LOC 2/0 R.B.26-VLOCL0615 (1) + טאקר נספג-25 סיכות-ETHICON (1) + טרוקר CFF03 - 5X100 (1) + טרוקר CFF33 - 11X100 (1) + שרוול לטרוקר 5 - CFS02 (1),Expensive,1,2176.0515,2176.0515
DYNAMESH ENDOLAP 3D 10*15CM (1) + V-LOC 2/0 R.B.26-VLOCL2105 (1) + אנדו קליפ 5 176630 (1) + בלון אמצעי T10SB (1) + בלון דו צדדי PDBS2 (1) + טאקר נספג - 15 סיכות (1) + טרוקר אקסל עם סכין 10-11 D11LT (1) + טרוקר ללא סכין 5 NB5STF (1) + מספריים לאפ (1) + סקשן איריגיישיין 5 (1),Expensive,1,3014.6177,3014.6177
DYNAMESH ENDOLAP 3D 10*15CM (1) + V-LOC 2/0 R.B.30-VLOCM1545 (1) + אנדו קליפ 5 176630 (1) + בלון אמצעי T10SB (1) + בלון דו צדדי PDBS2 (1) + טאקר נספג - 15 סיכות (1) + טרוקר אקסל ללא סכין 11 B11LT (1) + טרוקר ללא סכין 5 NB5STF (1) + סקשן איריגיישיין 5 (1),Expensive,1,3013.6177,3013.6177
DYNAMESH ENDOLAP 3D 10*15CM (1) + V-LOC 3/0 R.B.26-VLOCM0604 (1) + אנדו קליפ 5 176630 (1) + בלון אמצעי T10SB (1) + בלון דו צדדי PDBS2 (1) + טאקר נספג - 15 סיכות (1) + טרוקר אקסל ללא סכין 11 B11LT (1) + טרוקר ללא סכין 5 NB5STF (1) + מספריים לאפ (1) + סקשן איריגיישיין 5 (1),Expensive,1,3004.1101,3004.1101
DYNAMESH ENDOLAP 3D 10*15CM (1) + אנדו קלינצ 5 מ''מ (1) + בלון אמצעי T10SB (1) + בלון דו צדדי PDBS2 (1) + טאקר נספג - 15 סיכות (1) + טרוקר ללא סכין 5 NB5STF (1),Expensive,1,1903.62,1903.62
DYNAMESH ENDOLAP 3D 10*15CM (1) + אנדו קליפ 5 176630 (1) + בלון אמצעי T10SB (1) + בלון דו צדדי PDBS2 (1) + טאקר נספג - 30 סיכות (1) + טרוקר ללא סכין 5 NB5STF (1) + סקשן איריגיישיין 5 (1),Expensive,1,3519.5344,3519.5344
DYNAMESH ENDOLAP 3D 10*15CM (1) + אנדו קליפ 5 EL5ML (1) + בלון אמצעי T10SB (1) + בלון דו צדדי PDBS2 (1) + טאקר נספג-12 סיכות-ETHICON (1) + טרוקר CFF03 - 5X100 (1) + שרוול לטרוקר 5 - CFS02 (1),Expensive,1,3303.1995,3303.1995
DYNAMESH ENDOLAP 3D 10*15CM (1) + בלון אמצעי T10SB (1) + בלון דו צדדי PDBS2 (1) + טאקר נספג - 15 סיכות (1) + טרוקר ללא סכין 5 NB5STF (1),Expensive,1,2019.82,2019.82
DYNAMESH ENDOLAP 3D 10*15CM (1) + בלון אמצעי T10SB (1) + בלון דו צדדי PDBS2 (1) + טאקר נספג - 15 סיכות (1) + טרוקר ללא סכין 5 NB5STF (1) + סקשן איריגיישיין 5 (1),Expensive,1,2080.4742,2080.4742
DYNAMESH ENDOLAP 3D 10*15CM (1) + בלון אמצעי T10SB (1) + בלון דו צדדי PDBS2 (1) + טאקר נספג - 30 סיכות (1) + טרוקר ללא סכין 5 NB5STF (1),Expensive,1,2689.8199999999997,2689.8199999999997
DYNAMESH ENDOLAP 3D 10*15CM (1) + בלון אמצעי T10SB (1) + בלון דו צדדי PDBS2 (1) + טאקר נספג - 30 סיכות (1) + טרוקר ללא סכין 5 NB5STF (1) + מספריים לאפ (1) + סקשן איריגיישיין 5 (1),Expensive,1,2747.7045,2747.7045
"DYNAMESH ENDOLAP 3D 10*15CM (1) + בלון אמצעי T10SB (1) + בלון דו צדדי PDBS2 (1) + טאקר נספג-12 סיכות-ETHICON (1) + טרוקר CFF03 - 5X100 (1) + כיסוי מצלמה לפרסקופית (1) + מזרק 20 מ""ל (1) + סטרי-סטריפ 1/2 (1) + פלטה דיאט. ללא כבל-מבוגר (1) + שרוול לטרוקר 5 - CFS02 (1)",Expensive,1,2552.7691999999997,2552.7691999999997
"DYNAMESH ENDOLAP 3D 10*15CM (1) + בלון אמצעי T10SB (1) + בלון דו צדדי PDBS2 (1) + טאקר נספג-12 סיכות-ETHICON (1) + טרוקר CFF03 - 5X100 (1) + מספריים מונופולר 5 מ""מ (1) + שרוול לטרוקר 5 - CFS02 (1)",Expensive,1,2638.8324000000002,2638.8324000000002
DYNAMESH ENDOLAP 3D 10*15CM (1) + בלון אמצעי T10SB (1) + בלון דו צדדי PDBS2 (1) + טאקר נספג-12 סיכות-ETHICON (1) + טרוקר אקסל OPTI-סכין-5X100 (1) + מספריים לאפ (1) + שרוול אקסל OPTI-5X100 (1),Expensive,1,2541.9700000000003,2541.9700000000003
"DYNAMESH ENDOLAP 3D 10*15CM (1) + בלון אמצעי T10SB (1) + בלון דו צדדי PDBS2 (1) + טאקר נספג-12 סיכות-ETHICON (1) + טרוקר אקסל OPTI-סכין-5X100 (1) + מספריים מונופולר 5 מ""מ (1) + שרוול אקסל OPTI-5X100 (1)",Expensive,1,2624.9228000000003,2624.9228000000003
DYNAMESH ENDOLAP 3D 10*15CM (1) + טאקר נספג-12 סיכות-ETHICON (1) + טרוקר CFF03 - 5X100 (1) + שרוול לטרוקר 5 - CFS02 (1),Expensive,1,1860.0043,1860.0043
DYNAMESH ENDOLAP 3D 10*15CM (2) + אנדו קליפ 5 176630 (1) + בלון אמצעי T10SB (1) + בלון דו צדדי PDBS2 (1) + טאקר נספג - 15 סיכות (1) + טרוקר ללא סכין 5 NB5STF (1) + מספריים לאפ (1) + סקשן איריגיישיין 5 (1),Expensive,1,3294.4044,3294.4044
DYNAMESH ENDOLAP 3D PVDF 12*17 (1) + LIQUIBAND FIX8 טאקר דבק (1) + SURGICEL 10CM * 20CM (1) + טאקר נספג-12 סיכות-ETHICON (1) + טרוקר אקסל OPTI-סכין-5X100 (1) + טרוקר אקסל ללא סכין 11 B11LT (1) + ליגשור מרילנד ארוך - LF1937 (1) + סקשן איריגיישיין 5 (1) + שרוול אקסל OPTI-5X100 (1),Expensive,1,4309.3201,4309.3201
FILBLOC 90 3/0  - FU395HHFAB (1) + FILBLOC 90 3/0 - FU400HHFAB (1) + PROGRIP FLAT SHEET MESH 15X10 (1) + אנדו קליפ 5 176630 (1) + טאקר נספג - 15 סיכות (1) + טרוקר CFF03 - 5X100 (1) + טרוקר CFF33 - 11X100 (1) + סקשן איריגיישיין 5 (1) + שרוול לטרוקר 5 - CFS02 (1),Expensive,1,2979.0203,2979.0203
FILBLOC 90 3/0  - FU395HHFAB (1) + FILBLOC PDO 3/0 - FU395HHAB (1) + HAR736 -  הרמוניק 700 (1) + PROGRIP FLAT SHEET MESH 15X10 (1) + אנדו קליפ 10 ER-320 (1) + בלון אמצעי T10SB (1) + טאקר נספג-25 סיכות-ETHICON (1) + טרוקר CFF03 - 5X100 (1) + שרוול אקסל 10-11  CB11LT (1),Expensive,1,4901.6035999999995,4901.6035999999995
FILBLOC 90 3/0  - FU395HHFAB (1) + HAR736 -  הרמוניק 700 (1) + PROGRIP FLAT SHEET MESH 15X10 (1) + טרוקר אקסל OPTI-5X100 (1) + טרוקר אקסל ללא סכין 11 B11LT (1) + שרוול אקסל OPTI-5X100 (1),Expensive,1,2544.5333,2544.5333
FILBLOC 90 3/0  - FU395HHFAB (1) + HARH36- הרמוניק אייס פלוס 7 (1) + PROGRIP FLAT SHEET MESH 15X10 (1) + טרוקר אקסל OPTI-5X100 (1) + טרוקר אקסל ללא סכין 11 B11LT (1) + שרוול אקסל OPTI-5X100 (1),Expensive,1,2544.5333,2544.5333
FILBLOC 90 3/0  - FU395HHFAB (1) + PROGRIP FLAT SHEET MESH 15X10 (1) + אנדו קליפ 5 EL5ML (1) + טרוקר אקסל OPTI-5X100 (1) + טרוקר אקסל ללא סכין 11 B11LT (1) + שרוול אקסל OPTI-5X100 (1),Expensive,1,1977.0179,1977.0179
FILBLOC PDO 3/0 - FU395HHAB (1) + HAR736 -  הרמוניק 700 (1) + PROGRIP FLAT SHEET MESH 15X10 (1) + טרוקר אקסל OPTI-5X100 (1) + טרוקר אקסל ללא סכין 11 B11LT (1),Expensive,1,2469.5333,2469.5333
GLUBRAN2-SURGICAL GLUE-0.5ML (1) + GLUTACK DEVICE 25 DROPS (1) + SYMBOTEX.COM.MESH 12CM-RAUND (1) + ULTRAPRO ADVANCED MESH 10*15CM (1) + V-LOC 3/0 R.B.26-VLOCM0604 (1) + V-LOC 3/0 R.B.26-VLOCN0605 (1) + אנדו קליפ 5 EL5ML (1) + טאקר נספג-25 סיכות-ETHICON (1) + טרוקר אקסל OPTI-סכין-5X100 (1) + טרוקר אקסל ללא סכין 11 B11LT (1) + מספריים לאפ (1) + שרוול אקסל 10-11  CB11LT (1) + שרוול אקסל OPTI-5X100 (1),Expensive,1,5063.9349999999995,5063.9349999999995
GLUBRAN2-SURGICAL GLUE-1ML (1) + GLUTACK DEVICE 50 DROPS (1) + ULTRAPRO ADVANCED MESH 10*15CM (1) + V-LOC 3/0 R.B.26-VLOCM0604 (1) + טרוקר אקסל OPTI-סכין-5X100 (1) + טרוקר אקסל עם סכין 10-11 D11LT (1) + שרוול אקסל OPTI-5X100 (1),Expensive,1,2053.2347,2053.2347
GLUTACK DEVICE 50 DROPS (1) + SYMBOTEX.COM.MESH 12CM-RAUND (1) + ULTRAPRO ADVANCED MESH 10*15CM (1) + V-LOC 3/0 R.B.26-VLOCM0604 (1) + טרוקר אקסל OPTI-סכין-5X100 (1) + טרוקר אקסל עם סכין 10-11 D11LT (1) + שרוול אקסל OPTI-5X100 (1),Expensive,1,2946.8166,2946.8166
GLUTACK DEVICE 50 DROPS (1) + ULTRAPRO ADVANCED MESH 10*15CM (1) + V-LOC 3/0 R.B.26-VLOCM0604 (1) + אנדו קליפ 5 EL5ML (1) + טרוקר אקסל OPTI-סכין-5X100 (1) + טרוקר אקסל עם סכין 10-11 D11LT (1) + שרוול אקסל OPTI-5X100 (1),Expensive,1,2372.8999,2372.8999
GLUTACK DEVICE 50 DROPS (1) + ULTRAPRO ADVANCED MESH 10*15CM (1) + V-LOC 3/0 R.B.26-VLOCM0604 (1) + טרוקר אקסל OPTI-סכין-5X100 (1) + טרוקר אקסל ללא סכין 11 B11LT (1) + שרוול אקסל OPTI-5X100 (1),Expensive,1,1620.5275,1620.5275
HAR736 -  הרמוניק 700 (1) + PROGRIP FLAT SHEET MESH 15X10 (1),Expensive,1,2222.45,2222.45
HAR736 -  הרמוניק 700 (1) + PROGRIP FLAT SHEET MESH 15X10 (1) + VENTRALEX MEDIUM - 5950008 (1) + בלון להרניה עגול - SMBTTRNDX (1) + טאקר נספג-25 סיכות-ETHICON (1) + טרוקר אקסל OPTI-5X100 (1) + טרוקר אקסל ללא סכין 11 B11LT (1) + שרוול אקסל OPTI-5X100 (1),Expensive,1,5826.95,5826.95
HAR736 -  הרמוניק 700 (1) + PROGRIP FLAT SHEET MESH 15X10 (1) + VENTRALEX SMALL - 5950007 (1),Expensive,1,3429.3199999999997,3429.3199999999997
HAR736 -  הרמוניק 700 (1) + PROGRIP FLAT SHEET MESH 15X10 (1) + עפרון סימון סטרילי - רגיל (1),Expensive,1,2224.3559,2224.3559
HARMONIC HD 1000I - HARHD36 (1) + PROGRIP FLAT SHEET MESH 15X10 (1) + טרוקר אקסל OPTI-5X100 (1) + טרוקר אקסל ללא סכין 11 B11LT (1) + שרוול אקסל OPTI-5X100 (1),Expensive,1,2447.45,2447.45
LAPARA-TY CLIP APPLIER (1) + MICROVAL 15 X 15CM (1) + V-LOC 3/0 R.B.17-VLOCM0804 (1) + V-LOC 3/0 R.B.26-VLOCM0604 (1) + בלון אמצעי T10SB (1) + בלון דו צדדי PDBS2 (1) + טרוקר CFF03 - 5X100 (1) + טרוקר אקסל OPTI-12X100 (1) + טרוקר אקסל OPTI-סכין-5X100 (1) + טרוקר אקסל ללא סכין 11 B11LT (1) + טרוקר חסן 12 H12LP (1) + ליגשור מרילנד ארוך - LF1937 (1) + מספריים לאפ (1) + סקשן איריגיישיין 5 (2) + שרוול אקסל OPTI-5X100 (1) + שרוול לטרוקר 5 - CFS02 (1),Expensive,1,3237.5777,3237.5777
"LIQUIBAND FIX8 טאקר דבק (1) + MICROVAL 14X10-LEFT (1) + MICROVAL 14X10-RIGHT (1) + SURGICEL FIBRILLAR 2.5CM*5.1CM (1) + בלון אמצעי T10SB (1) + בלון דו צדדי PDBS2 (1) + טאקר-10 סיכות MICROVAL (1) + טרוקר ללא סכין 5 NB5STF (1) + מספריים מונופולר 5 מ""מ (1)",Expensive,1,3671.7302,3671.7302
LIQUIBAND FIX8 טאקר דבק (1) + MICROVAL 14X10-LEFT (1) + MICROVAL 14X10-RIGHT (1) + בלון אמצעי T10SB (1) + בלון דו צדדי PDBS2 (1) + טאקר-10 סיכות MICROVAL (1) + טרוקר ללא סכין 5 NB5STF (1) + מספריים לאפ (1),Expensive,1,3377.4714,3377.4714
LIQUIBAND FIX8 טאקר דבק (1) + SYMBOTEX ROUND MESH 15CM (1) + אנדו קליפ 10 176625 (1) + בלון אמצעי T10SB (1) + בלון דו צדדי PDBS2 (1) + טאקר נספג - 30 סיכות (1) + טרוקר אקסל OPTI-סכין-5X100 (1) + טרוקר אקסל עם סכין 10-11 D11LT (1) + מספריים לאפ (1),Expensive,1,5127.4737,5127.4737
MICROVAL 14X10-LEFT (1) + MICROVAL 14X10-RIGHT (1) + MICROVAL 15 X 15CM (1) + בלון אמצעי T10SB (1) + בלון דו צדדי PDBS2 (1) + טאקר נספג-12 סיכות-ETHICON (1) + טרוקר אקסל OPTI-סכין-5X100 (1) + טרוקר אקסל עם סכין 10-11 D11LT (1),Expensive,1,3220.9121,3220.9121
MICROVAL 14X10-LEFT (1) + MICROVAL 14X10-RIGHT (1) + MICROVAL 7.5 X 15CM (1) + בלון אמצעי T10SB (1) + בלון דו צדדי PDBS2 (1) + טאקר נספג-12 סיכות-ETHICON (1) + טרוקר אקסל OPTI-סכין-5X100 (1) + טרוקר אקסל עם סכין 10-11 D11LT (1) + מספריים לאפ (1),Expensive,1,3204.5366,3204.5366
MICROVAL 14X10-LEFT (1) + MICROVAL 14X10-RIGHT (1) + MICROVAL 7.5 X 15CM (1) + בלון אמצעי T10SB (1) + בלון דו צדדי PDBS2 (1) + טאקר נספג-25 סיכות-ETHICON (1) + טרוקר אקסל OPTI-סכין-5X100 (1) + טרוקר אקסל עם סכין 10-11 D11LT (1),Expensive,1,3287.0137,3287.0137
MICROVAL 14X10-LEFT (1) + MICROVAL 14X10-RIGHT (1) + MICROVAL 7.5 X 15CM (1) + בלון אמצעי T10SB (1) + בלון דו צדדי PDBS2 (1) + טאקר-10 סיכות MICROVAL (1) + טרוקר אקסל OPTI-סכין-5X100 (1) + שרוול אקסל OPTI-5X100 (1),Expensive,1,2585.9865999999997,2585.9865999999997
MICROVAL 14X10-LEFT (1) + MICROVAL 14X10-RIGHT (1) + SURGICEL FIBRILLAR 2.5CM*5.1CM (1) + אנדו קליפ 5 176630 (1) + בלון אמצעי T10SB (1) + בלון דו צדדי PDBS2 (1) + טאקר-10 סיכות MICROVAL (1) + טרוקר ללא סכין 5 NB5STF (1),Expensive,1,3365.2502,3365.2502
MICROVAL 14X10-LEFT (1) + MICROVAL 14X10-RIGHT (1) + VERSAONE BLADED TROCAR WITH FI (1) + אנדו קליפ 5 176630 (1) + בלון אמצעי T10SB (1) + בלון דו צדדי PDBS2 (1) + טאקר-10 סיכות MICROVAL (1) + מספריים לאפ (1),Expensive,1,3193.7702,3193.7702
MICROVAL 14X10-LEFT (1) + MICROVAL 14X10-RIGHT (1) + VERSAONE BLADED TROCAR WITH FI (1) + אנדו קליפ 5 EL5ML (1) + בלון אמצעי T10SB (1) + בלון דו צדדי PDBS2 (1) + בלון חד צדדי PDB1000 (1) + טאקר נטען-20 סיכות MICROVAL (1) + מספריים לאפ (1) + סקשן איריגיישיין 5 (1),Expensive,1,3906.6306999999997,3906.6306999999997
MICROVAL 14X10-LEFT (1) + MICROVAL 14X10-RIGHT (1) + VERSAONE BLADED TROCAR WITH FI (1) + אנדו קליפ 5 EL5ML (1) + בלון אמצעי T10SB (1) + בלון דו צדדי PDBS2 (1) + טאקר-10 סיכות MICROVAL (1) + ליגשור - LF1837 (1),Expensive,1,4432.2897,4432.2897
MICROVAL 14X10-LEFT (1) + MICROVAL 14X10-RIGHT (1) + VERSAONE BLADED TROCAR WITH FI (1) + אנדו קליפ 5 EL5ML (1) + בלון אמצעי T10SB (1) + טאקר-10 סיכות MICROVAL (1),Expensive,1,2891.1669,2891.1669
MICROVAL 14X10-LEFT (1) + MICROVAL 14X10-RIGHT (1) + VERSAONE BLADED TROCAR WITH FI (1) + בלון אמצעי T10SB (1) + בלון דו צדדי PDBS2 (1) + טאקר נטען-20 סיכות MICROVAL (1) + סקשן איריגיישיין 5 (1),Expensive,1,2690.7584,2690.7584
MICROVAL 14X10-LEFT (1) + MICROVAL 14X10-RIGHT (1) + VERSAONE BLADED TROCAR WITH FI (1) + בלון אמצעי T10SB (1) + בלון דו צדדי PDBS2 (1) + טאקר-10 סיכות MICROVAL (1) + מספריים לאפ (1),Expensive,1,2418.6848,2418.6848
MICROVAL 14X10-LEFT (1) + MICROVAL 14X10-RIGHT (1) + VERSAONE BLADED TROCAR WITH FI (1) + בלון אמצעי T10SB (1) + בלון דו צדדי PDBS2 (1) + טאקר-10 סיכות MICROVAL (1) + סקשן איריגיישיין 5 (1),Expensive,1,2473.2184,2473.2184
MICROVAL 14X10-LEFT (1) + MICROVAL 14X10-RIGHT (1) + אנדו קלינצ 5 מ''מ (1) + אנדו קליפ 5 176630 (1) + בלון אמצעי T10SB (1) + בלון דו צדדי PDBS2 (1) + טאקר-10 סיכות MICROVAL (1) + טרוקר אקסל OPTI-סכין-5X100 (1) + מספריים לאפ (1) + שרוול אקסל OPTI-5X100 (1),Expensive,1,3262.4825,3262.4825
MICROVAL 14X10-LEFT (1) + MICROVAL 14X10-RIGHT (1) + אנדו קלינצ 5 מ''מ (1) + בלון אמצעי T10SB (1) + בלון דו צדדי PDBS2 (1) + טאקר-10 סיכות MICROVAL (1) + טרוקר אקסל OPTI-סכין-5X100 (1) + שרוול אקסל OPTI-5X100 (1),Expensive,1,2488.6599,2488.6599
MICROVAL 14X10-LEFT (1) + MICROVAL 14X10-RIGHT (1) + אנדו קלינצ' 5 174317 (1) + בלון אמצעי T10SB (1) + בלון דו צדדי PDBS2 (1) + טאקר-10 סיכות MICROVAL (1) + טרוקר אקסל OPTI-סכין-5X100 (1) + שרוול אקסל OPTI-5X100 (1),Expensive,1,2525.2574,2525.2574
MICROVAL 14X10-LEFT (1) + MICROVAL 14X10-RIGHT (1) + אנדו קליפ 5 176630 (1) + בלון אמצעי T10SB (1) + בלון דו צדדי PDBS2 (1) + טאקר-10 סיכות MICROVAL (1) + טרוקר אקסל עם סכין 5 D5ST (1),Expensive,1,3184.1638,3184.1638
MICROVAL 14X10-LEFT (1) + MICROVAL 14X10-RIGHT (1) + אנדו קליפ 5 176630 (1) + בלון אמצעי T10SB (1) + בלון דו צדדי PDBS2 (1) + טאקר-10 סיכות MICROVAL (1) + טרוקר אקסל עם סכין 5 D5ST (1) + טרוקר חסן 10 T10BT (1),Expensive,1,3536.8738,3536.8738
MICROVAL 14X10-LEFT (1) + MICROVAL 14X10-RIGHT (1) + אנדו קליפ 5 176630 (1) + בלון אמצעי T10SB (1) + בלון דו צדדי PDBS2 (1) + טאקר-10 סיכות MICROVAL (1) + טרוקר ללא סכין 5 NB5STF (1) + מספריים לאפ (1),Expensive,1,3191.5074,3191.5074
MICROVAL 14X10-LEFT (1) + MICROVAL 14X10-RIGHT (1) + אנדו קליפ 5 EL5ML (1) + בלון אמצעי T10SB (1) + בלון דו צדדי PDBS2 (1) + טאקר-10 סיכות MICROVAL (1) + טרוקר אקסל OPTI-12X100 (1) + טרוקר ללא סכין 5 NB5STF (1),Expensive,1,3253.8185,3253.8185
MICROVAL 14X10-LEFT (1) + MICROVAL 14X10-RIGHT (1) + אנדו קליפ 5 EL5ML (1) + בלון אמצעי T10SB (1) + בלון דו צדדי PDBS2 (1) + טאקר-10 סיכות MICROVAL (1) + טרוקר אקסל OPTI-סכין-5X100 (1) + טרוקר אקסל עם סכין 10-11 D11LT (1),Expensive,1,3248.8162,3248.8162
MICROVAL 14X10-LEFT (1) + MICROVAL 14X10-RIGHT (1) + אנדו קליפ 5 EL5ML (1) + בלון אמצעי T10SB (1) + בלון דו צדדי PDBS2 (1) + טאקר-10 סיכות MICROVAL (1) + טרוקר אקסל עם סכין 10-11 D11LT (1) + טרוקר ללא סכין 5 NB5STF (1),Expensive,1,3255.1669,3255.1669
MICROVAL 14X10-LEFT (1) + MICROVAL 14X10-RIGHT (1) + בלון אמצעי T10SB (1) + בלון דו צדדי PDBS2 (1) + בלון חד צדדי PDB1000 (1) + טאקר-10 סיכות MICROVAL (1) + טרוקר ללא סכין 5 NB5STF (1),Expensive,1,2863.8699,2863.8699
MICROVAL 14X10-LEFT (1) + MICROVAL 14X10-RIGHT (1) + בלון אמצעי T10SB (1) + בלון דו צדדי PDBS2 (1) + טאקר נטען-20 סיכות MICROVAL (1) + טאקר-10 סיכות MICROVAL (1) + טרוקר ללא סכין 5 NB5STF (1),Expensive,1,3268.7999,3268.7999
MICROVAL 14X10-LEFT (1) + MICROVAL 14X10-RIGHT (1) + בלון אמצעי T10SB (1) + בלון דו צדדי PDBS2 (1) + טאקר נטען-20 סיכות MICROVAL (1) + טרוקר ללא סכין 5 NB5STF (1) + מספריים לאפ (1),Expensive,1,2638.4876,2638.4876
MICROVAL 14X10-LEFT (1) + MICROVAL 14X10-RIGHT (1) + בלון אמצעי T10SB (1) + בלון דו צדדי PDBS2 (1) + טאקר-10 סיכות MICROVAL (1) + טרוקר אקסל OPTI-12X100 (1) + טרוקר ללא סכין 5 NB5STF (1) + מספריים לאפ (1),Expensive,1,2493.6599,2493.6599
"MICROVAL 14X10-LEFT (1) + MICROVAL 14X10-RIGHT (1) + בלון אמצעי T10SB (1) + בלון דו צדדי PDBS2 (1) + טאקר-10 סיכות MICROVAL (1) + טרוקר אקסל OPTI-5X100 (1) + טרוקר ללא סכין 5 NB5STF (1) + מספריים מונופולר 5 מ""מ (1)",Expensive,1,2573.2402,2573.2402
MICROVAL 14X10-LEFT (1) + MICROVAL 14X10-RIGHT (1) + בלון אמצעי T10SB (1) + בלון דו צדדי PDBS2 (1) + טאקר-10 סיכות MICROVAL (1) + טרוקר אקסל OPTI-5X100 (1) + מספריים לאפ (1) + שרוול אקסל OPTI-5X100 (1),Expensive,1,2446.4614,2446.4614
MICROVAL 14X10-LEFT (1) + MICROVAL 14X10-RIGHT (1) + בלון אמצעי T10SB (1) + בלון דו צדדי PDBS2 (1) + טאקר-10 סיכות MICROVAL (1) + טרוקר אקסל OPTI-סכין-5X100 (1),Expensive,1,2414.9476,2414.9476
MICROVAL 14X10-LEFT (1) + MICROVAL 14X10-RIGHT (1) + בלון אמצעי T10SB (1) + בלון דו צדדי PDBS2 (1) + טאקר-10 סיכות MICROVAL (1) + טרוקר אקסל OPTI-סכין-5X100 (1) + טרוקר אקסל עם סכין 5 D5ST (1) + סקשן איריגיישיין 5 (1) + שרוול אקסל OPTI-5X100 (1),Expensive,1,2618.2183999999997,2618.2183999999997
MICROVAL 14X10-LEFT (1) + MICROVAL 14X10-RIGHT (1) + בלון אמצעי T10SB (1) + בלון דו צדדי PDBS2 (1) + טאקר-10 סיכות MICROVAL (1) + טרוקר אקסל OPTI-סכין-5X100 (1) + מספריים לאפ (1) + סקשן איריגיישיין 5 (1) + שרוול אקסל OPTI-5X100 (1),Expensive,1,2545.9416,2545.9416
"MICROVAL 14X10-LEFT (1) + MICROVAL 14X10-RIGHT (1) + בלון אמצעי T10SB (1) + בלון דו צדדי PDBS2 (1) + טאקר-10 סיכות MICROVAL (1) + טרוקר אקסל OPTI-סכין-5X100 (1) + מספריים מונופולר 5 מ""מ (1) + סקשן איריגיישיין 5 (1) + שרוול אקסל OPTI-5X100 (1)",Expensive,1,2628.8944,2628.8944
MICROVAL 14X10-LEFT (1) + MICROVAL 14X10-RIGHT (1) + בלון אמצעי T10SB (1) + בלון דו צדדי PDBS2 (1) + טאקר-10 סיכות MICROVAL (1) + טרוקר אקסל עם סכין 5 D5ST (1) + מספריים לאפ (1),Expensive,1,2371.4614,2371.4614
MICROVAL 14X10-LEFT (1) + MICROVAL 14X10-RIGHT (1) + בלון אמצעי T10SB (1) + בלון דו צדדי PDBS2 (1) + טאקר-10 סיכות MICROVAL (1) + טרוקר אקסל עם סכין 5 D5ST (1) + סקשן איריגיישיין 5 (1),Expensive,1,2468.2184,2468.2184
"MICROVAL 14X10-LEFT (1) + MICROVAL 14X10-RIGHT (1) + בלון אמצעי T10SB (1) + טאקר-10 סיכות MICROVAL (1) + טרוקר אקסל OPTI-סכין-5X100 (1) + טרוקר אקסל עם סכין 5 D5ST (1) + מספריים מונופולר 5 מ""מ (1) + שרוול אקסל OPTI-5X100 (1)",Expensive,1,2314.0355,2314.0355
MICROVAL 14X10-LEFT (1) + MICROVAL 14X10-RIGHT (1) + בלון אמצעי T10SB (1) + טאקר-10 סיכות MICROVAL (1) + טרוקר ללא סכין 5 NB5STF (1),Expensive,1,2128.6599,2128.6599
"MICROVAL 14X10-LEFT (1) + MICROVAL 14X10-RIGHT (1) + בלון אמצעי T10SB (1) + טאקר-10 סיכות MICROVAL (1) + טרוקר ללא סכין 5 NB5STF (1) + מספריים מונופולר 5 מ""מ (1)",Expensive,1,2205.9409,2205.9409
MICROVAL 14X10-LEFT (1) + אנדו קליפ 5 EL5ML (1) + בלון אמצעי T10SB (1) + בלון דו צדדי PDBS2 (1) + טאקר-10 סיכות MICROVAL (1) + טרוקר אקסל עם סכין 5 D5ST (1) + סקשן איריגיישיין 5 (1),Expensive,1,2731.6054,2731.6054
MICROVAL 14X10-RIGHT (1) + MICROVAL 16X11-LEFT (1) + אנדו קליפ 5 176630 (1) + בלון אמצעי T10SB (1) + בלון דו צדדי PDBS2 (1) + טאקר-10 סיכות MICROVAL (1) + טרוקר אקסל OPTI-סכין-5X100 (1) + סקשן איריגיישיין 5 (1) + שרוול אקסל OPTI-5X100 (1),Expensive,1,3313.1456,3313.1456
MICROVAL 16X11-LEFT (1) + MICROVAL 16X11-RIGHT (1) + MICROVAL 7.5 X 15CM (1) + טאקר נספג-12 סיכות-ETHICON (1) + טרוקר אקסל OPTI-סכין-5X100 (1) + טרוקר אקסל עם סכין 10-11 D11LT (1),Expensive,1,2513.4442,2513.4442
MICROVAL 16X11-LEFT (1) + MICROVAL 16X11-RIGHT (1) + PROL.MESH-L (1) + אנדו קלינצ 5 מ''מ (1) + אנדו קליפ 5 EL5ML (1) + בלון אמצעי T10SB (1) + בלון דו צדדי PDBS2 (1) + טאקר-10 סיכות MICROVAL (1) + טרוקר אקסל OPTI-סכין-5X100 (1) + טרוקר אקסל עם סכין 10-11 D11LT (1) + מספריים לאפ (1) + סקשן איריגיישיין 5 (1),Expensive,1,3755.2678,3755.2678
MICROVAL 16X11-LEFT (1) + MICROVAL 16X11-RIGHT (1) + VENTRALEX MEDIUM - 5950008 (1) + בלון אמצעי T10SB (1) + בלון דו צדדי PDBS2 (1) + טאקר נטען-20 סיכות MICROVAL (1) + טאקר-10 סיכות MICROVAL (1) + טרוקר אקסל OPTI-סכין-5X100 (1) + טרוקר אקסל ללא סכין 11 B11LT (1) + מספריים לאפ (1) + שרוול אקסל OPTI-5X100 (1),Expensive,1,4673.215,4673.215
MICROVAL 16X11-LEFT (1) + MICROVAL 16X11-RIGHT (1) + אנדו קלינצ 5 מ''מ (1) + אנדו קליפ 5 EL5ML (1) + בלון אמצעי T10SB (1) + בלון דו צדדי PDBS2 (1) + טאקר נטען-20 סיכות MICROVAL (1) + טרוקר אקסל OPTI-5X100 (1) + טרוקר אקסל עם סכין 10-11 D11LT (1) + מספריים לאפ (1) + סקשן איריגיישיין 5 (1),Expensive,1,3537.7578,3537.7578
MICROVAL 16X11-LEFT (1) + MICROVAL 16X11-RIGHT (1) + אנדו קלינצ 5 מ''מ (1) + אנדו קליפ 5 EL5ML (1) + בלון אמצעי T10SB (1) + בלון דו צדדי PDBS2 (1) + טאקר-10 סיכות MICROVAL (1) + טרוקר אקסל OPTI-סכין-5X100 (1) + טרוקר אקסל עם סכין 10-11 D11LT (1),Expensive,1,3209.8596,3209.8596
MICROVAL 16X11-LEFT (1) + MICROVAL 16X11-RIGHT (1) + אנדו קלינצ 5 מ''מ (1) + אנדו קליפ 5 EL5ML (1) + בלון אמצעי T10SB (1) + בלון דו צדדי PDBS2 (1) + טאקר-10 סיכות MICROVAL (1) + טרוקר אקסל OPTI-סכין-5X100 (1) + טרוקר אקסל עם סכין 10-11 D11LT (1) + מספריים לאפ (1),Expensive,1,3247.7642,3247.7642
MICROVAL 16X11-LEFT (1) + MICROVAL 16X11-RIGHT (1) + אנדו קלינצ 5 מ''מ (1) + אנדו קליפ 5 EL5ML (1) + בלון אמצעי T10SB (1) + בלון דו צדדי PDBS2 (1) + טאקר-10 סיכות MICROVAL (1) + טרוקר אקסל OPTI-סכין-5X100 (1) + טרוקר אקסל עם סכין 10-11 D11LT (1) + מספריים לאפ (1) + שרוול אקסל OPTI-5X100 (1),Expensive,1,3334.5636,3334.5636
MICROVAL 16X11-LEFT (1) + MICROVAL 16X11-RIGHT (1) + אנדו קלינצ 5 מ''מ (1) + אנדו קליפ 5 EL5ML (1) + בלון אמצעי T10SB (1) + טאקר-10 סיכות MICROVAL (1) + טרוקר אקסל OPTI-סכין-5X100 (1) + טרוקר אקסל עם סכין 10-11 D11LT (1) + סקשן איריגיישיין 5 (1),Expensive,1,3030.2178,3030.2178
MICROVAL 16X11-LEFT (1) + MICROVAL 16X11-RIGHT (1) + אנדו קלינצ 5 מ''מ (1) + בלון אמצעי T10SB (1) + בלון דו צדדי PDBS2 (1) + טאקר-10 סיכות MICROVAL (1) + טרוקר אקסל OPTI-סכין-5X100 (1) + סקשן איריגיישיין 5 (1) + שרוול אקסל OPTI-5X100 (1),Expensive,1,2542.9723,2542.9723
"MICROVAL 16X11-LEFT (1) + MICROVAL 16X11-RIGHT (1) + בלון אמצעי T10SB (1) + בלון דו צדדי PDBS2 (1) + בלון חד צדדי PDB1000 (1) + טאקר-10 סיכות MICROVAL (1) + טרוקר אקסל OPTI-סכין-5X100 (1) + טרוקר אקסל עם סכין 10-11 D11LT (1) + מספריים מונופולר 5 מ""מ (1)",Expensive,1,3007.4013999999997,3007.4013999999997
"MICROVAL 16X11-LEFT (1) + MICROVAL 16X11-RIGHT (1) + בלון אמצעי T10SB (1) + בלון דו צדדי PDBS2 (1) + טאקר נטען-20 סיכות MICROVAL (1) + טרוקר ללא סכין 5 NB5STF (1) + מספריים מונופולר 5 מ""מ (1)",Expensive,1,2708.7313999999997,2708.7313999999997
MICROVAL 16X11-LEFT (1) + MICROVAL 16X11-RIGHT (1) + בלון אמצעי T10SB (1) + בלון דו צדדי PDBS2 (1) + טאקר-10 סיכות MICROVAL (1) + טרוקר אקסל OPTI-סכין-5X100 (1) + טרוקר אקסל עם סכין 10-11 D11LT (1),Expensive,1,2495.0788,2495.0788
MICROVAL 16X11-LEFT (1) + MICROVAL 16X11-RIGHT (1) + בלון אמצעי T10SB (1) + בלון דו צדדי PDBS2 (1) + טאקר-10 סיכות MICROVAL (1) + טרוקר אקסל OPTI-סכין-5X100 (1) + טרוקר אקסל עם סכין 10-11 D11LT (1) + מספריים לאפ (1),Expensive,1,2483.5843999999997,2483.5843999999997
MICROVAL 16X11-LEFT (1) + MICROVAL 16X11-RIGHT (1) + בלון אמצעי T10SB (1) + בלון דו צדדי PDBS2 (1) + טאקר-10 סיכות MICROVAL (1) + טרוקר אקסל OPTI-סכין-5X100 (1) + סקשן איריגיישיין 5 (1) + שרוול אקסל OPTI-5X100 (1),Expensive,1,2542.7331,2542.7331
"MICROVAL 16X11-LEFT (1) + MICROVAL 16X11-RIGHT (1) + בלון אמצעי T10SB (1) + בלון דו צדדי PDBS2 (1) + טאקר-10 סיכות MICROVAL (1) + טרוקר ללא סכין 5 NB5STF (1) + מספריים מונופולר 5 מ""מ (1)",Expensive,1,2491.1913999999997,2491.1913999999997
MICROVAL 16X11-LEFT (1) + MICROVAL 16X11-RIGHT (1) + בלון אמצעי T10SB (1) + טאקר-10 סיכות MICROVAL (1) + טרוקר אקסל OPTI-סכין-5X100 (1) + שרוול אקסל OPTI-5X100 (1),Expensive,1,2194.2821,2194.2821
MICROVAL 16X11-RIGHT (1) + MICROVAL 7.5 X 15CM (1) + בלון אמצעי T10SB (1) + בלון דו צדדי PDBS2 (1) + טאקר נספג-12 סיכות-ETHICON (1) + טרוקר אקסל OPTI-סכין-5X100 (1) + טרוקר אקסל עם סכין 10-11 D11LT (1),Expensive,1,2701.2474,2701.2474
MICROVAL 7.5 X 15CM (1) + V-LOC 3/0 R.B.26-VLOCM0604 (1) + טרוקר אקסל ללא סכין 11 B11LT (1) + טרוקר ללא סכין 5 NB5STF (1) + מספריים לאפ (1) + סקשן איריגיישיין 5 (1),Expensive,1,389.7872,389.7872
PROGRIP ANTMCL 15X10CM-LEFT (1) + PROGRIP ANTMCL 15X10CM-RIGHT (1) + PROGRIP FLAT SHEET MESH 15X10 (1) + SURGICEL 10CM * 20CM (1) + אנדו קליפ 5 EL5ML (1) + בלון אמצעי T10SB (1) + בלון דו צדדי PDBS2 (1) + טרוקר ללא סכין 5 NB5STF (1) + סקשן איריגיישיין 5 (1),Expensive,1,4317.3558,4317.3558
PROGRIP ANTMCL 15X10CM-LEFT (1) + PROGRIP ANTMCL 15X10CM-RIGHT (1) + PROGRIP FLAT SHEET MESH 15X10 (1) + VERSAONE BLADED TROCAR WITH FI (1) + אנדו קליפ 5 EL5ML (1) + בלון אמצעי T10SB (1) + בלון דו צדדי PDBS2 (1) + טרוקר ללא סכין 5 NB5STF (1) + מספריים לאפ (1) + סקשן איריגיישיין 5 (1),Expensive,1,4356.2196,4356.2196
PROGRIP ANTMCL 15X10CM-LEFT (1) + PROGRIP ANTMCL 15X10CM-RIGHT (1) + STRATAFIX MONOC.3/0-SXMP1B103 (1) + SURGICEL 10CM * 20CM (1) + VENTRALEX SMALL - 5950007 (1) + אנדו קליפ 5 EL5ML (1) + בלון אמצעי T10SB (1) + בלון דו צדדי PDBS2 (1) + טאקר נספג-12 סיכות-ETHICON (1) + טרוקר ללא סכין 5 NB5STF (1) + סקשן איריגיישיין 5 (1),Expensive,1,5976.6148,5976.6148
"PROGRIP ANTMCL 15X10CM-LEFT (1) + PROGRIP ANTMCL 15X10CM-RIGHT (1) + STRATAFIX MONOC.3/0-SXMP1B103 (1) + VENTRALEX SMALL - 5950007 (1) + אנדו קליפ 5 176630 (1) + בלון אמצעי T10SB (1) + בלון דו צדדי PDBS2 (1) + טרוקר ללא סכין 5 NB5STF (1) + מספריים מונופולר 5 מ""מ (1) + סקשן איריגיישיין 5 (1)",Expensive,1,4765.9581,4765.9581
PROGRIP ANTMCL 15X10CM-LEFT (1) + PROGRIP ANTMCL 15X10CM-RIGHT (1) + STRATAFIX MONOC.3/0-SXMP1B103 (1) + אנדו קליפ 5 EL5ML (1) + בלון אמצעי T10SB (1) + בלון דו צדדי PDBS2 (1) + טאקר נספג-12 סיכות-ETHICON (1) + טרוקר ללא סכין 5 NB5STF (1),Expensive,1,4664.4013,4664.4013
"PROGRIP ANTMCL 15X10CM-LEFT (1) + PROGRIP ANTMCL 15X10CM-RIGHT (1) + STRATAFIX MONOC.3/0-SXMP1B103 (1) + אנדו קליפ 5 EL5ML (1) + בלון אמצעי T10SB (1) + בלון דו צדדי PDBS2 (1) + טאקר נספג-12 סיכות-ETHICON (1) + טרוקר ללא סכין 5 NB5STF (1) + מספריים מונופולר 5 מ""מ (1) + סקשן איריגיישיין 5 (1)",Expensive,1,4808.9938,4808.9938
"PROGRIP ANTMCL 15X10CM-LEFT (1) + PROGRIP ANTMCL 15X10CM-RIGHT (1) + STRATAFIX MONOC.3/0-SXMP1B103 (1) + בלון אמצעי T10SB (1) + בלון דו צדדי PDBS2 (1) + טרוקר ללא סכין 5 NB5STF (1) + מספריים מונופולר 5 מ""מ (1) + סקשן איריגיישיין 5 (1)",Expensive,1,2795.3737,2795.3737
PROGRIP ANTMCL 15X10CM-LEFT (1) + PROGRIP ANTMCL 15X10CM-RIGHT (1) + VENTRALEX MEDIUM - 5950008 (1) + אנדו קליפ 5 EL5ML (1) + בלון אמצעי T10SB (1) + בלון דו צדדי PDBS2 (1) + טרוקר אקסל OPTI-סכין-5X100 (1) + שרוול אקסל OPTI-5X100 (1),Expensive,1,4693.0346,4693.0346
PROGRIP ANTMCL 15X10CM-LEFT (1) + PROGRIP ANTMCL 15X10CM-RIGHT (1) + VENTRALEX MEDIUM - 5950008 (1) + בלון אמצעי T10SB (1) + בלון דו צדדי PDBS2 (1),Expensive,1,3780.55,3780.55
PROGRIP ANTMCL 15X10CM-LEFT (1) + PROGRIP ANTMCL 15X10CM-RIGHT (1) + VENTRALEX MEDIUM - 5950008 (1) + בלון אמצעי T10SB (1) + בלון דו צדדי PDBS2 (1) + טרוקר אקסל OPTI-סכין-5X100 (1) + שרוול אקסל OPTI-5X100 (1),Expensive,1,3930.55,3930.55
PROGRIP ANTMCL 15X10CM-LEFT (1) + PROGRIP ANTMCL 15X10CM-RIGHT (1) + VENTRALEX SMALL - 5950007 (1) + אנדו קליפ 5 EL5ML (1) + בלון אמצעי T10SB (1) + בלון דו צדדי PDBS2 (1),Expensive,1,4450.2019,4450.2019
"PROGRIP ANTMCL 15X10CM-LEFT (1) + PROGRIP ANTMCL 15X10CM-RIGHT (1) + VENTRALEX SMALL - 5950007 (1) + אנדו קליפ 5 EL5ML (1) + בלון אמצעי T10SB (1) + בלון דו צדדי PDBS2 (1) + מספריים מונופולר 5 מ""מ (1)",Expensive,1,4531.1218,4531.1218
"PROGRIP ANTMCL 15X10CM-LEFT (1) + PROGRIP ANTMCL 15X10CM-RIGHT (1) + אנדו קלינצ' 5 174317 (1) + בלון אמצעי T10SB (1) + בלון דו צדדי PDBS2 (1) + מספריים מונופולר 5 מ""מ (1) + שרוול אקסל 10-11  CB11LT (1)",Expensive,1,2741.2669,2741.2669
PROGRIP ANTMCL 15X10CM-LEFT (1) + PROGRIP ANTMCL 15X10CM-RIGHT (1) + אנדו קליפ 5 176630 (1) + בלון אמצעי T10SB (1) + בלון דו צדדי PDBS2 (1) + טאקר נספג-12 סיכות-ETHICON (1) + טרוקר ללא סכין 5 NB5STF (1) + מספריים לאפ (1) + סקשן איריגיישיין 5 (1),Expensive,1,4642.7144,4642.7144
PROGRIP ANTMCL 15X10CM-LEFT (1) + PROGRIP ANTMCL 15X10CM-RIGHT (1) + אנדו קליפ 5 176630 (1) + בלון אמצעי T10SB (1) + בלון דו צדדי PDBS2 (1) + טרוקר ללא סכין 5 NB5STF (1) + מספריים לאפ (1) + סקשן איריגיישיין 5 (1),Expensive,1,3391.5644,3391.5644
PROGRIP ANTMCL 15X10CM-LEFT (1) + PROGRIP ANTMCL 15X10CM-RIGHT (1) + אנדו קליפ 5 EL5ML (1) + בלון אמצעי T10SB (1) + בלון דו צדדי PDBS2 (1) + טאקר נספג-12 סיכות-ETHICON (1) + טרוקר ללא סכין 5 NB5STF (1) + סקשן איריגיישיין 5 (1),Expensive,1,4633.9331,4633.9331
PROGRIP ANTMCL 15X10CM-LEFT (1) + PROGRIP ANTMCL 15X10CM-RIGHT (1) + אנדו קליפ 5 EL5ML (1) + בלון אמצעי T10SB (1) + בלון דו צדדי PDBS2 (1) + טרוקר אקסל OPTI-סכין-5X100 (1) + טרוקר אקסל עם סכין 10-11 D11LT (1) + שרוול אקסל OPTI-5X100 (1),Expensive,1,3468.3346,3468.3346
"PROGRIP ANTMCL 15X10CM-LEFT (1) + PROGRIP ANTMCL 15X10CM-RIGHT (1) + אנדו קליפ 5 EL5ML (1) + בלון אמצעי T10SB (1) + בלון דו צדדי PDBS2 (1) + כיסוי מצלמה לפרסקופית (1) + מזרק 20 מ""ל (1) + סטרי-סטריפ 1/2 (1) + פלטה דיאט. ללא כבל-מבוגר (1)",Expensive,1,3255.3843,3255.3843
"PROGRIP ANTMCL 15X10CM-LEFT (1) + PROGRIP ANTMCL 15X10CM-RIGHT (1) + אנדו קליפ 5 EL5ML (1) + בלון אמצעי T10SB (1) + בלון דו צדדי PDBS2 (1) + מספריים מונופולר 5 מ""מ (1)",Expensive,1,3324.2491,3324.2491
PROGRIP ANTMCL 15X10CM-LEFT (1) + PROGRIP ANTMCL 15X10CM-RIGHT (1) + בלון אמצעי T10SB (1) + בלון דו צדדי PDBS2 (1) + טאקר נספג-12 סיכות-ETHICON (1) + טרוקר אקסל OPTI-סכין-5X100 (1) + טרוקר ללא סכין 5 NB5STF (1) + סקשן איריגיישיין 5 (1) + שרוול אקסל OPTI-5X100 (1),Expensive,1,4020.6902,4020.6902
PROGRIP ANTMCL 15X10CM-LEFT (1) + PROGRIP ANTMCL 15X10CM-RIGHT (1) + בלון אמצעי T10SB (1) + בלון דו צדדי PDBS2 (1) + טאקר נספג-12 סיכות-ETHICON (1) + טרוקר ללא סכין 5 NB5STF (1) + מספריים לאפ (1) + סקשן איריגיישיין 5 (1),Expensive,1,3873.6542,3873.6542
PROGRIP ANTMCL 15X10CM-LEFT (1) + PROGRIP ANTMCL 15X10CM-RIGHT (1) + בלון אמצעי T10SB (1) + בלון דו צדדי PDBS2 (1) + טאקר נספג-12 סיכות-ETHICON (1) + טרוקר ללא סכין 5 NB5STF (1) + סקשן איריגיישיין 5 (1),Expensive,1,3872.6542,3872.6542
"PROGRIP ANTMCL 15X10CM-LEFT (1) + PROGRIP ANTMCL 15X10CM-RIGHT (1) + בלון אמצעי T10SB (1) + בלון דו צדדי PDBS2 (1) + טרוקר CFF03 - 5X100 (1) + טרוקר אקסל OPTI-סכין-5X100 (1) + טרוקר אקסל עם סכין 10-11 D11LT (1) + כיסוי מצלמה לפרסקופית (1) + מזרק 20 מ""ל (1) + סטרי-סטריפ 1/2 (1) + פלטה דיאט. ללא כבל-מבוגר (1) + שרוול אקסל OPTI-5X100 (1) + שרוול לטרוקר 5 - CFS02 (1)",Expensive,1,2867.6492,2867.6492
"PROGRIP ANTMCL 15X10CM-LEFT (1) + PROGRIP ANTMCL 15X10CM-RIGHT (1) + בלון אמצעי T10SB (1) + בלון דו צדדי PDBS2 (1) + טרוקר CFF03 - 5X100 (1) + טרוקר אקסל OPTI-סכין-5X100 (1) + כיסוי מצלמה לפרסקופית (1) + מזרק 20 מ""ל (1) + סטרי-סטריפ 1/2 (1) + פלטה דיאט. ללא כבל-מבוגר (1) + שרוול אקסל OPTI-5X100 (1)",Expensive,1,2749.2098,2749.2098
PROGRIP ANTMCL 15X10CM-LEFT (1) + PROGRIP ANTMCL 15X10CM-RIGHT (1) + בלון אמצעי T10SB (1) + בלון דו צדדי PDBS2 (1) + טרוקר אקסל OPTI-סכין-5X100 (1) + סטפלר לעור (1) + שרוול אקסל OPTI-5X100 (1),Expensive,1,2644.9217,2644.9217
PROGRIP ANTMCL 15X10CM-LEFT (1) + PROGRIP ANTMCL 15X10CM-RIGHT (1) + בלון אמצעי T10SB (1) + בלון דו צדדי PDBS2 (1) + טרוקר ללא סכין 5 NB5STF (1) + מספריים לאפ (1) + סקשן איריגיישיין 5 (1),Expensive,1,2621.301,2621.301
PROGRIP ANTMCL 15X10CM-LEFT (1) + PROGRIP ANTMCL 15X10CM-RIGHT (1) + טרוקר CFF03 - 5X100 (1) + טרוקר CFF33 - 11X100 (1) + מספריים לאפ (1) + סקשן איריגיישיין 5 (1) + שרוול לטרוקר 5 - CFS02 (1),Expensive,1,2114.1085000000003,2114.1085000000003
PROGRIP ANTMCL 15X10CM-LEFT (1) + PROGRIP ANTMCL 15X10CM-RIGHT (1) + טרוקר אקסל ללא סכין 11 B11LT (1),Expensive,1,1859.9,1859.9
PROGRIP ANTMCL 15X10CM-LEFT (1) + PROGRIP ANTMCL 15X10CM-RIGHT (1) + שרוול אקסל 10-11  CB11LT (1),Expensive,1,1859.9,1859.9
PROGRIP FLAT SHEET MESH 15X10 (1) + PROGRIP FLAT SHEET MESH 16X12 (1) + SURGICEL 10CM * 20CM (1) + SURGICEL FIBRILLAR 5CM*10CM (1) + אנדו קליפ 10 176625 (1) + בלון אמצעי T10SB (1) + בלון דו צדדי PDBS2 (1) + טרוקר אקסל OPTI-סכין-5X100 (1) + טרוקר אקסל עם סכין 10-11 D11LT (1) + מספריים לאפ (1) + סקשן איריגיישיין 5 (1),Expensive,1,3635.4032,3635.4032
"PROGRIP FLAT SHEET MESH 15X10 (1) + PROGRIP FLAT SHEET MESH 16X12 (1) + אטם סיליקון 5 מ""מ לטרוקר YP PL (1) + אנדו קליפ 10 176625 (1) + בלון אמצעי T10SB (1) + בלון דו צדדי PDBS2 (1) + טרוקר אקסל עם סכין 10-11 D11LT (1) + מספריים מונופולר 5 מ""מ (1)",Expensive,1,3283.5647,3283.5647
PROGRIP FLAT SHEET MESH 15X10 (1) + PROGRIP FLAT SHEET MESH 16X12 (1) + אנדו קלינצ 5 מ''מ (1) + אנדו קלינצ' 5 174317 (1) + אנדו קליפ 10 176625 (1) + בלון אמצעי T10SB (1) + בלון דו צדדי PDBS2 (1) + טרוקר אקסל OPTI-סכין-5X100 (1) + טרוקר אקסל עם סכין 10-11 D11LT (1) + שרוול אקסל OPTI-5X100 (1),Expensive,1,3361.3037,3361.3037
PROGRIP FLAT SHEET MESH 15X10 (1) + PROGRIP FLAT SHEET MESH 16X12 (1) + אנדו קליפ 10 176625 (1) + אנדו קליפ 5 EL5ML (1) + בלון אמצעי T10SB (1) + בלון דו צדדי PDBS2 (1) + טרוקר אקסל OPTI-סכין-5X100 (1) + טרוקר אקסל עם סכין 10-11 D11LT (1) + שרוול אקסל OPTI-5X100 (1),Expensive,1,4081.8158000000003,4081.8158000000003
PROGRIP FLAT SHEET MESH 15X10 (1) + SURGICEL FIBRILLAR 2.5CM*5.1CM (1) + אנדו קליפ 10 176625 (1) + בלון אמצעי T10SB (1) + בלון דו צדדי PDBS2 (1) + טרוקר אקסל OPTI-סכין-5X100 (1) + טרוקר אקסל עם סכין 10-11 D11LT (1),Expensive,1,2524.3637,2524.3637
PROGRIP FLAT SHEET MESH 15X10 (1) + V-LOC 3/0 R.B.17-VLOCM0804 (1) + אנדו קליפ 5 176630 (1) + טרוקר CFF03 - 5X100 (1) + טרוקר CFF33 - 11X100 (1) + מספריים לאפ (1) + סקשן איריגיישיין 5 (1) + שרוול לטרוקר 5 - CFS02 (1),Expensive,1,2077.7583,2077.7583
PROGRIP FLAT SHEET MESH 15X10 (1) + אנדו קליפ 5 EL5ML (1) + בלון אמצעי T10SB (1) + בלון דו צדדי PDBS2 (1) + טרוקר CFF03 - 5X100 (1) + טרוקר אקסל OPTI-סכין-5X100 (1) + טרוקר אקסל עם סכין 10-11 D11LT (1) + שרוול לטרוקר 5 - CFS02 (1),Expensive,1,2650.6295,2650.6295
PROGRIP FLAT SHEET MESH 15X10 (1) + אנדו קליפ 5 EL5ML (1) + בלון אמצעי T10SB (1) + בלון דו צדדי PDBS2 (1) + טרוקר CFF03 - 5X100 (1) + שרוול אקסל 10-11  CB11LT (1) + שרוול לטרוקר 5 - CFS02 (1),Expensive,1,2579.0795,2579.0795
"PROGRIP FLAT SHEET MESH 15X10 (1) + בלון אמצעי T10SB (1) + בלון דו צדדי PDBS2 (1) + טרוקר CFF03 - 5X100 (1) + טרוקר אקסל עם סכין 10-11 D11LT (1) + מחט ורז 150 מ""מ - חד פעמי (1) + שרוול לטרוקר 5 - CFS02 (1)",Expensive,1,1932.8641,1932.8641
PROGRIP FLAT SHEET MESH 15X10 (1) + בלון אמצעי T10SB (1) + בלון דו צדדי PDBS2 (1) + טרוקר CFF03 - 5X100 (1) + שרוול לטרוקר 5 - CFS02 (1),Expensive,1,1745.5698,1745.5698
PROGRIP FLAT SHEET MESH 15X10 (1) + בלון אמצעי T10SB (1) + טרוקר CFF03 - 5X100 (1) + טרוקר אקסל עם סכין 10-11 D11LT (1) + שרוול לטרוקר 5 - CFS02 (1),Expensive,1,1526.4948,1526.4948
PROGRIP FLAT SHEET MESH 15X10 (1) + טאקר נספג-25 סיכות-ETHICON (1) + טרוקר אקסל OPTI-5X100 (1) + טרוקר אקסל ללא סכין 11 B11LT (1) + שרוול אקסל 10-11  CB11LT (1),Expensive,1,2498.8,2498.8
PROGRIP FLAT SHEET MESH 15X10 (1) + טאקר נספג-25 סיכות-ETHICON (1) + טרוקר אקסל OPTI-5X100 (1) + טרוקר אקסל ללא סכין 11 B11LT (1) + שרוול אקסל OPTI-5X100 (1),Expensive,1,2498.8,2498.8
PROGRIP FLAT SHEET MESH 16X12 (1) + SURGICEL 10CM * 20CM (1) + אנדו קליפ 10 176625 (1) + בלון אמצעי T10SB (1) + בלון דו צדדי PDBS2 (1) + טרוקר אקסל OPTI-סכין-5X100 (1) + טרוקר אקסל עם סכין 10-11 D11LT (1) + מספריים לאפ (1) + סקשן איריגיישיין 5 (1),Expensive,1,2454.4572,2454.4572
PROGRIP FLAT SHEET MESH 16X12 (1) + VENTRALEX SMALL - 5950007 (1) + אנדו קליפ 10 176625 (1) + בלון אמצעי T10SB (1) + בלון דו צדדי PDBS2 (1) + בלון חד צדדי PDB1000 (1) + טרוקר אקסל OPTI-סכין-5X100 (1) + טרוקר אקסל עם סכין 10-11 D11LT (1),Expensive,1,4004.9637000000002,4004.9637000000002
"PROGRIP FLAT SHEET MESH 16X12 (1) + אנדו קלינצ 5 מ''מ (1) + בלון אמצעי T10SB (1) + בלון דו צדדי PDBS2 (1) + טרוקר אקסל OPTI-סכין-5X100 (1) + טרוקר אקסל עם סכין 10-11 D11LT (1) + מספריים מונופולר 5 מ""מ (1) + סקשן איריגיישיין 5 (1) + שרוול אקסל OPTI-5X100 (1)",Expensive,1,1958.9925,1958.9925
PROGRIP FLAT SHEET MESH 16X12 (1) + אנדו קליפ 10 176625 (1) + בלון אמצעי T10SB (1) + בלון דו צדדי PDBS2 (1) + טרוקר אקסל OPTI-סכין-5X100 (1) + טרוקר אקסל עם סכין 10-11 D11LT (1),Expensive,1,2351.8837000000003,2351.8837000000003
PROGRIP FLAT SHEET MESH 16X12 (1) + אנדו קליפ 10 176625 (1) + בלון אמצעי T10SB (1) + בלון דו צדדי PDBS2 (1) + טרוקר אקסל OPTI-סכין-5X100 (1) + טרוקר אקסל עם סכין 10-11 D11LT (1) + מספריים לאפ (1),Expensive,1,2352.8837000000003,2352.8837000000003
PROGRIP FLAT SHEET MESH 16X12 (1) + אנדו קליפ 10 176625 (1) + בלון אמצעי T10SB (1) + בלון דו צדדי PDBS2 (1) + טרוקר אקסל OPTI-סכין-5X100 (1) + טרוקר אקסל עם סכין 10-11 D11LT (1) + מספריים לאפ (1) + סקשן איריגיישיין 5 (1),Expensive,1,2409.7682,2409.7682
PROGRIP FLAT SHEET MESH 16X12 (1) + אנדו קליפ 10 176625 (1) + בלון אמצעי T10SB (1) + בלון דו צדדי PDBS2 (1) + טרוקר אקסל OPTI-סכין-5X100 (1) + טרוקר אקסל עם סכין 10-11 D11LT (1) + מספריים לאפ (1) + סקשן איריגיישיין 5 (1) + שרוול אקסל OPTI-5X100 (1),Expensive,1,2488.5379,2488.5379
PROGRIP FLAT SHEET MESH 16X12 (1) + בלון אמצעי T10SB (1) + בלון דו צדדי PDBS2 (1) + טרוקר אקסל OPTI-סכין-5X100 (1) + טרוקר אקסל עם סכין 10-11 D11LT (1),Expensive,1,1738.4,1738.4
SURGICEL 10CM * 20CM (1) + SYMBOTEX.COM.MESH 12CM-RAUND (1) + בלון אמצעי T10SB (1) + בלון דו צדדי PDBS2 (1) + טאקר נספג-12 סיכות-ETHICON (1),Expensive,1,3282.5991,3282.5991
"SYMBOTEX.COM.MESH 12CM-RAUND (1) + בלון אמצעי T10SB (1) + בלון דו צדדי PDBS2 (1) + טאקר נספג-12 סיכות-ETHICON (1) + כיסוי מצלמה לפרסקופית (1) + מזרק 20 מ""ל (1) + סטרי-סטריפ 1/2 (1) + פלטה דיאט. ללא כבל-מבוגר (1)",Expensive,1,3247.5768,3247.5768
ULTRAPRO ADVANCED MESH 10*15CM (1) + ULTRAPRO ADVANCED MESH 15*15CM (1) + בלון אמצעי T10SB (1) + בלון דו צדדי PDBS2 (1) + טאקר נספג-25 סיכות-ETHICON (1) + טרוקר ללא סכין 5 NB5STF (1) + מספריים לאפ (1) + סקשן איריגיישיין 5 (1),Expensive,1,3018.3458,3018.3458
ULTRAPRO ADVANCED MESH 10*15CM (1) + VERSAONE BLADED TROCAR WITH FI (1) + בלון אמצעי T10SB (1) + בלון דו צדדי PDBS2 (1) + טאקר נספג-12 סיכות-ETHICON (1),Expensive,1,2368.6496,2368.6496
ULTRAPRO ADVANCED MESH 10*15CM (1) + אנדו קליפ 10 176625 (1) + אנדו קליפ 5 176630 (1) + בלון אמצעי T10SB (1) + בלון דו צדדי PDBS2 (1) + טאקר נספג-25 סיכות-ETHICON (1) + טרוקר CFF03 - 5X100 (1) + טרוקר CFF33 - 11X100 (1) + מספריים לאפ (1) + שרוול לטרוקר 5 - CFS02 (1),Expensive,1,4058.3343,4058.3343
ULTRAPRO ADVANCED MESH 10*15CM (1) + בלון אמצעי T10SB (1) + בלון דו צדדי PDBS2 (1) + טאקר נספג-12 סיכות-ETHICON (1) + טרוקר אקסל ללא סכין 11 B11LT (1) + טרוקר ללא סכין 5 NB5STF (1) + סקשן איריגיישיין 5 (1),Expensive,1,2503.0869000000002,2503.0869000000002
ULTRAPRO ADVANCED MESH 10*15CM (1) + בלון דו צדדי PDBS2 (1) + טאקר נספג-12 סיכות-ETHICON (1) + טרוקר אקסל OPTI-סכין-5X100 (1) + שרוול אקסל OPTI-5X100 (1),Expensive,1,2031.6994,2031.6994
ULTRAPRO ADVANCED MESH 10*15CM (1) + טאקר נספג-12 סיכות-ETHICON (1) + טרוקר אקסל OPTI-סכין-5X100 (1) + סקשן איריגיישיין 5 (1) + שרוול אקסל OPTI-5X100 (1),Expensive,1,1803.3536,1803.3536
ULTRAPRO ADVANCED MESH 10*15CM (2) + בלון אמצעי T10SB (1) + בלון דו צדדי PDBS2 (1) + טאקר נספג-12 סיכות-ETHICON (1) + טרוקר אקסל OPTI-סכין-5X100 (1) + שרוול אקסל OPTI-5X100 (1),Expensive,1,2780.1978,2780.1978
אנדו קלינצ' 5 174317 (1) + אנדו קליפ 5 EL5ML (1) + בלון אמצעי T10SB (1) + בלון דו צדדי PDBS2 (1) + טאקר-10 סיכות MICROVAL (1) + טרוקר אקסל OPTI-סכין-5X100 (1) + טרוקר אקסל עם סכין 10-11 D11LT (1) + מספריים לאפ (1) + שרוול אקסל OPTI-5X100 (1),Expensive,1,2359.0020999999997,2359.0020999999997
