combination,frequency,average_price,surgeon_group
3DMAX LARGE 10.8X16-LEFT + 3DMAX LARGE 10.8X16-RIGHT,328,909.58,Cheap
3DMAX LARGE 10.8X16-LEFT + 3DMAX LARGE 10.8X16-RIGHT,328,909.58,Cheap
3DMAX LARGE 10.8X16-LEFT + 3DMAX LARGE 10.8X16-RIGHT,265,912.95,Expensive
3DMAX LARGE 10.8X16-LEFT + 3DMAX LARGE 10.8X16-RIGHT,265,912.95,Expensive
3DMAX LARGE 10.8X16-LEFT + 3DMAX LARGE 10.8X16-RIGHT + LIQUIBAND FIX8 טאקר דבק,106,1929.1,Cheap
3DMAX LARGE 10.8X16-LEFT + 3DMAX LARGE 10.8X16-RIGHT + LIQUIBAND FIX8 טאקר דבק,106,1929.1,Cheap
3DMAX LARGE 10.8X16-LEFT + 3DMAX LARGE 10.8X16-RIGHT + LIQUIBAND FIX8 טאקר דבק,106,1929.1,Cheap
3DMAX LARGE 10.8X16-LEFT + 3DMAX LARGE 10.8X16-RIGHT + LIQUIBAND FIX8 טאקר דבק,33,1904.27,Expensive
3DMAX LARGE 10.8X16-LEFT + 3DMAX LARGE 10.8X16-RIGHT + LIQUIBAND FIX8 טאקר דבק,33,1904.27,Expensive
3DMAX LARGE 10.8X16-LEFT + 3DMAX LARGE 10.8X16-RIGHT + LIQUIBAND FIX8 טאקר דבק,33,1904.27,Expensive
3DMAX LARGE 10.8X16-LEFT + 3DMAX LARGE 10.8X16-RIGHT + LIQUIBAND FIX8 טאקר דבק + טרוקר אקסל ללא סכין 11 B11LT,100,2006.38,Cheap
3DMAX LARGE 10.8X16-LEFT + 3DMAX LARGE 10.8X16-RIGHT + LIQUIBAND FIX8 טאקר דבק + טרוקר אקסל ללא סכין 11 B11LT,100,2006.38,Cheap
3DMAX LARGE 10.8X16-LEFT + 3DMAX LARGE 10.8X16-RIGHT + LIQUIBAND FIX8 טאקר דבק + טרוקר אקסל ללא סכין 11 B11LT,100,2006.38,Cheap
3DMAX LARGE 10.8X16-LEFT + 3DMAX LARGE 10.8X16-RIGHT + LIQUIBAND FIX8 טאקר דבק + טרוקר אקסל ללא סכין 11 B11LT,100,2006.38,Cheap
3DMAX LARGE 10.8X16-LEFT + 3DMAX LARGE 10.8X16-RIGHT + LIQUIBAND FIX8 טאקר דבק + טרוקר אקסל ללא סכין 11 B11LT,100,2006.38,Cheap
3DMAX LARGE 10.8X16-LEFT + 3DMAX LARGE 10.8X16-RIGHT + LIQUIBAND FIX8 טאקר דבק + טרוקר אקסל ללא סכין 11 B11LT,100,2006.38,Cheap
3DMAX LARGE 10.8X16-LEFT + 3DMAX LARGE 10.8X16-RIGHT + LIQUIBAND FIX8 טאקר דבק + טרוקר אקסל ללא סכין 11 B11LT,100,2006.38,Cheap
3DMAX LARGE 10.8X16-LEFT + 3DMAX LARGE 10.8X16-RIGHT + LIQUIBAND FIX8 טאקר דבק + טרוקר אקסל ללא סכין 11 B11LT,100,2006.38,Cheap
3DMAX LARGE 10.8X16-LEFT + 3DMAX LARGE 10.8X16-RIGHT + LIQUIBAND FIX8 טאקר דבק + טרוקר אקסל ללא סכין 11 B11LT,100,2006.38,Cheap
3DMAX LARGE 10.8X16-LEFT + 3DMAX LARGE 10.8X16-RIGHT + LIQUIBAND FIX8 טאקר דבק + טרוקר אקסל ללא סכין 11 B11LT,7,1977.42,Expensive
3DMAX LARGE 10.8X16-LEFT + 3DMAX LARGE 10.8X16-RIGHT + LIQUIBAND FIX8 טאקר דבק + טרוקר אקסל ללא סכין 11 B11LT,7,1977.42,Expensive
3DMAX LARGE 10.8X16-LEFT + 3DMAX LARGE 10.8X16-RIGHT + LIQUIBAND FIX8 טאקר דבק + טרוקר אקסל ללא סכין 11 B11LT,7,1977.42,Expensive
3DMAX LARGE 10.8X16-LEFT + 3DMAX LARGE 10.8X16-RIGHT + LIQUIBAND FIX8 טאקר דבק + טרוקר אקסל ללא סכין 11 B11LT,7,1977.42,Expensive
3DMAX LARGE 10.8X16-LEFT + 3DMAX LARGE 10.8X16-RIGHT + LIQUIBAND FIX8 טאקר דבק + טרוקר אקסל ללא סכין 11 B11LT,7,1977.42,Expensive
3DMAX LARGE 10.8X16-LEFT + 3DMAX LARGE 10.8X16-RIGHT + LIQUIBAND FIX8 טאקר דבק + טרוקר אקסל ללא סכין 11 B11LT,7,1977.42,Expensive
3DMAX LARGE 10.8X16-LEFT + 3DMAX LARGE 10.8X16-RIGHT + LIQUIBAND FIX8 טאקר דבק + טרוקר אקסל ללא סכין 11 B11LT,7,1977.42,Expensive
3DMAX LARGE 10.8X16-LEFT + 3DMAX LARGE 10.8X16-RIGHT + LIQUIBAND FIX8 טאקר דבק + טרוקר אקסל ללא סכין 11 B11LT,7,1977.42,Expensive
3DMAX LARGE 10.8X16-LEFT + 3DMAX LARGE 10.8X16-RIGHT + LIQUIBAND FIX8 טאקר דבק + טרוקר אקסל ללא סכין 11 B11LT,7,1977.42,Expensive
3DMAX LARGE 10.8X16-LEFT + 3DMAX LARGE 10.8X16-RIGHT + אנדו קליפ 5 EL5ML,72,1676.4,Cheap
3DMAX LARGE 10.8X16-LEFT + 3DMAX LARGE 10.8X16-RIGHT + אנדו קליפ 5 EL5ML,72,1676.4,Cheap
3DMAX LARGE 10.8X16-LEFT + 3DMAX LARGE 10.8X16-RIGHT + אנדו קליפ 5 EL5ML,74,1697.12,Expensive
3DMAX LARGE 10.8X16-LEFT + 3DMAX LARGE 10.8X16-RIGHT + אנדו קליפ 5 EL5ML,74,1697.12,Expensive
3DMAX LARGE 10.8X16-LEFT + 3DMAX LARGE 10.8X16-RIGHT + בלון אמצעי T10SB,8,1316.93,Cheap
3DMAX LARGE 10.8X16-LEFT + 3DMAX LARGE 10.8X16-RIGHT + בלון אמצעי T10SB,8,1316.93,Cheap
3DMAX LARGE 10.8X16-LEFT + 3DMAX LARGE 10.8X16-RIGHT + בלון אמצעי T10SB,211,1318.67,Expensive
3DMAX LARGE 10.8X16-LEFT + 3DMAX LARGE 10.8X16-RIGHT + בלון אמצעי T10SB,211,1318.67,Expensive
3DMAX LARGE 10.8X16-LEFT + 3DMAX LARGE 10.8X16-RIGHT + בלון אמצעי T10SB + בלון דו צדדי PDBS2,8,1605.93,Cheap
3DMAX LARGE 10.8X16-LEFT + 3DMAX LARGE 10.8X16-RIGHT + בלון אמצעי T10SB + בלון דו צדדי PDBS2,8,1605.93,Cheap
3DMAX LARGE 10.8X16-LEFT + 3DMAX LARGE 10.8X16-RIGHT + בלון אמצעי T10SB + בלון דו צדדי PDBS2,8,1605.93,Cheap
3DMAX LARGE 10.8X16-LEFT + 3DMAX LARGE 10.8X16-RIGHT + בלון אמצעי T10SB + בלון דו צדדי PDBS2,8,1605.93,Cheap
3DMAX LARGE 10.8X16-LEFT + 3DMAX LARGE 10.8X16-RIGHT + בלון אמצעי T10SB + בלון דו צדדי PDBS2,8,1605.93,Cheap
3DMAX LARGE 10.8X16-LEFT + 3DMAX LARGE 10.8X16-RIGHT + בלון אמצעי T10SB + בלון דו צדדי PDBS2,8,1605.93,Cheap
3DMAX LARGE 10.8X16-LEFT + 3DMAX LARGE 10.8X16-RIGHT + בלון אמצעי T10SB + בלון דו צדדי PDBS2,8,1605.93,Cheap
3DMAX LARGE 10.8X16-LEFT + 3DMAX LARGE 10.8X16-RIGHT + בלון אמצעי T10SB + בלון דו צדדי PDBS2,8,1605.93,Cheap
3DMAX LARGE 10.8X16-LEFT + 3DMAX LARGE 10.8X16-RIGHT + בלון אמצעי T10SB + בלון דו צדדי PDBS2,209,1607.94,Expensive
3DMAX LARGE 10.8X16-LEFT + 3DMAX LARGE 10.8X16-RIGHT + בלון אמצעי T10SB + בלון דו צדדי PDBS2,209,1607.94,Expensive
3DMAX LARGE 10.8X16-LEFT + 3DMAX LARGE 10.8X16-RIGHT + בלון אמצעי T10SB + בלון דו צדדי PDBS2,209,1607.94,Expensive
3DMAX LARGE 10.8X16-LEFT + 3DMAX LARGE 10.8X16-RIGHT + בלון אמצעי T10SB + בלון דו צדדי PDBS2,209,1607.94,Expensive
3DMAX LARGE 10.8X16-LEFT + 3DMAX LARGE 10.8X16-RIGHT + בלון אמצעי T10SB + בלון דו צדדי PDBS2,209,1607.94,Expensive
3DMAX LARGE 10.8X16-LEFT + 3DMAX LARGE 10.8X16-RIGHT + בלון אמצעי T10SB + בלון דו צדדי PDBS2,209,1607.94,Expensive
3DMAX LARGE 10.8X16-LEFT + 3DMAX LARGE 10.8X16-RIGHT + בלון אמצעי T10SB + בלון דו צדדי PDBS2,209,1607.94,Expensive
3DMAX LARGE 10.8X16-LEFT + 3DMAX LARGE 10.8X16-RIGHT + בלון אמצעי T10SB + בלון דו צדדי PDBS2,209,1607.94,Expensive
3DMAX LARGE 10.8X16-LEFT + 3DMAX LARGE 10.8X16-RIGHT + בלון אמצעי T10SB + בלון דו צדדי PDBS2 + טאקר נספג-12 סיכות-ETHICON,2,2856.91,Cheap
3DMAX LARGE 10.8X16-LEFT + 3DMAX LARGE 10.8X16-RIGHT + בלון אמצעי T10SB + בלון דו צדדי PDBS2 + טאקר נספג-12 סיכות-ETHICON,2,2856.91,Cheap
3DMAX LARGE 10.8X16-LEFT + 3DMAX LARGE 10.8X16-RIGHT + בלון אמצעי T10SB + בלון דו צדדי PDBS2 + טאקר נספג-12 סיכות-ETHICON,2,2856.91,Cheap
3DMAX LARGE 10.8X16-LEFT + 3DMAX LARGE 10.8X16-RIGHT + בלון אמצעי T10SB + בלון דו צדדי PDBS2 + טאקר נספג-12 סיכות-ETHICON,2,2856.91,Cheap
3DMAX LARGE 10.8X16-LEFT + 3DMAX LARGE 10.8X16-RIGHT + בלון אמצעי T10SB + בלון דו צדדי PDBS2 + טאקר נספג-12 סיכות-ETHICON,2,2856.91,Cheap
3DMAX LARGE 10.8X16-LEFT + 3DMAX LARGE 10.8X16-RIGHT + בלון אמצעי T10SB + בלון דו צדדי PDBS2 + טאקר נספג-12 סיכות-ETHICON,2,2856.91,Cheap
3DMAX LARGE 10.8X16-LEFT + 3DMAX LARGE 10.8X16-RIGHT + בלון אמצעי T10SB + בלון דו צדדי PDBS2 + טאקר נספג-12 סיכות-ETHICON,2,2856.91,Cheap
3DMAX LARGE 10.8X16-LEFT + 3DMAX LARGE 10.8X16-RIGHT + בלון אמצעי T10SB + בלון דו צדדי PDBS2 + טאקר נספג-12 סיכות-ETHICON,2,2856.91,Cheap
3DMAX LARGE 10.8X16-LEFT + 3DMAX LARGE 10.8X16-RIGHT + בלון אמצעי T10SB + בלון דו צדדי PDBS2 + טאקר נספג-12 סיכות-ETHICON,2,2856.91,Cheap
3DMAX LARGE 10.8X16-LEFT + 3DMAX LARGE 10.8X16-RIGHT + בלון אמצעי T10SB + בלון דו צדדי PDBS2 + טאקר נספג-12 סיכות-ETHICON,2,2856.91,Cheap
3DMAX LARGE 10.8X16-LEFT + 3DMAX LARGE 10.8X16-RIGHT + בלון אמצעי T10SB + בלון דו צדדי PDBS2 + טאקר נספג-12 סיכות-ETHICON,2,2856.91,Cheap
3DMAX LARGE 10.8X16-LEFT + 3DMAX LARGE 10.8X16-RIGHT + בלון אמצעי T10SB + בלון דו צדדי PDBS2 + טאקר נספג-12 סיכות-ETHICON,2,2856.91,Cheap
3DMAX LARGE 10.8X16-LEFT + 3DMAX LARGE 10.8X16-RIGHT + בלון אמצעי T10SB + בלון דו צדדי PDBS2 + טאקר נספג-12 סיכות-ETHICON,2,2856.91,Cheap
3DMAX LARGE 10.8X16-LEFT + 3DMAX LARGE 10.8X16-RIGHT + בלון אמצעי T10SB + בלון דו צדדי PDBS2 + טאקר נספג-12 סיכות-ETHICON,2,2856.91,Cheap
3DMAX LARGE 10.8X16-LEFT + 3DMAX LARGE 10.8X16-RIGHT + בלון אמצעי T10SB + בלון דו צדדי PDBS2 + טאקר נספג-12 סיכות-ETHICON,2,2856.91,Cheap
3DMAX LARGE 10.8X16-LEFT + 3DMAX LARGE 10.8X16-RIGHT + בלון אמצעי T10SB + בלון דו צדדי PDBS2 + טאקר נספג-12 סיכות-ETHICON,2,2856.91,Cheap
3DMAX LARGE 10.8X16-LEFT + 3DMAX LARGE 10.8X16-RIGHT + בלון אמצעי T10SB + בלון דו צדדי PDBS2 + טאקר נספג-12 סיכות-ETHICON,2,2856.91,Cheap
3DMAX LARGE 10.8X16-LEFT + 3DMAX LARGE 10.8X16-RIGHT + בלון אמצעי T10SB + בלון דו צדדי PDBS2 + טאקר נספג-12 סיכות-ETHICON,2,2856.91,Cheap
3DMAX LARGE 10.8X16-LEFT + 3DMAX LARGE 10.8X16-RIGHT + בלון אמצעי T10SB + בלון דו צדדי PDBS2 + טאקר נספג-12 סיכות-ETHICON,2,2856.91,Cheap
3DMAX LARGE 10.8X16-LEFT + 3DMAX LARGE 10.8X16-RIGHT + בלון אמצעי T10SB + בלון דו צדדי PDBS2 + טאקר נספג-12 סיכות-ETHICON,2,2856.91,Cheap
3DMAX LARGE 10.8X16-LEFT + 3DMAX LARGE 10.8X16-RIGHT + בלון אמצעי T10SB + בלון דו צדדי PDBS2 + טאקר נספג-12 סיכות-ETHICON,2,2856.91,Cheap
3DMAX LARGE 10.8X16-LEFT + 3DMAX LARGE 10.8X16-RIGHT + בלון אמצעי T10SB + בלון דו צדדי PDBS2 + טאקר נספג-12 סיכות-ETHICON,2,2856.91,Cheap
3DMAX LARGE 10.8X16-LEFT + 3DMAX LARGE 10.8X16-RIGHT + בלון אמצעי T10SB + בלון דו צדדי PDBS2 + טאקר נספג-12 סיכות-ETHICON,2,2856.91,Cheap
3DMAX LARGE 10.8X16-LEFT + 3DMAX LARGE 10.8X16-RIGHT + בלון אמצעי T10SB + בלון דו צדדי PDBS2 + טאקר נספג-12 סיכות-ETHICON,128,2856.85,Expensive
3DMAX LARGE 10.8X16-LEFT + 3DMAX LARGE 10.8X16-RIGHT + בלון אמצעי T10SB + בלון דו צדדי PDBS2 + טאקר נספג-12 סיכות-ETHICON,128,2856.85,Expensive
3DMAX LARGE 10.8X16-LEFT + 3DMAX LARGE 10.8X16-RIGHT + בלון אמצעי T10SB + בלון דו צדדי PDBS2 + טאקר נספג-12 סיכות-ETHICON,128,2856.85,Expensive
3DMAX LARGE 10.8X16-LEFT + 3DMAX LARGE 10.8X16-RIGHT + בלון אמצעי T10SB + בלון דו צדדי PDBS2 + טאקר נספג-12 סיכות-ETHICON,128,2856.85,Expensive
3DMAX LARGE 10.8X16-LEFT + 3DMAX LARGE 10.8X16-RIGHT + בלון אמצעי T10SB + בלון דו צדדי PDBS2 + טאקר נספג-12 סיכות-ETHICON,128,2856.85,Expensive
3DMAX LARGE 10.8X16-LEFT + 3DMAX LARGE 10.8X16-RIGHT + בלון אמצעי T10SB + בלון דו צדדי PDBS2 + טאקר נספג-12 סיכות-ETHICON,128,2856.85,Expensive
3DMAX LARGE 10.8X16-LEFT + 3DMAX LARGE 10.8X16-RIGHT + בלון אמצעי T10SB + בלון דו צדדי PDBS2 + טאקר נספג-12 סיכות-ETHICON,128,2856.85,Expensive
3DMAX LARGE 10.8X16-LEFT + 3DMAX LARGE 10.8X16-RIGHT + בלון אמצעי T10SB + בלון דו צדדי PDBS2 + טאקר נספג-12 סיכות-ETHICON,128,2856.85,Expensive
3DMAX LARGE 10.8X16-LEFT + 3DMAX LARGE 10.8X16-RIGHT + בלון אמצעי T10SB + בלון דו צדדי PDBS2 + טאקר נספג-12 סיכות-ETHICON,128,2856.85,Expensive
3DMAX LARGE 10.8X16-LEFT + 3DMAX LARGE 10.8X16-RIGHT + בלון אמצעי T10SB + בלון דו צדדי PDBS2 + טאקר נספג-12 סיכות-ETHICON,128,2856.85,Expensive
3DMAX LARGE 10.8X16-LEFT + 3DMAX LARGE 10.8X16-RIGHT + בלון אמצעי T10SB + בלון דו צדדי PDBS2 + טאקר נספג-12 סיכות-ETHICON,128,2856.85,Expensive
3DMAX LARGE 10.8X16-LEFT + 3DMAX LARGE 10.8X16-RIGHT + בלון אמצעי T10SB + בלון דו צדדי PDBS2 + טאקר נספג-12 סיכות-ETHICON,128,2856.85,Expensive
3DMAX LARGE 10.8X16-LEFT + 3DMAX LARGE 10.8X16-RIGHT + בלון אמצעי T10SB + בלון דו צדדי PDBS2 + טאקר נספג-12 סיכות-ETHICON,128,2856.85,Expensive
3DMAX LARGE 10.8X16-LEFT + 3DMAX LARGE 10.8X16-RIGHT + בלון אמצעי T10SB + בלון דו צדדי PDBS2 + טאקר נספג-12 סיכות-ETHICON,128,2856.85,Expensive
3DMAX LARGE 10.8X16-LEFT + 3DMAX LARGE 10.8X16-RIGHT + בלון אמצעי T10SB + בלון דו צדדי PDBS2 + טאקר נספג-12 סיכות-ETHICON,128,2856.85,Expensive
3DMAX LARGE 10.8X16-LEFT + 3DMAX LARGE 10.8X16-RIGHT + בלון אמצעי T10SB + בלון דו צדדי PDBS2 + טאקר נספג-12 סיכות-ETHICON,128,2856.85,Expensive
3DMAX LARGE 10.8X16-LEFT + 3DMAX LARGE 10.8X16-RIGHT + בלון אמצעי T10SB + בלון דו צדדי PDBS2 + טאקר נספג-12 סיכות-ETHICON,128,2856.85,Expensive
3DMAX LARGE 10.8X16-LEFT + 3DMAX LARGE 10.8X16-RIGHT + בלון אמצעי T10SB + בלון דו צדדי PDBS2 + טאקר נספג-12 סיכות-ETHICON,128,2856.85,Expensive
3DMAX LARGE 10.8X16-LEFT + 3DMAX LARGE 10.8X16-RIGHT + בלון אמצעי T10SB + בלון דו צדדי PDBS2 + טאקר נספג-12 סיכות-ETHICON,128,2856.85,Expensive
3DMAX LARGE 10.8X16-LEFT + 3DMAX LARGE 10.8X16-RIGHT + בלון אמצעי T10SB + בלון דו צדדי PDBS2 + טאקר נספג-12 סיכות-ETHICON,128,2856.85,Expensive
3DMAX LARGE 10.8X16-LEFT + 3DMAX LARGE 10.8X16-RIGHT + בלון אמצעי T10SB + בלון דו צדדי PDBS2 + טאקר נספג-12 סיכות-ETHICON,128,2856.85,Expensive
3DMAX LARGE 10.8X16-LEFT + 3DMAX LARGE 10.8X16-RIGHT + בלון אמצעי T10SB + בלון דו צדדי PDBS2 + טאקר נספג-12 סיכות-ETHICON,128,2856.85,Expensive
3DMAX LARGE 10.8X16-LEFT + 3DMAX LARGE 10.8X16-RIGHT + בלון אמצעי T10SB + בלון דו צדדי PDBS2 + טאקר נספג-12 סיכות-ETHICON,128,2856.85,Expensive
3DMAX LARGE 10.8X16-LEFT + 3DMAX LARGE 10.8X16-RIGHT + בלון אמצעי T10SB + טאקר נספג-12 סיכות-ETHICON,2,2567.91,Cheap
3DMAX LARGE 10.8X16-LEFT + 3DMAX LARGE 10.8X16-RIGHT + בלון אמצעי T10SB + טאקר נספג-12 סיכות-ETHICON,2,2567.91,Cheap
3DMAX LARGE 10.8X16-LEFT + 3DMAX LARGE 10.8X16-RIGHT + בלון אמצעי T10SB + טאקר נספג-12 סיכות-ETHICON,2,2567.91,Cheap
3DMAX LARGE 10.8X16-LEFT + 3DMAX LARGE 10.8X16-RIGHT + בלון אמצעי T10SB + טאקר נספג-12 סיכות-ETHICON,2,2567.91,Cheap
3DMAX LARGE 10.8X16-LEFT + 3DMAX LARGE 10.8X16-RIGHT + בלון אמצעי T10SB + טאקר נספג-12 סיכות-ETHICON,2,2567.91,Cheap
3DMAX LARGE 10.8X16-LEFT + 3DMAX LARGE 10.8X16-RIGHT + בלון אמצעי T10SB + טאקר נספג-12 סיכות-ETHICON,2,2567.91,Cheap
3DMAX LARGE 10.8X16-LEFT + 3DMAX LARGE 10.8X16-RIGHT + בלון אמצעי T10SB + טאקר נספג-12 סיכות-ETHICON,2,2567.91,Cheap
3DMAX LARGE 10.8X16-LEFT + 3DMAX LARGE 10.8X16-RIGHT + בלון אמצעי T10SB + טאקר נספג-12 סיכות-ETHICON,2,2567.91,Cheap
3DMAX LARGE 10.8X16-LEFT + 3DMAX LARGE 10.8X16-RIGHT + בלון אמצעי T10SB + טאקר נספג-12 סיכות-ETHICON,2,2567.91,Cheap
3DMAX LARGE 10.8X16-LEFT + 3DMAX LARGE 10.8X16-RIGHT + בלון אמצעי T10SB + טאקר נספג-12 סיכות-ETHICON,130,2567.44,Expensive
3DMAX LARGE 10.8X16-LEFT + 3DMAX LARGE 10.8X16-RIGHT + בלון אמצעי T10SB + טאקר נספג-12 סיכות-ETHICON,130,2567.44,Expensive
3DMAX LARGE 10.8X16-LEFT + 3DMAX LARGE 10.8X16-RIGHT + בלון אמצעי T10SB + טאקר נספג-12 סיכות-ETHICON,130,2567.44,Expensive
3DMAX LARGE 10.8X16-LEFT + 3DMAX LARGE 10.8X16-RIGHT + בלון אמצעי T10SB + טאקר נספג-12 סיכות-ETHICON,130,2567.44,Expensive
3DMAX LARGE 10.8X16-LEFT + 3DMAX LARGE 10.8X16-RIGHT + בלון אמצעי T10SB + טאקר נספג-12 סיכות-ETHICON,130,2567.44,Expensive
3DMAX LARGE 10.8X16-LEFT + 3DMAX LARGE 10.8X16-RIGHT + בלון אמצעי T10SB + טאקר נספג-12 סיכות-ETHICON,130,2567.44,Expensive
3DMAX LARGE 10.8X16-LEFT + 3DMAX LARGE 10.8X16-RIGHT + בלון אמצעי T10SB + טאקר נספג-12 סיכות-ETHICON,130,2567.44,Expensive
3DMAX LARGE 10.8X16-LEFT + 3DMAX LARGE 10.8X16-RIGHT + בלון אמצעי T10SB + טאקר נספג-12 סיכות-ETHICON,130,2567.44,Expensive
3DMAX LARGE 10.8X16-LEFT + 3DMAX LARGE 10.8X16-RIGHT + בלון אמצעי T10SB + טאקר נספג-12 סיכות-ETHICON,130,2567.44,Expensive
3DMAX LARGE 10.8X16-LEFT + 3DMAX LARGE 10.8X16-RIGHT + בלון דו צדדי PDBS2,9,1202.84,Cheap
3DMAX LARGE 10.8X16-LEFT + 3DMAX LARGE 10.8X16-RIGHT + בלון דו צדדי PDBS2,9,1202.84,Cheap
3DMAX LARGE 10.8X16-LEFT + 3DMAX LARGE 10.8X16-RIGHT + בלון דו צדדי PDBS2,226,1205.23,Expensive
3DMAX LARGE 10.8X16-LEFT + 3DMAX LARGE 10.8X16-RIGHT + בלון דו צדדי PDBS2,226,1205.23,Expensive
3DMAX LARGE 10.8X16-LEFT + 3DMAX LARGE 10.8X16-RIGHT + בלון דו צדדי PDBS2 + טאקר נספג-12 סיכות-ETHICON,2,2449.96,Cheap
3DMAX LARGE 10.8X16-LEFT + 3DMAX LARGE 10.8X16-RIGHT + בלון דו צדדי PDBS2 + טאקר נספג-12 סיכות-ETHICON,2,2449.96,Cheap
3DMAX LARGE 10.8X16-LEFT + 3DMAX LARGE 10.8X16-RIGHT + בלון דו צדדי PDBS2 + טאקר נספג-12 סיכות-ETHICON,2,2449.96,Cheap
3DMAX LARGE 10.8X16-LEFT + 3DMAX LARGE 10.8X16-RIGHT + בלון דו צדדי PDBS2 + טאקר נספג-12 סיכות-ETHICON,2,2449.96,Cheap
3DMAX LARGE 10.8X16-LEFT + 3DMAX LARGE 10.8X16-RIGHT + בלון דו צדדי PDBS2 + טאקר נספג-12 סיכות-ETHICON,2,2449.96,Cheap
3DMAX LARGE 10.8X16-LEFT + 3DMAX LARGE 10.8X16-RIGHT + בלון דו צדדי PDBS2 + טאקר נספג-12 סיכות-ETHICON,2,2449.96,Cheap
3DMAX LARGE 10.8X16-LEFT + 3DMAX LARGE 10.8X16-RIGHT + בלון דו צדדי PDBS2 + טאקר נספג-12 סיכות-ETHICON,2,2449.96,Cheap
3DMAX LARGE 10.8X16-LEFT + 3DMAX LARGE 10.8X16-RIGHT + בלון דו צדדי PDBS2 + טאקר נספג-12 סיכות-ETHICON,2,2449.96,Cheap
3DMAX LARGE 10.8X16-LEFT + 3DMAX LARGE 10.8X16-RIGHT + בלון דו צדדי PDBS2 + טאקר נספג-12 סיכות-ETHICON,2,2449.96,Cheap
3DMAX LARGE 10.8X16-LEFT + 3DMAX LARGE 10.8X16-RIGHT + בלון דו צדדי PDBS2 + טאקר נספג-12 סיכות-ETHICON,128,2449.9,Expensive
3DMAX LARGE 10.8X16-LEFT + 3DMAX LARGE 10.8X16-RIGHT + בלון דו צדדי PDBS2 + טאקר נספג-12 סיכות-ETHICON,128,2449.9,Expensive
3DMAX LARGE 10.8X16-LEFT + 3DMAX LARGE 10.8X16-RIGHT + בלון דו צדדי PDBS2 + טאקר נספג-12 סיכות-ETHICON,128,2449.9,Expensive
3DMAX LARGE 10.8X16-LEFT + 3DMAX LARGE 10.8X16-RIGHT + בלון דו צדדי PDBS2 + טאקר נספג-12 סיכות-ETHICON,128,2449.9,Expensive
3DMAX LARGE 10.8X16-LEFT + 3DMAX LARGE 10.8X16-RIGHT + בלון דו צדדי PDBS2 + טאקר נספג-12 סיכות-ETHICON,128,2449.9,Expensive
3DMAX LARGE 10.8X16-LEFT + 3DMAX LARGE 10.8X16-RIGHT + בלון דו צדדי PDBS2 + טאקר נספג-12 סיכות-ETHICON,128,2449.9,Expensive
3DMAX LARGE 10.8X16-LEFT + 3DMAX LARGE 10.8X16-RIGHT + בלון דו צדדי PDBS2 + טאקר נספג-12 סיכות-ETHICON,128,2449.9,Expensive
3DMAX LARGE 10.8X16-LEFT + 3DMAX LARGE 10.8X16-RIGHT + בלון דו צדדי PDBS2 + טאקר נספג-12 סיכות-ETHICON,128,2449.9,Expensive
3DMAX LARGE 10.8X16-LEFT + 3DMAX LARGE 10.8X16-RIGHT + בלון דו צדדי PDBS2 + טאקר נספג-12 סיכות-ETHICON,128,2449.9,Expensive
3DMAX LARGE 10.8X16-LEFT + 3DMAX LARGE 10.8X16-RIGHT + טאקר נספג-12 סיכות-ETHICON,91,2153.65,Cheap
3DMAX LARGE 10.8X16-LEFT + 3DMAX LARGE 10.8X16-RIGHT + טאקר נספג-12 סיכות-ETHICON,91,2153.65,Cheap
3DMAX LARGE 10.8X16-LEFT + 3DMAX LARGE 10.8X16-RIGHT + טאקר נספג-12 סיכות-ETHICON,91,2153.65,Cheap
3DMAX LARGE 10.8X16-LEFT + 3DMAX LARGE 10.8X16-RIGHT + טאקר נספג-12 סיכות-ETHICON,151,2159.23,Expensive
3DMAX LARGE 10.8X16-LEFT + 3DMAX LARGE 10.8X16-RIGHT + טאקר נספג-12 סיכות-ETHICON,151,2159.23,Expensive
3DMAX LARGE 10.8X16-LEFT + 3DMAX LARGE 10.8X16-RIGHT + טאקר נספג-12 סיכות-ETHICON,151,2159.23,Expensive
3DMAX LARGE 10.8X16-LEFT + 3DMAX LARGE 10.8X16-RIGHT + טאקר נספג-12 סיכות-ETHICON + שרוול אקסל 10-11  CB11LT,84,2228.39,Cheap
3DMAX LARGE 10.8X16-LEFT + 3DMAX LARGE 10.8X16-RIGHT + טאקר נספג-12 סיכות-ETHICON + שרוול אקסל 10-11  CB11LT,84,2228.39,Cheap
3DMAX LARGE 10.8X16-LEFT + 3DMAX LARGE 10.8X16-RIGHT + טאקר נספג-12 סיכות-ETHICON + שרוול אקסל 10-11  CB11LT,84,2228.39,Cheap
3DMAX LARGE 10.8X16-LEFT + 3DMAX LARGE 10.8X16-RIGHT + טאקר נספג-12 סיכות-ETHICON + שרוול אקסל 10-11  CB11LT,84,2228.39,Cheap
3DMAX LARGE 10.8X16-LEFT + 3DMAX LARGE 10.8X16-RIGHT + טאקר נספג-12 סיכות-ETHICON + שרוול אקסל 10-11  CB11LT,84,2228.39,Cheap
3DMAX LARGE 10.8X16-LEFT + 3DMAX LARGE 10.8X16-RIGHT + טאקר נספג-12 סיכות-ETHICON + שרוול אקסל 10-11  CB11LT,84,2228.39,Cheap
3DMAX LARGE 10.8X16-LEFT + 3DMAX LARGE 10.8X16-RIGHT + טאקר נספג-12 סיכות-ETHICON + שרוול אקסל 10-11  CB11LT,12,2239.4,Expensive
3DMAX LARGE 10.8X16-LEFT + 3DMAX LARGE 10.8X16-RIGHT + טאקר נספג-12 סיכות-ETHICON + שרוול אקסל 10-11  CB11LT,12,2239.4,Expensive
3DMAX LARGE 10.8X16-LEFT + 3DMAX LARGE 10.8X16-RIGHT + טאקר נספג-12 סיכות-ETHICON + שרוול אקסל 10-11  CB11LT,12,2239.4,Expensive
3DMAX LARGE 10.8X16-LEFT + 3DMAX LARGE 10.8X16-RIGHT + טאקר נספג-12 סיכות-ETHICON + שרוול אקסל 10-11  CB11LT,12,2239.4,Expensive
3DMAX LARGE 10.8X16-LEFT + 3DMAX LARGE 10.8X16-RIGHT + טאקר נספג-12 סיכות-ETHICON + שרוול אקסל 10-11  CB11LT,12,2239.4,Expensive
3DMAX LARGE 10.8X16-LEFT + 3DMAX LARGE 10.8X16-RIGHT + טאקר נספג-12 סיכות-ETHICON + שרוול אקסל 10-11  CB11LT,12,2239.4,Expensive
3DMAX LARGE 10.8X16-LEFT + 3DMAX LARGE 10.8X16-RIGHT + טרוקר אקסל ללא סכין 11 B11LT,161,986.26,Cheap
3DMAX LARGE 10.8X16-LEFT + 3DMAX LARGE 10.8X16-RIGHT + טרוקר אקסל ללא סכין 11 B11LT,161,986.26,Cheap
3DMAX LARGE 10.8X16-LEFT + 3DMAX LARGE 10.8X16-RIGHT + טרוקר אקסל ללא סכין 11 B11LT,19,1039.19,Expensive
3DMAX LARGE 10.8X16-LEFT + 3DMAX LARGE 10.8X16-RIGHT + טרוקר אקסל ללא סכין 11 B11LT,19,1039.19,Expensive
3DMAX LARGE 10.8X16-LEFT + 3DMAX LARGE 10.8X16-RIGHT + מספריים לאפ,76,900.39,Cheap
3DMAX LARGE 10.8X16-LEFT + 3DMAX LARGE 10.8X16-RIGHT + מספריים לאפ,76,900.39,Cheap
3DMAX LARGE 10.8X16-LEFT + 3DMAX LARGE 10.8X16-RIGHT + מספריים לאפ,36,910.77,Expensive
3DMAX LARGE 10.8X16-LEFT + 3DMAX LARGE 10.8X16-RIGHT + מספריים לאפ,36,910.77,Expensive
3DMAX LARGE 10.8X16-LEFT + 3DMAX LARGE 10.8X16-RIGHT + שרוול אקסל 10-11  CB11LT,111,981.6,Cheap
3DMAX LARGE 10.8X16-LEFT + 3DMAX LARGE 10.8X16-RIGHT + שרוול אקסל 10-11  CB11LT,111,981.6,Cheap
3DMAX LARGE 10.8X16-LEFT + 3DMAX LARGE 10.8X16-RIGHT + שרוול אקסל 10-11  CB11LT,13,988.22,Expensive
3DMAX LARGE 10.8X16-LEFT + 3DMAX LARGE 10.8X16-RIGHT + שרוול אקסל 10-11  CB11LT,13,988.22,Expensive
3DMAX LARGE 10.8X16-LEFT + LIQUIBAND FIX8 טאקר דבק,106,1469.04,Cheap
3DMAX LARGE 10.8X16-LEFT + LIQUIBAND FIX8 טאקר דבק,34,1451.77,Expensive
3DMAX LARGE 10.8X16-LEFT + LIQUIBAND FIX8 טאקר דבק + טרוקר אקסל ללא סכין 11 B11LT,100,1545.87,Cheap
3DMAX LARGE 10.8X16-LEFT + LIQUIBAND FIX8 טאקר דבק + טרוקר אקסל ללא סכין 11 B11LT,100,1545.87,Cheap
3DMAX LARGE 10.8X16-LEFT + LIQUIBAND FIX8 טאקר דבק + טרוקר אקסל ללא סכין 11 B11LT,100,1545.87,Cheap
3DMAX LARGE 10.8X16-LEFT + LIQUIBAND FIX8 טאקר דבק + טרוקר אקסל ללא סכין 11 B11LT,8,1524.65,Expensive
3DMAX LARGE 10.8X16-LEFT + LIQUIBAND FIX8 טאקר דבק + טרוקר אקסל ללא סכין 11 B11LT,8,1524.65,Expensive
3DMAX LARGE 10.8X16-LEFT + LIQUIBAND FIX8 טאקר דבק + טרוקר אקסל ללא סכין 11 B11LT,8,1524.65,Expensive
3DMAX LARGE 10.8X16-LEFT + בלון אמצעי T10SB + בלון דו צדדי PDBS2,8,1150.79,Cheap
3DMAX LARGE 10.8X16-LEFT + בלון אמצעי T10SB + בלון דו צדדי PDBS2,8,1150.79,Cheap
3DMAX LARGE 10.8X16-LEFT + בלון אמצעי T10SB + בלון דו צדדי PDBS2,217,1150.57,Expensive
3DMAX LARGE 10.8X16-LEFT + בלון אמצעי T10SB + בלון דו צדדי PDBS2,217,1150.57,Expensive
3DMAX LARGE 10.8X16-LEFT + בלון אמצעי T10SB + בלון דו צדדי PDBS2 + טאקר נספג-12 סיכות-ETHICON,2,2401.9,Cheap
3DMAX LARGE 10.8X16-LEFT + בלון אמצעי T10SB + בלון דו צדדי PDBS2 + טאקר נספג-12 סיכות-ETHICON,2,2401.9,Cheap
3DMAX LARGE 10.8X16-LEFT + בלון אמצעי T10SB + בלון דו צדדי PDBS2 + טאקר נספג-12 סיכות-ETHICON,2,2401.9,Cheap
3DMAX LARGE 10.8X16-LEFT + בלון אמצעי T10SB + בלון דו צדדי PDBS2 + טאקר נספג-12 סיכות-ETHICON,2,2401.9,Cheap
3DMAX LARGE 10.8X16-LEFT + בלון אמצעי T10SB + בלון דו צדדי PDBS2 + טאקר נספג-12 סיכות-ETHICON,2,2401.9,Cheap
3DMAX LARGE 10.8X16-LEFT + בלון אמצעי T10SB + בלון דו צדדי PDBS2 + טאקר נספג-12 סיכות-ETHICON,2,2401.9,Cheap
3DMAX LARGE 10.8X16-LEFT + בלון אמצעי T10SB + בלון דו צדדי PDBS2 + טאקר נספג-12 סיכות-ETHICON,2,2401.9,Cheap
3DMAX LARGE 10.8X16-LEFT + בלון אמצעי T10SB + בלון דו צדדי PDBS2 + טאקר נספג-12 סיכות-ETHICON,2,2401.9,Cheap
3DMAX LARGE 10.8X16-LEFT + בלון אמצעי T10SB + בלון דו צדדי PDBS2 + טאקר נספג-12 סיכות-ETHICON,2,2401.9,Cheap
3DMAX LARGE 10.8X16-LEFT + בלון אמצעי T10SB + בלון דו צדדי PDBS2 + טאקר נספג-12 סיכות-ETHICON,134,2400.5,Expensive
3DMAX LARGE 10.8X16-LEFT + בלון אמצעי T10SB + בלון דו צדדי PDBS2 + טאקר נספג-12 סיכות-ETHICON,134,2400.5,Expensive
3DMAX LARGE 10.8X16-LEFT + בלון אמצעי T10SB + בלון דו צדדי PDBS2 + טאקר נספג-12 סיכות-ETHICON,134,2400.5,Expensive
3DMAX LARGE 10.8X16-LEFT + בלון אמצעי T10SB + בלון דו צדדי PDBS2 + טאקר נספג-12 סיכות-ETHICON,134,2400.5,Expensive
3DMAX LARGE 10.8X16-LEFT + בלון אמצעי T10SB + בלון דו צדדי PDBS2 + טאקר נספג-12 סיכות-ETHICON,134,2400.5,Expensive
3DMAX LARGE 10.8X16-LEFT + בלון אמצעי T10SB + בלון דו צדדי PDBS2 + טאקר נספג-12 סיכות-ETHICON,134,2400.5,Expensive
3DMAX LARGE 10.8X16-LEFT + בלון אמצעי T10SB + בלון דו צדדי PDBS2 + טאקר נספג-12 סיכות-ETHICON,134,2400.5,Expensive
3DMAX LARGE 10.8X16-LEFT + בלון אמצעי T10SB + בלון דו צדדי PDBS2 + טאקר נספג-12 סיכות-ETHICON,134,2400.5,Expensive
3DMAX LARGE 10.8X16-LEFT + בלון אמצעי T10SB + בלון דו צדדי PDBS2 + טאקר נספג-12 סיכות-ETHICON,134,2400.5,Expensive
3DMAX LARGE 10.8X16-LEFT + בלון אמצעי T10SB + טאקר נספג-12 סיכות-ETHICON,2,2112.9,Cheap
3DMAX LARGE 10.8X16-LEFT + בלון אמצעי T10SB + טאקר נספג-12 סיכות-ETHICON,2,2112.9,Cheap
3DMAX LARGE 10.8X16-LEFT + בלון אמצעי T10SB + טאקר נספג-12 סיכות-ETHICON,2,2112.9,Cheap
3DMAX LARGE 10.8X16-LEFT + בלון אמצעי T10SB + טאקר נספג-12 סיכות-ETHICON,136,2111.34,Expensive
3DMAX LARGE 10.8X16-LEFT + בלון אמצעי T10SB + טאקר נספג-12 סיכות-ETHICON,136,2111.34,Expensive
3DMAX LARGE 10.8X16-LEFT + בלון אמצעי T10SB + טאקר נספג-12 סיכות-ETHICON,136,2111.34,Expensive
3DMAX LARGE 10.8X16-LEFT + בלון דו צדדי PDBS2 + טאקר נספג-12 סיכות-ETHICON,2,1994.95,Cheap
3DMAX LARGE 10.8X16-LEFT + בלון דו צדדי PDBS2 + טאקר נספג-12 סיכות-ETHICON,2,1994.95,Cheap
3DMAX LARGE 10.8X16-LEFT + בלון דו צדדי PDBS2 + טאקר נספג-12 סיכות-ETHICON,2,1994.95,Cheap
3DMAX LARGE 10.8X16-LEFT + בלון דו צדדי PDBS2 + טאקר נספג-12 סיכות-ETHICON,134,1993.55,Expensive
3DMAX LARGE 10.8X16-LEFT + בלון דו צדדי PDBS2 + טאקר נספג-12 סיכות-ETHICON,134,1993.55,Expensive
3DMAX LARGE 10.8X16-LEFT + בלון דו צדדי PDBS2 + טאקר נספג-12 סיכות-ETHICON,134,1993.55,Expensive
3DMAX LARGE 10.8X16-LEFT + טאקר נספג-12 סיכות-ETHICON,93,1701.56,Cheap
3DMAX LARGE 10.8X16-LEFT + טאקר נספג-12 סיכות-ETHICON,157,1703.92,Expensive
3DMAX LARGE 10.8X16-LEFT + טאקר נספג-12 סיכות-ETHICON + שרוול אקסל 10-11  CB11LT,86,1776.59,Cheap
3DMAX LARGE 10.8X16-LEFT + טאקר נספג-12 סיכות-ETHICON + שרוול אקסל 10-11  CB11LT,86,1776.59,Cheap
3DMAX LARGE 10.8X16-LEFT + טאקר נספג-12 סיכות-ETHICON + שרוול אקסל 10-11  CB11LT,12,1782.42,Expensive
3DMAX LARGE 10.8X16-LEFT + טאקר נספג-12 סיכות-ETHICON + שרוול אקסל 10-11  CB11LT,12,1782.42,Expensive
3DMAX LARGE 10.8X16-RIGHT + LIQUIBAND FIX8 טאקר דבק,109,1470.39,Cheap
3DMAX LARGE 10.8X16-RIGHT + LIQUIBAND FIX8 טאקר דבק,36,1453.69,Expensive
3DMAX LARGE 10.8X16-RIGHT + LIQUIBAND FIX8 טאקר דבק + טרוקר אקסל ללא סכין 11 B11LT,101,1547.31,Cheap
3DMAX LARGE 10.8X16-RIGHT + LIQUIBAND FIX8 טאקר דבק + טרוקר אקסל ללא סכין 11 B11LT,101,1547.31,Cheap
3DMAX LARGE 10.8X16-RIGHT + LIQUIBAND FIX8 טאקר דבק + טרוקר אקסל ללא סכין 11 B11LT,101,1547.31,Cheap
3DMAX LARGE 10.8X16-RIGHT + LIQUIBAND FIX8 טאקר דבק + טרוקר אקסל ללא סכין 11 B11LT,8,1530.11,Expensive
3DMAX LARGE 10.8X16-RIGHT + LIQUIBAND FIX8 טאקר דבק + טרוקר אקסל ללא סכין 11 B11LT,8,1530.11,Expensive
3DMAX LARGE 10.8X16-RIGHT + LIQUIBAND FIX8 טאקר דבק + טרוקר אקסל ללא סכין 11 B11LT,8,1530.11,Expensive
3DMAX LARGE 10.8X16-RIGHT + בלון אמצעי T10SB + בלון דו צדדי PDBS2,8,1151.09,Cheap
3DMAX LARGE 10.8X16-RIGHT + בלון אמצעי T10SB + בלון דו צדדי PDBS2,8,1151.09,Cheap
3DMAX LARGE 10.8X16-RIGHT + בלון אמצעי T10SB + בלון דו צדדי PDBS2,216,1153.16,Expensive
3DMAX LARGE 10.8X16-RIGHT + בלון אמצעי T10SB + בלון דו צדדי PDBS2,216,1153.16,Expensive
3DMAX LARGE 10.8X16-RIGHT + בלון אמצעי T10SB + בלון דו צדדי PDBS2 + טאקר נספג-12 סיכות-ETHICON,2,2402.11,Cheap
3DMAX LARGE 10.8X16-RIGHT + בלון אמצעי T10SB + בלון דו צדדי PDBS2 + טאקר נספג-12 סיכות-ETHICON,2,2402.11,Cheap
3DMAX LARGE 10.8X16-RIGHT + בלון אמצעי T10SB + בלון דו צדדי PDBS2 + טאקר נספג-12 סיכות-ETHICON,2,2402.11,Cheap
3DMAX LARGE 10.8X16-RIGHT + בלון אמצעי T10SB + בלון דו צדדי PDBS2 + טאקר נספג-12 סיכות-ETHICON,2,2402.11,Cheap
3DMAX LARGE 10.8X16-RIGHT + בלון אמצעי T10SB + בלון דו צדדי PDBS2 + טאקר נספג-12 סיכות-ETHICON,2,2402.11,Cheap
3DMAX LARGE 10.8X16-RIGHT + בלון אמצעי T10SB + בלון דו צדדי PDBS2 + טאקר נספג-12 סיכות-ETHICON,2,2402.11,Cheap
3DMAX LARGE 10.8X16-RIGHT + בלון אמצעי T10SB + בלון דו צדדי PDBS2 + טאקר נספג-12 סיכות-ETHICON,2,2402.11,Cheap
3DMAX LARGE 10.8X16-RIGHT + בלון אמצעי T10SB + בלון דו צדדי PDBS2 + טאקר נספג-12 סיכות-ETHICON,2,2402.11,Cheap
3DMAX LARGE 10.8X16-RIGHT + בלון אמצעי T10SB + בלון דו צדדי PDBS2 + טאקר נספג-12 סיכות-ETHICON,2,2402.11,Cheap
3DMAX LARGE 10.8X16-RIGHT + בלון אמצעי T10SB + בלון דו צדדי PDBS2 + טאקר נספג-12 סיכות-ETHICON,130,2403.26,Expensive
3DMAX LARGE 10.8X16-RIGHT + בלון אמצעי T10SB + בלון דו צדדי PDBS2 + טאקר נספג-12 סיכות-ETHICON,130,2403.26,Expensive
3DMAX LARGE 10.8X16-RIGHT + בלון אמצעי T10SB + בלון דו צדדי PDBS2 + טאקר נספג-12 סיכות-ETHICON,130,2403.26,Expensive
3DMAX LARGE 10.8X16-RIGHT + בלון אמצעי T10SB + בלון דו צדדי PDBS2 + טאקר נספג-12 סיכות-ETHICON,130,2403.26,Expensive
3DMAX LARGE 10.8X16-RIGHT + בלון אמצעי T10SB + בלון דו צדדי PDBS2 + טאקר נספג-12 סיכות-ETHICON,130,2403.26,Expensive
3DMAX LARGE 10.8X16-RIGHT + בלון אמצעי T10SB + בלון דו צדדי PDBS2 + טאקר נספג-12 סיכות-ETHICON,130,2403.26,Expensive
3DMAX LARGE 10.8X16-RIGHT + בלון אמצעי T10SB + בלון דו צדדי PDBS2 + טאקר נספג-12 סיכות-ETHICON,130,2403.26,Expensive
3DMAX LARGE 10.8X16-RIGHT + בלון אמצעי T10SB + בלון דו צדדי PDBS2 + טאקר נספג-12 סיכות-ETHICON,130,2403.26,Expensive
3DMAX LARGE 10.8X16-RIGHT + בלון אמצעי T10SB + בלון דו צדדי PDBS2 + טאקר נספג-12 סיכות-ETHICON,130,2403.26,Expensive
3DMAX LARGE 10.8X16-RIGHT + בלון אמצעי T10SB + טאקר נספג-12 סיכות-ETHICON,2,2113.11,Cheap
3DMAX LARGE 10.8X16-RIGHT + בלון אמצעי T10SB + טאקר נספג-12 סיכות-ETHICON,2,2113.11,Cheap
3DMAX LARGE 10.8X16-RIGHT + בלון אמצעי T10SB + טאקר נספג-12 סיכות-ETHICON,2,2113.11,Cheap
3DMAX LARGE 10.8X16-RIGHT + בלון אמצעי T10SB + טאקר נספג-12 סיכות-ETHICON,132,2114.03,Expensive
3DMAX LARGE 10.8X16-RIGHT + בלון אמצעי T10SB + טאקר נספג-12 סיכות-ETHICON,132,2114.03,Expensive
3DMAX LARGE 10.8X16-RIGHT + בלון אמצעי T10SB + טאקר נספג-12 סיכות-ETHICON,132,2114.03,Expensive
3DMAX LARGE 10.8X16-RIGHT + בלון דו צדדי PDBS2 + טאקר נספג-12 סיכות-ETHICON,2,1995.16,Cheap
3DMAX LARGE 10.8X16-RIGHT + בלון דו צדדי PDBS2 + טאקר נספג-12 סיכות-ETHICON,2,1995.16,Cheap
3DMAX LARGE 10.8X16-RIGHT + בלון דו צדדי PDBS2 + טאקר נספג-12 סיכות-ETHICON,2,1995.16,Cheap
3DMAX LARGE 10.8X16-RIGHT + בלון דו צדדי PDBS2 + טאקר נספג-12 סיכות-ETHICON,130,1996.31,Expensive
3DMAX LARGE 10.8X16-RIGHT + בלון דו צדדי PDBS2 + טאקר נספג-12 סיכות-ETHICON,130,1996.31,Expensive
3DMAX LARGE 10.8X16-RIGHT + בלון דו צדדי PDBS2 + טאקר נספג-12 סיכות-ETHICON,130,1996.31,Expensive
3DMAX LARGE 10.8X16-RIGHT + טאקר נספג-12 סיכות-ETHICON,93,1703.4,Cheap
3DMAX LARGE 10.8X16-RIGHT + טאקר נספג-12 סיכות-ETHICON,153,1706.34,Expensive
3DMAX LARGE 10.8X16-RIGHT + טאקר נספג-12 סיכות-ETHICON + שרוול אקסל 10-11  CB11LT,85,1778.31,Cheap
3DMAX LARGE 10.8X16-RIGHT + טאקר נספג-12 סיכות-ETHICON + שרוול אקסל 10-11  CB11LT,85,1778.31,Cheap
3DMAX LARGE 10.8X16-RIGHT + טאקר נספג-12 סיכות-ETHICON + שרוול אקסל 10-11  CB11LT,12,1783.13,Expensive
3DMAX LARGE 10.8X16-RIGHT + טאקר נספג-12 סיכות-ETHICON + שרוול אקסל 10-11  CB11LT,12,1783.13,Expensive
CAPSURE טאקר 30 + DEXTILE LEFT ANT. MESH 16X12CM,107,1463.17,Cheap
CAPSURE טאקר 30 + DEXTILE LEFT ANT. MESH 16X12CM,0,0.0,Expensive
CAPSURE טאקר 30 + DEXTILE LEFT ANT. MESH 16X12CM + DEXTILE RIGHT ANT. MESH 16X12C,107,1843.17,Cheap
CAPSURE טאקר 30 + DEXTILE LEFT ANT. MESH 16X12CM + DEXTILE RIGHT ANT. MESH 16X12C,107,1843.17,Cheap
CAPSURE טאקר 30 + DEXTILE LEFT ANT. MESH 16X12CM + DEXTILE RIGHT ANT. MESH 16X12C,107,1843.17,Cheap
CAPSURE טאקר 30 + DEXTILE LEFT ANT. MESH 16X12CM + DEXTILE RIGHT ANT. MESH 16X12C,107,1843.17,Cheap
CAPSURE טאקר 30 + DEXTILE LEFT ANT. MESH 16X12CM + DEXTILE RIGHT ANT. MESH 16X12C,107,1843.17,Cheap
CAPSURE טאקר 30 + DEXTILE LEFT ANT. MESH 16X12CM + DEXTILE RIGHT ANT. MESH 16X12C,0,0.0,Expensive
CAPSURE טאקר 30 + DEXTILE LEFT ANT. MESH 16X12CM + DEXTILE RIGHT ANT. MESH 16X12C,0,0.0,Expensive
CAPSURE טאקר 30 + DEXTILE LEFT ANT. MESH 16X12CM + DEXTILE RIGHT ANT. MESH 16X12C,0,0.0,Expensive
CAPSURE טאקר 30 + DEXTILE LEFT ANT. MESH 16X12CM + DEXTILE RIGHT ANT. MESH 16X12C,0,0.0,Expensive
CAPSURE טאקר 30 + DEXTILE LEFT ANT. MESH 16X12CM + DEXTILE RIGHT ANT. MESH 16X12C,0,0.0,Expensive
CAPSURE טאקר 30 + DEXTILE LEFT ANT. MESH 16X12CM + DEXTILE RIGHT ANT. MESH 16X12C + טרוקר אקסל ללא סכין 11 B11LT,106,1917.65,Cheap
CAPSURE טאקר 30 + DEXTILE LEFT ANT. MESH 16X12CM + DEXTILE RIGHT ANT. MESH 16X12C + טרוקר אקסל ללא סכין 11 B11LT,106,1917.65,Cheap
CAPSURE טאקר 30 + DEXTILE LEFT ANT. MESH 16X12CM + DEXTILE RIGHT ANT. MESH 16X12C + טרוקר אקסל ללא סכין 11 B11LT,106,1917.65,Cheap
CAPSURE טאקר 30 + DEXTILE LEFT ANT. MESH 16X12CM + DEXTILE RIGHT ANT. MESH 16X12C + טרוקר אקסל ללא סכין 11 B11LT,106,1917.65,Cheap
CAPSURE טאקר 30 + DEXTILE LEFT ANT. MESH 16X12CM + DEXTILE RIGHT ANT. MESH 16X12C + טרוקר אקסל ללא סכין 11 B11LT,106,1917.65,Cheap
CAPSURE טאקר 30 + DEXTILE LEFT ANT. MESH 16X12CM + DEXTILE RIGHT ANT. MESH 16X12C + טרוקר אקסל ללא סכין 11 B11LT,106,1917.65,Cheap
CAPSURE טאקר 30 + DEXTILE LEFT ANT. MESH 16X12CM + DEXTILE RIGHT ANT. MESH 16X12C + טרוקר אקסל ללא סכין 11 B11LT,106,1917.65,Cheap
CAPSURE טאקר 30 + DEXTILE LEFT ANT. MESH 16X12CM + DEXTILE RIGHT ANT. MESH 16X12C + טרוקר אקסל ללא סכין 11 B11LT,106,1917.65,Cheap
CAPSURE טאקר 30 + DEXTILE LEFT ANT. MESH 16X12CM + DEXTILE RIGHT ANT. MESH 16X12C + טרוקר אקסל ללא סכין 11 B11LT,106,1917.65,Cheap
CAPSURE טאקר 30 + DEXTILE LEFT ANT. MESH 16X12CM + DEXTILE RIGHT ANT. MESH 16X12C + טרוקר אקסל ללא סכין 11 B11LT,106,1917.65,Cheap
CAPSURE טאקר 30 + DEXTILE LEFT ANT. MESH 16X12CM + DEXTILE RIGHT ANT. MESH 16X12C + טרוקר אקסל ללא סכין 11 B11LT,106,1917.65,Cheap
CAPSURE טאקר 30 + DEXTILE LEFT ANT. MESH 16X12CM + DEXTILE RIGHT ANT. MESH 16X12C + טרוקר אקסל ללא סכין 11 B11LT,106,1917.65,Cheap
CAPSURE טאקר 30 + DEXTILE LEFT ANT. MESH 16X12CM + DEXTILE RIGHT ANT. MESH 16X12C + טרוקר אקסל ללא סכין 11 B11LT,0,0.0,Expensive
CAPSURE טאקר 30 + DEXTILE LEFT ANT. MESH 16X12CM + DEXTILE RIGHT ANT. MESH 16X12C + טרוקר אקסל ללא סכין 11 B11LT,0,0.0,Expensive
CAPSURE טאקר 30 + DEXTILE LEFT ANT. MESH 16X12CM + DEXTILE RIGHT ANT. MESH 16X12C + טרוקר אקסל ללא סכין 11 B11LT,0,0.0,Expensive
CAPSURE טאקר 30 + DEXTILE LEFT ANT. MESH 16X12CM + DEXTILE RIGHT ANT. MESH 16X12C + טרוקר אקסל ללא סכין 11 B11LT,0,0.0,Expensive
CAPSURE טאקר 30 + DEXTILE LEFT ANT. MESH 16X12CM + DEXTILE RIGHT ANT. MESH 16X12C + טרוקר אקסל ללא סכין 11 B11LT,0,0.0,Expensive
CAPSURE טאקר 30 + DEXTILE LEFT ANT. MESH 16X12CM + DEXTILE RIGHT ANT. MESH 16X12C + טרוקר אקסל ללא סכין 11 B11LT,0,0.0,Expensive
CAPSURE טאקר 30 + DEXTILE LEFT ANT. MESH 16X12CM + DEXTILE RIGHT ANT. MESH 16X12C + טרוקר אקסל ללא סכין 11 B11LT,0,0.0,Expensive
CAPSURE טאקר 30 + DEXTILE LEFT ANT. MESH 16X12CM + DEXTILE RIGHT ANT. MESH 16X12C + טרוקר אקסל ללא סכין 11 B11LT,0,0.0,Expensive
CAPSURE טאקר 30 + DEXTILE LEFT ANT. MESH 16X12CM + DEXTILE RIGHT ANT. MESH 16X12C + טרוקר אקסל ללא סכין 11 B11LT,0,0.0,Expensive
CAPSURE טאקר 30 + DEXTILE LEFT ANT. MESH 16X12CM + DEXTILE RIGHT ANT. MESH 16X12C + טרוקר אקסל ללא סכין 11 B11LT,0,0.0,Expensive
CAPSURE טאקר 30 + DEXTILE LEFT ANT. MESH 16X12CM + DEXTILE RIGHT ANT. MESH 16X12C + טרוקר אקסל ללא סכין 11 B11LT,0,0.0,Expensive
CAPSURE טאקר 30 + DEXTILE LEFT ANT. MESH 16X12CM + DEXTILE RIGHT ANT. MESH 16X12C + טרוקר אקסל ללא סכין 11 B11LT,0,0.0,Expensive
CAPSURE טאקר 30 + DEXTILE LEFT ANT. MESH 16X12CM + טרוקר אקסל ללא סכין 11 B11LT,106,1537.65,Cheap
CAPSURE טאקר 30 + DEXTILE LEFT ANT. MESH 16X12CM + טרוקר אקסל ללא סכין 11 B11LT,106,1537.65,Cheap
CAPSURE טאקר 30 + DEXTILE LEFT ANT. MESH 16X12CM + טרוקר אקסל ללא סכין 11 B11LT,106,1537.65,Cheap
CAPSURE טאקר 30 + DEXTILE LEFT ANT. MESH 16X12CM + טרוקר אקסל ללא סכין 11 B11LT,106,1537.65,Cheap
CAPSURE טאקר 30 + DEXTILE LEFT ANT. MESH 16X12CM + טרוקר אקסל ללא סכין 11 B11LT,0,0.0,Expensive
CAPSURE טאקר 30 + DEXTILE LEFT ANT. MESH 16X12CM + טרוקר אקסל ללא סכין 11 B11LT,0,0.0,Expensive
CAPSURE טאקר 30 + DEXTILE LEFT ANT. MESH 16X12CM + טרוקר אקסל ללא סכין 11 B11LT,0,0.0,Expensive
CAPSURE טאקר 30 + DEXTILE LEFT ANT. MESH 16X12CM + טרוקר אקסל ללא סכין 11 B11LT,0,0.0,Expensive
CAPSURE טאקר 30 + DEXTILE RIGHT ANT. MESH 16X12C,108,1463.47,Cheap
CAPSURE טאקר 30 + DEXTILE RIGHT ANT. MESH 16X12C,0,0.0,Expensive
CAPSURE טאקר 30 + DEXTILE RIGHT ANT. MESH 16X12C + טרוקר אקסל ללא סכין 11 B11LT,107,1537.96,Cheap
CAPSURE טאקר 30 + DEXTILE RIGHT ANT. MESH 16X12C + טרוקר אקסל ללא סכין 11 B11LT,107,1537.96,Cheap
CAPSURE טאקר 30 + DEXTILE RIGHT ANT. MESH 16X12C + טרוקר אקסל ללא סכין 11 B11LT,107,1537.96,Cheap
CAPSURE טאקר 30 + DEXTILE RIGHT ANT. MESH 16X12C + טרוקר אקסל ללא סכין 11 B11LT,107,1537.96,Cheap
CAPSURE טאקר 30 + DEXTILE RIGHT ANT. MESH 16X12C + טרוקר אקסל ללא סכין 11 B11LT,0,0.0,Expensive
CAPSURE טאקר 30 + DEXTILE RIGHT ANT. MESH 16X12C + טרוקר אקסל ללא סכין 11 B11LT,0,0.0,Expensive
CAPSURE טאקר 30 + DEXTILE RIGHT ANT. MESH 16X12C + טרוקר אקסל ללא סכין 11 B11LT,0,0.0,Expensive
CAPSURE טאקר 30 + DEXTILE RIGHT ANT. MESH 16X12C + טרוקר אקסל ללא סכין 11 B11LT,0,0.0,Expensive
CAPSURE טאקר 30 + טרוקר אקסל ללא סכין 11 B11LT,127,1157.9,Cheap
CAPSURE טאקר 30 + טרוקר אקסל ללא סכין 11 B11LT,6,1162.14,Expensive
CAPSURE טאקר 30 + טרוקר ללא סכין 5 NB5STF,83,1151.66,Cheap
CAPSURE טאקר 30 + טרוקר ללא סכין 5 NB5STF,43,1167.86,Expensive
DEXTILE LEFT ANT. MESH 16X12CM + DEXTILE RIGHT ANT. MESH 16X12C,125,760.0,Cheap
DEXTILE LEFT ANT. MESH 16X12CM + DEXTILE RIGHT ANT. MESH 16X12C,125,760.0,Cheap
DEXTILE LEFT ANT. MESH 16X12CM + DEXTILE RIGHT ANT. MESH 16X12C,1,760.0,Expensive
DEXTILE LEFT ANT. MESH 16X12CM + DEXTILE RIGHT ANT. MESH 16X12C,1,760.0,Expensive
DEXTILE LEFT ANT. MESH 16X12CM + DEXTILE RIGHT ANT. MESH 16X12C + טרוקר אקסל ללא סכין 11 B11LT,109,835.0,Cheap
DEXTILE LEFT ANT. MESH 16X12CM + DEXTILE RIGHT ANT. MESH 16X12C + טרוקר אקסל ללא סכין 11 B11LT,109,835.0,Cheap
DEXTILE LEFT ANT. MESH 16X12CM + DEXTILE RIGHT ANT. MESH 16X12C + טרוקר אקסל ללא סכין 11 B11LT,109,835.0,Cheap
DEXTILE LEFT ANT. MESH 16X12CM + DEXTILE RIGHT ANT. MESH 16X12C + טרוקר אקסל ללא סכין 11 B11LT,109,835.0,Cheap
DEXTILE LEFT ANT. MESH 16X12CM + DEXTILE RIGHT ANT. MESH 16X12C + טרוקר אקסל ללא סכין 11 B11LT,109,835.0,Cheap
DEXTILE LEFT ANT. MESH 16X12CM + DEXTILE RIGHT ANT. MESH 16X12C + טרוקר אקסל ללא סכין 11 B11LT,0,0.0,Expensive
DEXTILE LEFT ANT. MESH 16X12CM + DEXTILE RIGHT ANT. MESH 16X12C + טרוקר אקסל ללא סכין 11 B11LT,0,0.0,Expensive
DEXTILE LEFT ANT. MESH 16X12CM + DEXTILE RIGHT ANT. MESH 16X12C + טרוקר אקסל ללא סכין 11 B11LT,0,0.0,Expensive
DEXTILE LEFT ANT. MESH 16X12CM + DEXTILE RIGHT ANT. MESH 16X12C + טרוקר אקסל ללא סכין 11 B11LT,0,0.0,Expensive
DEXTILE LEFT ANT. MESH 16X12CM + DEXTILE RIGHT ANT. MESH 16X12C + טרוקר אקסל ללא סכין 11 B11LT,0,0.0,Expensive
DEXTILE LEFT ANT. MESH 16X12CM + טרוקר אקסל ללא סכין 11 B11LT,109,455.0,Cheap
DEXTILE LEFT ANT. MESH 16X12CM + טרוקר אקסל ללא סכין 11 B11LT,0,0.0,Expensive
DEXTILE RIGHT ANT. MESH 16X12C + טרוקר אקסל ללא סכין 11 B11LT,110,455.0,Cheap
DEXTILE RIGHT ANT. MESH 16X12C + טרוקר אקסל ללא סכין 11 B11LT,0,0.0,Expensive
DYNAMESH ENDOLAP 3D 10*15CM + בלון אמצעי T10SB,72,850.82,Cheap
DYNAMESH ENDOLAP 3D 10*15CM + בלון אמצעי T10SB,123,854.43,Expensive
DYNAMESH ENDOLAP 3D 10*15CM + בלון אמצעי T10SB + בלון דו צדדי PDBS2,69,1139.82,Cheap
DYNAMESH ENDOLAP 3D 10*15CM + בלון אמצעי T10SB + בלון דו צדדי PDBS2,69,1139.82,Cheap
DYNAMESH ENDOLAP 3D 10*15CM + בלון אמצעי T10SB + בלון דו צדדי PDBS2,69,1139.82,Cheap
DYNAMESH ENDOLAP 3D 10*15CM + בלון אמצעי T10SB + בלון דו צדדי PDBS2,123,1143.43,Expensive
DYNAMESH ENDOLAP 3D 10*15CM + בלון אמצעי T10SB + בלון דו צדדי PDBS2,123,1143.43,Expensive
DYNAMESH ENDOLAP 3D 10*15CM + בלון אמצעי T10SB + בלון דו צדדי PDBS2,123,1143.43,Expensive
DYNAMESH ENDOLAP 3D 10*15CM + בלון אמצעי T10SB + בלון דו צדדי PDBS2 + טרוקר ללא סכין 5 NB5STF,6,1219.82,Cheap
DYNAMESH ENDOLAP 3D 10*15CM + בלון אמצעי T10SB + בלון דו צדדי PDBS2 + טרוקר ללא סכין 5 NB5STF,6,1219.82,Cheap
DYNAMESH ENDOLAP 3D 10*15CM + בלון אמצעי T10SB + בלון דו צדדי PDBS2 + טרוקר ללא סכין 5 NB5STF,6,1219.82,Cheap
DYNAMESH ENDOLAP 3D 10*15CM + בלון אמצעי T10SB + בלון דו צדדי PDBS2 + טרוקר ללא סכין 5 NB5STF,6,1219.82,Cheap
DYNAMESH ENDOLAP 3D 10*15CM + בלון אמצעי T10SB + בלון דו צדדי PDBS2 + טרוקר ללא סכין 5 NB5STF,6,1219.82,Cheap
DYNAMESH ENDOLAP 3D 10*15CM + בלון אמצעי T10SB + בלון דו צדדי PDBS2 + טרוקר ללא סכין 5 NB5STF,6,1219.82,Cheap
DYNAMESH ENDOLAP 3D 10*15CM + בלון אמצעי T10SB + בלון דו צדדי PDBS2 + טרוקר ללא סכין 5 NB5STF,104,1224.09,Expensive
DYNAMESH ENDOLAP 3D 10*15CM + בלון אמצעי T10SB + בלון דו צדדי PDBS2 + טרוקר ללא סכין 5 NB5STF,104,1224.09,Expensive
DYNAMESH ENDOLAP 3D 10*15CM + בלון אמצעי T10SB + בלון דו צדדי PDBS2 + טרוקר ללא סכין 5 NB5STF,104,1224.09,Expensive
DYNAMESH ENDOLAP 3D 10*15CM + בלון אמצעי T10SB + בלון דו צדדי PDBS2 + טרוקר ללא סכין 5 NB5STF,104,1224.09,Expensive
DYNAMESH ENDOLAP 3D 10*15CM + בלון אמצעי T10SB + בלון דו צדדי PDBS2 + טרוקר ללא סכין 5 NB5STF,104,1224.09,Expensive
DYNAMESH ENDOLAP 3D 10*15CM + בלון אמצעי T10SB + בלון דו צדדי PDBS2 + טרוקר ללא סכין 5 NB5STF,104,1224.09,Expensive
DYNAMESH ENDOLAP 3D 10*15CM + בלון אמצעי T10SB + טרוקר ללא סכין 5 NB5STF,6,930.82,Cheap
DYNAMESH ENDOLAP 3D 10*15CM + בלון אמצעי T10SB + טרוקר ללא סכין 5 NB5STF,6,930.82,Cheap
DYNAMESH ENDOLAP 3D 10*15CM + בלון אמצעי T10SB + טרוקר ללא סכין 5 NB5STF,104,935.09,Expensive
DYNAMESH ENDOLAP 3D 10*15CM + בלון אמצעי T10SB + טרוקר ללא סכין 5 NB5STF,104,935.09,Expensive
DYNAMESH ENDOLAP 3D 10*15CM + בלון דו צדדי PDBS2,70,732.87,Cheap
DYNAMESH ENDOLAP 3D 10*15CM + בלון דו צדדי PDBS2,123,736.48,Expensive
DYNAMESH ENDOLAP 3D 10*15CM + בלון דו צדדי PDBS2 + טרוקר ללא סכין 5 NB5STF,6,812.87,Cheap
DYNAMESH ENDOLAP 3D 10*15CM + בלון דו צדדי PDBS2 + טרוקר ללא סכין 5 NB5STF,6,812.87,Cheap
DYNAMESH ENDOLAP 3D 10*15CM + בלון דו צדדי PDBS2 + טרוקר ללא סכין 5 NB5STF,104,817.14,Expensive
DYNAMESH ENDOLAP 3D 10*15CM + בלון דו צדדי PDBS2 + טרוקר ללא סכין 5 NB5STF,104,817.14,Expensive
LIQUIBAND FIX8 טאקר דבק + בלון אמצעי T10SB + בלון דו צדדי PDBS2,0,0.0,Cheap
LIQUIBAND FIX8 טאקר דבק + בלון אמצעי T10SB + בלון דו צדדי PDBS2,0,0.0,Cheap
LIQUIBAND FIX8 טאקר דבק + בלון אמצעי T10SB + בלון דו צדדי PDBS2,112,1696.96,Expensive
LIQUIBAND FIX8 טאקר דבק + בלון אמצעי T10SB + בלון דו צדדי PDBS2,112,1696.96,Expensive
LIQUIBAND FIX8 טאקר דבק + בלון אמצעי T10SB + בלון דו צדדי PDBS2 + טרוקר ללא סכין 5 NB5STF,0,0.0,Cheap
LIQUIBAND FIX8 טאקר דבק + בלון אמצעי T10SB + בלון דו צדדי PDBS2 + טרוקר ללא סכין 5 NB5STF,0,0.0,Cheap
LIQUIBAND FIX8 טאקר דבק + בלון אמצעי T10SB + בלון דו צדדי PDBS2 + טרוקר ללא סכין 5 NB5STF,0,0.0,Cheap
LIQUIBAND FIX8 טאקר דבק + בלון אמצעי T10SB + בלון דו צדדי PDBS2 + טרוקר ללא סכין 5 NB5STF,0,0.0,Cheap
LIQUIBAND FIX8 טאקר דבק + בלון אמצעי T10SB + בלון דו צדדי PDBS2 + טרוקר ללא סכין 5 NB5STF,0,0.0,Cheap
LIQUIBAND FIX8 טאקר דבק + בלון אמצעי T10SB + בלון דו צדדי PDBS2 + טרוקר ללא סכין 5 NB5STF,0,0.0,Cheap
LIQUIBAND FIX8 טאקר דבק + בלון אמצעי T10SB + בלון דו צדדי PDBS2 + טרוקר ללא סכין 5 NB5STF,99,1776.96,Expensive
LIQUIBAND FIX8 טאקר דבק + בלון אמצעי T10SB + בלון דו צדדי PDBS2 + טרוקר ללא סכין 5 NB5STF,99,1776.96,Expensive
LIQUIBAND FIX8 טאקר דבק + בלון אמצעי T10SB + בלון דו צדדי PDBS2 + טרוקר ללא סכין 5 NB5STF,99,1776.96,Expensive
LIQUIBAND FIX8 טאקר דבק + בלון אמצעי T10SB + בלון דו צדדי PDBS2 + טרוקר ללא סכין 5 NB5STF,99,1776.96,Expensive
LIQUIBAND FIX8 טאקר דבק + בלון אמצעי T10SB + בלון דו צדדי PDBS2 + טרוקר ללא סכין 5 NB5STF,99,1776.96,Expensive
LIQUIBAND FIX8 טאקר דבק + בלון אמצעי T10SB + בלון דו צדדי PDBS2 + טרוקר ללא סכין 5 NB5STF,99,1776.96,Expensive
LIQUIBAND FIX8 טאקר דבק + בלון אמצעי T10SB + טרוקר ללא סכין 5 NB5STF,0,0.0,Cheap
LIQUIBAND FIX8 טאקר דבק + בלון אמצעי T10SB + טרוקר ללא סכין 5 NB5STF,0,0.0,Cheap
LIQUIBAND FIX8 טאקר דבק + בלון אמצעי T10SB + טרוקר ללא סכין 5 NB5STF,99,1487.96,Expensive
LIQUIBAND FIX8 טאקר דבק + בלון אמצעי T10SB + טרוקר ללא סכין 5 NB5STF,99,1487.96,Expensive
LIQUIBAND FIX8 טאקר דבק + בלון דו צדדי PDBS2 + טרוקר ללא סכין 5 NB5STF,0,0.0,Cheap
LIQUIBAND FIX8 טאקר דבק + בלון דו צדדי PDBS2 + טרוקר ללא סכין 5 NB5STF,0,0.0,Cheap
LIQUIBAND FIX8 טאקר דבק + בלון דו צדדי PDBS2 + טרוקר ללא סכין 5 NB5STF,102,1370.01,Expensive
LIQUIBAND FIX8 טאקר דבק + בלון דו צדדי PDBS2 + טרוקר ללא סכין 5 NB5STF,102,1370.01,Expensive
LIQUIBAND FIX8 טאקר דבק + טרוקר ללא סכין 5 NB5STF,15,1081.01,Cheap
LIQUIBAND FIX8 טאקר דבק + טרוקר ללא סכין 5 NB5STF,110,1081.01,Expensive
MICROVAL 14X10-LEFT + MICROVAL 14X10-RIGHT,46,1001.24,Cheap
MICROVAL 14X10-LEFT + MICROVAL 14X10-RIGHT,46,1001.24,Cheap
MICROVAL 14X10-LEFT + MICROVAL 14X10-RIGHT,104,1004.75,Expensive
MICROVAL 14X10-LEFT + MICROVAL 14X10-RIGHT,104,1004.75,Expensive
MICROVAL 14X10-LEFT + MICROVAL 14X10-RIGHT + בלון אמצעי T10SB,27,1410.15,Cheap
MICROVAL 14X10-LEFT + MICROVAL 14X10-RIGHT + בלון אמצעי T10SB,27,1410.15,Cheap
MICROVAL 14X10-LEFT + MICROVAL 14X10-RIGHT + בלון אמצעי T10SB,27,1410.15,Cheap
MICROVAL 14X10-LEFT + MICROVAL 14X10-RIGHT + בלון אמצעי T10SB,27,1410.15,Cheap
MICROVAL 14X10-LEFT + MICROVAL 14X10-RIGHT + בלון אמצעי T10SB,27,1410.15,Cheap
MICROVAL 14X10-LEFT + MICROVAL 14X10-RIGHT + בלון אמצעי T10SB,104,1411.7,Expensive
MICROVAL 14X10-LEFT + MICROVAL 14X10-RIGHT + בלון אמצעי T10SB,104,1411.7,Expensive
MICROVAL 14X10-LEFT + MICROVAL 14X10-RIGHT + בלון אמצעי T10SB,104,1411.7,Expensive
MICROVAL 14X10-LEFT + MICROVAL 14X10-RIGHT + בלון אמצעי T10SB,104,1411.7,Expensive
MICROVAL 14X10-LEFT + MICROVAL 14X10-RIGHT + בלון אמצעי T10SB,104,1411.7,Expensive
MICROVAL 14X10-LEFT + MICROVAL 14X10-RIGHT + בלון אמצעי T10SB + בלון דו צדדי PDBS2,27,1699.15,Cheap
MICROVAL 14X10-LEFT + MICROVAL 14X10-RIGHT + בלון אמצעי T10SB + בלון דו צדדי PDBS2,27,1699.15,Cheap
MICROVAL 14X10-LEFT + MICROVAL 14X10-RIGHT + בלון אמצעי T10SB + בלון דו צדדי PDBS2,27,1699.15,Cheap
MICROVAL 14X10-LEFT + MICROVAL 14X10-RIGHT + בלון אמצעי T10SB + בלון דו צדדי PDBS2,27,1699.15,Cheap
MICROVAL 14X10-LEFT + MICROVAL 14X10-RIGHT + בלון אמצעי T10SB + בלון דו צדדי PDBS2,27,1699.15,Cheap
MICROVAL 14X10-LEFT + MICROVAL 14X10-RIGHT + בלון אמצעי T10SB + בלון דו צדדי PDBS2,27,1699.15,Cheap
MICROVAL 14X10-LEFT + MICROVAL 14X10-RIGHT + בלון אמצעי T10SB + בלון דו צדדי PDBS2,27,1699.15,Cheap
MICROVAL 14X10-LEFT + MICROVAL 14X10-RIGHT + בלון אמצעי T10SB + בלון דו צדדי PDBS2,27,1699.15,Cheap
MICROVAL 14X10-LEFT + MICROVAL 14X10-RIGHT + בלון אמצעי T10SB + בלון דו צדדי PDBS2,27,1699.15,Cheap
MICROVAL 14X10-LEFT + MICROVAL 14X10-RIGHT + בלון אמצעי T10SB + בלון דו צדדי PDBS2,27,1699.15,Cheap
MICROVAL 14X10-LEFT + MICROVAL 14X10-RIGHT + בלון אמצעי T10SB + בלון דו צדדי PDBS2,27,1699.15,Cheap
MICROVAL 14X10-LEFT + MICROVAL 14X10-RIGHT + בלון אמצעי T10SB + בלון דו צדדי PDBS2,100,1701.0,Expensive
MICROVAL 14X10-LEFT + MICROVAL 14X10-RIGHT + בלון אמצעי T10SB + בלון דו צדדי PDBS2,100,1701.0,Expensive
MICROVAL 14X10-LEFT + MICROVAL 14X10-RIGHT + בלון אמצעי T10SB + בלון דו צדדי PDBS2,100,1701.0,Expensive
MICROVAL 14X10-LEFT + MICROVAL 14X10-RIGHT + בלון אמצעי T10SB + בלון דו צדדי PDBS2,100,1701.0,Expensive
MICROVAL 14X10-LEFT + MICROVAL 14X10-RIGHT + בלון אמצעי T10SB + בלון דו צדדי PDBS2,100,1701.0,Expensive
MICROVAL 14X10-LEFT + MICROVAL 14X10-RIGHT + בלון אמצעי T10SB + בלון דו צדדי PDBS2,100,1701.0,Expensive
MICROVAL 14X10-LEFT + MICROVAL 14X10-RIGHT + בלון אמצעי T10SB + בלון דו צדדי PDBS2,100,1701.0,Expensive
MICROVAL 14X10-LEFT + MICROVAL 14X10-RIGHT + בלון אמצעי T10SB + בלון דו צדדי PDBS2,100,1701.0,Expensive
MICROVAL 14X10-LEFT + MICROVAL 14X10-RIGHT + בלון אמצעי T10SB + בלון דו צדדי PDBS2,100,1701.0,Expensive
MICROVAL 14X10-LEFT + MICROVAL 14X10-RIGHT + בלון אמצעי T10SB + בלון דו צדדי PDBS2,100,1701.0,Expensive
MICROVAL 14X10-LEFT + MICROVAL 14X10-RIGHT + בלון אמצעי T10SB + בלון דו צדדי PDBS2,100,1701.0,Expensive
MICROVAL 14X10-LEFT + MICROVAL 14X10-RIGHT + בלון אמצעי T10SB + בלון דו צדדי PDBS2 + טאקר-10 סיכות MICROVAL,27,2332.75,Cheap
MICROVAL 14X10-LEFT + MICROVAL 14X10-RIGHT + בלון אמצעי T10SB + בלון דו צדדי PDBS2 + טאקר-10 סיכות MICROVAL,27,2332.75,Cheap
MICROVAL 14X10-LEFT + MICROVAL 14X10-RIGHT + בלון אמצעי T10SB + בלון דו צדדי PDBS2 + טאקר-10 סיכות MICROVAL,27,2332.75,Cheap
MICROVAL 14X10-LEFT + MICROVAL 14X10-RIGHT + בלון אמצעי T10SB + בלון דו צדדי PDBS2 + טאקר-10 סיכות MICROVAL,27,2332.75,Cheap
MICROVAL 14X10-LEFT + MICROVAL 14X10-RIGHT + בלון אמצעי T10SB + בלון דו צדדי PDBS2 + טאקר-10 סיכות MICROVAL,27,2332.75,Cheap
MICROVAL 14X10-LEFT + MICROVAL 14X10-RIGHT + בלון אמצעי T10SB + בלון דו צדדי PDBS2 + טאקר-10 סיכות MICROVAL,27,2332.75,Cheap
MICROVAL 14X10-LEFT + MICROVAL 14X10-RIGHT + בלון אמצעי T10SB + בלון דו צדדי PDBS2 + טאקר-10 סיכות MICROVAL,27,2332.75,Cheap
MICROVAL 14X10-LEFT + MICROVAL 14X10-RIGHT + בלון אמצעי T10SB + בלון דו צדדי PDBS2 + טאקר-10 סיכות MICROVAL,27,2332.75,Cheap
MICROVAL 14X10-LEFT + MICROVAL 14X10-RIGHT + בלון אמצעי T10SB + בלון דו צדדי PDBS2 + טאקר-10 סיכות MICROVAL,27,2332.75,Cheap
MICROVAL 14X10-LEFT + MICROVAL 14X10-RIGHT + בלון אמצעי T10SB + בלון דו צדדי PDBS2 + טאקר-10 סיכות MICROVAL,27,2332.75,Cheap
MICROVAL 14X10-LEFT + MICROVAL 14X10-RIGHT + בלון אמצעי T10SB + בלון דו צדדי PDBS2 + טאקר-10 סיכות MICROVAL,27,2332.75,Cheap
MICROVAL 14X10-LEFT + MICROVAL 14X10-RIGHT + בלון אמצעי T10SB + בלון דו צדדי PDBS2 + טאקר-10 סיכות MICROVAL,27,2332.75,Cheap
MICROVAL 14X10-LEFT + MICROVAL 14X10-RIGHT + בלון אמצעי T10SB + בלון דו צדדי PDBS2 + טאקר-10 סיכות MICROVAL,27,2332.75,Cheap
MICROVAL 14X10-LEFT + MICROVAL 14X10-RIGHT + בלון אמצעי T10SB + בלון דו צדדי PDBS2 + טאקר-10 סיכות MICROVAL,27,2332.75,Cheap
MICROVAL 14X10-LEFT + MICROVAL 14X10-RIGHT + בלון אמצעי T10SB + בלון דו צדדי PDBS2 + טאקר-10 סיכות MICROVAL,27,2332.75,Cheap
MICROVAL 14X10-LEFT + MICROVAL 14X10-RIGHT + בלון אמצעי T10SB + בלון דו צדדי PDBS2 + טאקר-10 סיכות MICROVAL,27,2332.75,Cheap
MICROVAL 14X10-LEFT + MICROVAL 14X10-RIGHT + בלון אמצעי T10SB + בלון דו צדדי PDBS2 + טאקר-10 סיכות MICROVAL,27,2332.75,Cheap
MICROVAL 14X10-LEFT + MICROVAL 14X10-RIGHT + בלון אמצעי T10SB + בלון דו צדדי PDBS2 + טאקר-10 סיכות MICROVAL,27,2332.75,Cheap
MICROVAL 14X10-LEFT + MICROVAL 14X10-RIGHT + בלון אמצעי T10SB + בלון דו צדדי PDBS2 + טאקר-10 סיכות MICROVAL,27,2332.75,Cheap
MICROVAL 14X10-LEFT + MICROVAL 14X10-RIGHT + בלון אמצעי T10SB + בלון דו צדדי PDBS2 + טאקר-10 סיכות MICROVAL,27,2332.75,Cheap
MICROVAL 14X10-LEFT + MICROVAL 14X10-RIGHT + בלון אמצעי T10SB + בלון דו צדדי PDBS2 + טאקר-10 סיכות MICROVAL,27,2332.75,Cheap
MICROVAL 14X10-LEFT + MICROVAL 14X10-RIGHT + בלון אמצעי T10SB + בלון דו צדדי PDBS2 + טאקר-10 סיכות MICROVAL,27,2332.75,Cheap
MICROVAL 14X10-LEFT + MICROVAL 14X10-RIGHT + בלון אמצעי T10SB + בלון דו צדדי PDBS2 + טאקר-10 סיכות MICROVAL,27,2332.75,Cheap
MICROVAL 14X10-LEFT + MICROVAL 14X10-RIGHT + בלון אמצעי T10SB + בלון דו צדדי PDBS2 + טאקר-10 סיכות MICROVAL,27,2332.75,Cheap
MICROVAL 14X10-LEFT + MICROVAL 14X10-RIGHT + בלון אמצעי T10SB + בלון דו צדדי PDBS2 + טאקר-10 סיכות MICROVAL,27,2332.75,Cheap
MICROVAL 14X10-LEFT + MICROVAL 14X10-RIGHT + בלון אמצעי T10SB + בלון דו צדדי PDBS2 + טאקר-10 סיכות MICROVAL,27,2332.75,Cheap
MICROVAL 14X10-LEFT + MICROVAL 14X10-RIGHT + בלון אמצעי T10SB + בלון דו צדדי PDBS2 + טאקר-10 סיכות MICROVAL,90,2334.62,Expensive
MICROVAL 14X10-LEFT + MICROVAL 14X10-RIGHT + בלון אמצעי T10SB + בלון דו צדדי PDBS2 + טאקר-10 סיכות MICROVAL,90,2334.62,Expensive
MICROVAL 14X10-LEFT + MICROVAL 14X10-RIGHT + בלון אמצעי T10SB + בלון דו צדדי PDBS2 + טאקר-10 סיכות MICROVAL,90,2334.62,Expensive
MICROVAL 14X10-LEFT + MICROVAL 14X10-RIGHT + בלון אמצעי T10SB + בלון דו צדדי PDBS2 + טאקר-10 סיכות MICROVAL,90,2334.62,Expensive
MICROVAL 14X10-LEFT + MICROVAL 14X10-RIGHT + בלון אמצעי T10SB + בלון דו צדדי PDBS2 + טאקר-10 סיכות MICROVAL,90,2334.62,Expensive
MICROVAL 14X10-LEFT + MICROVAL 14X10-RIGHT + בלון אמצעי T10SB + בלון דו צדדי PDBS2 + טאקר-10 סיכות MICROVAL,90,2334.62,Expensive
MICROVAL 14X10-LEFT + MICROVAL 14X10-RIGHT + בלון אמצעי T10SB + בלון דו צדדי PDBS2 + טאקר-10 סיכות MICROVAL,90,2334.62,Expensive
MICROVAL 14X10-LEFT + MICROVAL 14X10-RIGHT + בלון אמצעי T10SB + בלון דו צדדי PDBS2 + טאקר-10 סיכות MICROVAL,90,2334.62,Expensive
MICROVAL 14X10-LEFT + MICROVAL 14X10-RIGHT + בלון אמצעי T10SB + בלון דו צדדי PDBS2 + טאקר-10 סיכות MICROVAL,90,2334.62,Expensive
MICROVAL 14X10-LEFT + MICROVAL 14X10-RIGHT + בלון אמצעי T10SB + בלון דו צדדי PDBS2 + טאקר-10 סיכות MICROVAL,90,2334.62,Expensive
MICROVAL 14X10-LEFT + MICROVAL 14X10-RIGHT + בלון אמצעי T10SB + בלון דו צדדי PDBS2 + טאקר-10 סיכות MICROVAL,90,2334.62,Expensive
MICROVAL 14X10-LEFT + MICROVAL 14X10-RIGHT + בלון אמצעי T10SB + בלון דו צדדי PDBS2 + טאקר-10 סיכות MICROVAL,90,2334.62,Expensive
MICROVAL 14X10-LEFT + MICROVAL 14X10-RIGHT + בלון אמצעי T10SB + בלון דו צדדי PDBS2 + טאקר-10 סיכות MICROVAL,90,2334.62,Expensive
MICROVAL 14X10-LEFT + MICROVAL 14X10-RIGHT + בלון אמצעי T10SB + בלון דו צדדי PDBS2 + טאקר-10 סיכות MICROVAL,90,2334.62,Expensive
MICROVAL 14X10-LEFT + MICROVAL 14X10-RIGHT + בלון אמצעי T10SB + בלון דו צדדי PDBS2 + טאקר-10 סיכות MICROVAL,90,2334.62,Expensive
MICROVAL 14X10-LEFT + MICROVAL 14X10-RIGHT + בלון אמצעי T10SB + בלון דו צדדי PDBS2 + טאקר-10 סיכות MICROVAL,90,2334.62,Expensive
MICROVAL 14X10-LEFT + MICROVAL 14X10-RIGHT + בלון אמצעי T10SB + בלון דו צדדי PDBS2 + טאקר-10 סיכות MICROVAL,90,2334.62,Expensive
MICROVAL 14X10-LEFT + MICROVAL 14X10-RIGHT + בלון אמצעי T10SB + בלון דו צדדי PDBS2 + טאקר-10 סיכות MICROVAL,90,2334.62,Expensive
MICROVAL 14X10-LEFT + MICROVAL 14X10-RIGHT + בלון אמצעי T10SB + בלון דו צדדי PDBS2 + טאקר-10 סיכות MICROVAL,90,2334.62,Expensive
MICROVAL 14X10-LEFT + MICROVAL 14X10-RIGHT + בלון אמצעי T10SB + בלון דו צדדי PDBS2 + טאקר-10 סיכות MICROVAL,90,2334.62,Expensive
MICROVAL 14X10-LEFT + MICROVAL 14X10-RIGHT + בלון אמצעי T10SB + בלון דו צדדי PDBS2 + טאקר-10 סיכות MICROVAL,90,2334.62,Expensive
MICROVAL 14X10-LEFT + MICROVAL 14X10-RIGHT + בלון אמצעי T10SB + בלון דו צדדי PDBS2 + טאקר-10 סיכות MICROVAL,90,2334.62,Expensive
MICROVAL 14X10-LEFT + MICROVAL 14X10-RIGHT + בלון אמצעי T10SB + בלון דו צדדי PDBS2 + טאקר-10 סיכות MICROVAL,90,2334.62,Expensive
MICROVAL 14X10-LEFT + MICROVAL 14X10-RIGHT + בלון אמצעי T10SB + בלון דו צדדי PDBS2 + טאקר-10 סיכות MICROVAL,90,2334.62,Expensive
MICROVAL 14X10-LEFT + MICROVAL 14X10-RIGHT + בלון אמצעי T10SB + בלון דו צדדי PDBS2 + טאקר-10 סיכות MICROVAL,90,2334.62,Expensive
MICROVAL 14X10-LEFT + MICROVAL 14X10-RIGHT + בלון אמצעי T10SB + בלון דו צדדי PDBS2 + טאקר-10 סיכות MICROVAL,90,2334.62,Expensive
MICROVAL 14X10-LEFT + MICROVAL 14X10-RIGHT + בלון אמצעי T10SB + טאקר-10 סיכות MICROVAL,27,2043.75,Cheap
MICROVAL 14X10-LEFT + MICROVAL 14X10-RIGHT + בלון אמצעי T10SB + טאקר-10 סיכות MICROVAL,27,2043.75,Cheap
MICROVAL 14X10-LEFT + MICROVAL 14X10-RIGHT + בלון אמצעי T10SB + טאקר-10 סיכות MICROVAL,27,2043.75,Cheap
MICROVAL 14X10-LEFT + MICROVAL 14X10-RIGHT + בלון אמצעי T10SB + טאקר-10 סיכות MICROVAL,27,2043.75,Cheap
MICROVAL 14X10-LEFT + MICROVAL 14X10-RIGHT + בלון אמצעי T10SB + טאקר-10 סיכות MICROVAL,27,2043.75,Cheap
MICROVAL 14X10-LEFT + MICROVAL 14X10-RIGHT + בלון אמצעי T10SB + טאקר-10 סיכות MICROVAL,27,2043.75,Cheap
MICROVAL 14X10-LEFT + MICROVAL 14X10-RIGHT + בלון אמצעי T10SB + טאקר-10 סיכות MICROVAL,27,2043.75,Cheap
MICROVAL 14X10-LEFT + MICROVAL 14X10-RIGHT + בלון אמצעי T10SB + טאקר-10 סיכות MICROVAL,27,2043.75,Cheap
MICROVAL 14X10-LEFT + MICROVAL 14X10-RIGHT + בלון אמצעי T10SB + טאקר-10 סיכות MICROVAL,27,2043.75,Cheap
MICROVAL 14X10-LEFT + MICROVAL 14X10-RIGHT + בלון אמצעי T10SB + טאקר-10 סיכות MICROVAL,27,2043.75,Cheap
MICROVAL 14X10-LEFT + MICROVAL 14X10-RIGHT + בלון אמצעי T10SB + טאקר-10 סיכות MICROVAL,27,2043.75,Cheap
MICROVAL 14X10-LEFT + MICROVAL 14X10-RIGHT + בלון אמצעי T10SB + טאקר-10 סיכות MICROVAL,27,2043.75,Cheap
MICROVAL 14X10-LEFT + MICROVAL 14X10-RIGHT + בלון אמצעי T10SB + טאקר-10 סיכות MICROVAL,94,2045.29,Expensive
MICROVAL 14X10-LEFT + MICROVAL 14X10-RIGHT + בלון אמצעי T10SB + טאקר-10 סיכות MICROVAL,94,2045.29,Expensive
MICROVAL 14X10-LEFT + MICROVAL 14X10-RIGHT + בלון אמצעי T10SB + טאקר-10 סיכות MICROVAL,94,2045.29,Expensive
MICROVAL 14X10-LEFT + MICROVAL 14X10-RIGHT + בלון אמצעי T10SB + טאקר-10 סיכות MICROVAL,94,2045.29,Expensive
MICROVAL 14X10-LEFT + MICROVAL 14X10-RIGHT + בלון אמצעי T10SB + טאקר-10 סיכות MICROVAL,94,2045.29,Expensive
MICROVAL 14X10-LEFT + MICROVAL 14X10-RIGHT + בלון אמצעי T10SB + טאקר-10 סיכות MICROVAL,94,2045.29,Expensive
MICROVAL 14X10-LEFT + MICROVAL 14X10-RIGHT + בלון אמצעי T10SB + טאקר-10 סיכות MICROVAL,94,2045.29,Expensive
MICROVAL 14X10-LEFT + MICROVAL 14X10-RIGHT + בלון אמצעי T10SB + טאקר-10 סיכות MICROVAL,94,2045.29,Expensive
MICROVAL 14X10-LEFT + MICROVAL 14X10-RIGHT + בלון אמצעי T10SB + טאקר-10 סיכות MICROVAL,94,2045.29,Expensive
MICROVAL 14X10-LEFT + MICROVAL 14X10-RIGHT + בלון אמצעי T10SB + טאקר-10 סיכות MICROVAL,94,2045.29,Expensive
MICROVAL 14X10-LEFT + MICROVAL 14X10-RIGHT + בלון אמצעי T10SB + טאקר-10 סיכות MICROVAL,94,2045.29,Expensive
MICROVAL 14X10-LEFT + MICROVAL 14X10-RIGHT + בלון אמצעי T10SB + טאקר-10 סיכות MICROVAL,94,2045.29,Expensive
MICROVAL 14X10-LEFT + MICROVAL 14X10-RIGHT + בלון דו צדדי PDBS2,27,1292.2,Cheap
MICROVAL 14X10-LEFT + MICROVAL 14X10-RIGHT + בלון דו צדדי PDBS2,27,1292.2,Cheap
MICROVAL 14X10-LEFT + MICROVAL 14X10-RIGHT + בלון דו צדדי PDBS2,27,1292.2,Cheap
MICROVAL 14X10-LEFT + MICROVAL 14X10-RIGHT + בלון דו צדדי PDBS2,27,1292.2,Cheap
MICROVAL 14X10-LEFT + MICROVAL 14X10-RIGHT + בלון דו צדדי PDBS2,27,1292.2,Cheap
MICROVAL 14X10-LEFT + MICROVAL 14X10-RIGHT + בלון דו צדדי PDBS2,100,1294.05,Expensive
MICROVAL 14X10-LEFT + MICROVAL 14X10-RIGHT + בלון דו צדדי PDBS2,100,1294.05,Expensive
MICROVAL 14X10-LEFT + MICROVAL 14X10-RIGHT + בלון דו צדדי PDBS2,100,1294.05,Expensive
MICROVAL 14X10-LEFT + MICROVAL 14X10-RIGHT + בלון דו צדדי PDBS2,100,1294.05,Expensive
MICROVAL 14X10-LEFT + MICROVAL 14X10-RIGHT + בלון דו צדדי PDBS2,100,1294.05,Expensive
MICROVAL 14X10-LEFT + MICROVAL 14X10-RIGHT + בלון דו צדדי PDBS2 + טאקר-10 סיכות MICROVAL,27,1925.8,Cheap
MICROVAL 14X10-LEFT + MICROVAL 14X10-RIGHT + בלון דו צדדי PDBS2 + טאקר-10 סיכות MICROVAL,27,1925.8,Cheap
MICROVAL 14X10-LEFT + MICROVAL 14X10-RIGHT + בלון דו צדדי PDBS2 + טאקר-10 סיכות MICROVAL,27,1925.8,Cheap
MICROVAL 14X10-LEFT + MICROVAL 14X10-RIGHT + בלון דו צדדי PDBS2 + טאקר-10 סיכות MICROVAL,27,1925.8,Cheap
MICROVAL 14X10-LEFT + MICROVAL 14X10-RIGHT + בלון דו צדדי PDBS2 + טאקר-10 סיכות MICROVAL,27,1925.8,Cheap
MICROVAL 14X10-LEFT + MICROVAL 14X10-RIGHT + בלון דו צדדי PDBS2 + טאקר-10 סיכות MICROVAL,27,1925.8,Cheap
MICROVAL 14X10-LEFT + MICROVAL 14X10-RIGHT + בלון דו צדדי PDBS2 + טאקר-10 סיכות MICROVAL,27,1925.8,Cheap
MICROVAL 14X10-LEFT + MICROVAL 14X10-RIGHT + בלון דו צדדי PDBS2 + טאקר-10 סיכות MICROVAL,27,1925.8,Cheap
MICROVAL 14X10-LEFT + MICROVAL 14X10-RIGHT + בלון דו צדדי PDBS2 + טאקר-10 סיכות MICROVAL,27,1925.8,Cheap
MICROVAL 14X10-LEFT + MICROVAL 14X10-RIGHT + בלון דו צדדי PDBS2 + טאקר-10 סיכות MICROVAL,27,1925.8,Cheap
MICROVAL 14X10-LEFT + MICROVAL 14X10-RIGHT + בלון דו צדדי PDBS2 + טאקר-10 סיכות MICROVAL,27,1925.8,Cheap
MICROVAL 14X10-LEFT + MICROVAL 14X10-RIGHT + בלון דו צדדי PDBS2 + טאקר-10 סיכות MICROVAL,27,1925.8,Cheap
MICROVAL 14X10-LEFT + MICROVAL 14X10-RIGHT + בלון דו צדדי PDBS2 + טאקר-10 סיכות MICROVAL,90,1927.67,Expensive
MICROVAL 14X10-LEFT + MICROVAL 14X10-RIGHT + בלון דו צדדי PDBS2 + טאקר-10 סיכות MICROVAL,90,1927.67,Expensive
MICROVAL 14X10-LEFT + MICROVAL 14X10-RIGHT + בלון דו צדדי PDBS2 + טאקר-10 סיכות MICROVAL,90,1927.67,Expensive
MICROVAL 14X10-LEFT + MICROVAL 14X10-RIGHT + בלון דו צדדי PDBS2 + טאקר-10 סיכות MICROVAL,90,1927.67,Expensive
MICROVAL 14X10-LEFT + MICROVAL 14X10-RIGHT + בלון דו צדדי PDBS2 + טאקר-10 סיכות MICROVAL,90,1927.67,Expensive
MICROVAL 14X10-LEFT + MICROVAL 14X10-RIGHT + בלון דו צדדי PDBS2 + טאקר-10 סיכות MICROVAL,90,1927.67,Expensive
MICROVAL 14X10-LEFT + MICROVAL 14X10-RIGHT + בלון דו צדדי PDBS2 + טאקר-10 סיכות MICROVAL,90,1927.67,Expensive
MICROVAL 14X10-LEFT + MICROVAL 14X10-RIGHT + בלון דו צדדי PDBS2 + טאקר-10 סיכות MICROVAL,90,1927.67,Expensive
MICROVAL 14X10-LEFT + MICROVAL 14X10-RIGHT + בלון דו צדדי PDBS2 + טאקר-10 סיכות MICROVAL,90,1927.67,Expensive
MICROVAL 14X10-LEFT + MICROVAL 14X10-RIGHT + בלון דו צדדי PDBS2 + טאקר-10 סיכות MICROVAL,90,1927.67,Expensive
MICROVAL 14X10-LEFT + MICROVAL 14X10-RIGHT + בלון דו צדדי PDBS2 + טאקר-10 סיכות MICROVAL,90,1927.67,Expensive
MICROVAL 14X10-LEFT + MICROVAL 14X10-RIGHT + בלון דו צדדי PDBS2 + טאקר-10 סיכות MICROVAL,90,1927.67,Expensive
MICROVAL 14X10-LEFT + MICROVAL 14X10-RIGHT + טאקר-10 סיכות MICROVAL,39,1634.98,Cheap
MICROVAL 14X10-LEFT + MICROVAL 14X10-RIGHT + טאקר-10 סיכות MICROVAL,39,1634.98,Cheap
MICROVAL 14X10-LEFT + MICROVAL 14X10-RIGHT + טאקר-10 סיכות MICROVAL,39,1634.98,Cheap
MICROVAL 14X10-LEFT + MICROVAL 14X10-RIGHT + טאקר-10 סיכות MICROVAL,39,1634.98,Cheap
MICROVAL 14X10-LEFT + MICROVAL 14X10-RIGHT + טאקר-10 סיכות MICROVAL,39,1634.98,Cheap
MICROVAL 14X10-LEFT + MICROVAL 14X10-RIGHT + טאקר-10 סיכות MICROVAL,94,1638.34,Expensive
MICROVAL 14X10-LEFT + MICROVAL 14X10-RIGHT + טאקר-10 סיכות MICROVAL,94,1638.34,Expensive
MICROVAL 14X10-LEFT + MICROVAL 14X10-RIGHT + טאקר-10 סיכות MICROVAL,94,1638.34,Expensive
MICROVAL 14X10-LEFT + MICROVAL 14X10-RIGHT + טאקר-10 סיכות MICROVAL,94,1638.34,Expensive
MICROVAL 14X10-LEFT + MICROVAL 14X10-RIGHT + טאקר-10 סיכות MICROVAL,94,1638.34,Expensive
MICROVAL 14X10-LEFT + בלון אמצעי T10SB,27,908.59,Cheap
MICROVAL 14X10-LEFT + בלון אמצעי T10SB,105,910.02,Expensive
MICROVAL 14X10-LEFT + בלון אמצעי T10SB + בלון דו צדדי PDBS2,27,1197.59,Cheap
MICROVAL 14X10-LEFT + בלון אמצעי T10SB + בלון דו צדדי PDBS2,27,1197.59,Cheap
MICROVAL 14X10-LEFT + בלון אמצעי T10SB + בלון דו צדדי PDBS2,27,1197.59,Cheap
MICROVAL 14X10-LEFT + בלון אמצעי T10SB + בלון דו צדדי PDBS2,101,1199.17,Expensive
MICROVAL 14X10-LEFT + בלון אמצעי T10SB + בלון דו צדדי PDBS2,101,1199.17,Expensive
MICROVAL 14X10-LEFT + בלון אמצעי T10SB + בלון דו צדדי PDBS2,101,1199.17,Expensive
MICROVAL 14X10-LEFT + בלון אמצעי T10SB + בלון דו צדדי PDBS2 + טאקר-10 סיכות MICROVAL,27,1831.19,Cheap
MICROVAL 14X10-LEFT + בלון אמצעי T10SB + בלון דו צדדי PDBS2 + טאקר-10 סיכות MICROVAL,27,1831.19,Cheap
MICROVAL 14X10-LEFT + בלון אמצעי T10SB + בלון דו צדדי PDBS2 + טאקר-10 סיכות MICROVAL,27,1831.19,Cheap
MICROVAL 14X10-LEFT + בלון אמצעי T10SB + בלון דו צדדי PDBS2 + טאקר-10 סיכות MICROVAL,27,1831.19,Cheap
MICROVAL 14X10-LEFT + בלון אמצעי T10SB + בלון דו צדדי PDBS2 + טאקר-10 סיכות MICROVAL,27,1831.19,Cheap
MICROVAL 14X10-LEFT + בלון אמצעי T10SB + בלון דו צדדי PDBS2 + טאקר-10 סיכות MICROVAL,27,1831.19,Cheap
MICROVAL 14X10-LEFT + בלון אמצעי T10SB + בלון דו צדדי PDBS2 + טאקר-10 סיכות MICROVAL,27,1831.19,Cheap
MICROVAL 14X10-LEFT + בלון אמצעי T10SB + בלון דו צדדי PDBS2 + טאקר-10 סיכות MICROVAL,27,1831.19,Cheap
MICROVAL 14X10-LEFT + בלון אמצעי T10SB + בלון דו צדדי PDBS2 + טאקר-10 סיכות MICROVAL,27,1831.19,Cheap
MICROVAL 14X10-LEFT + בלון אמצעי T10SB + בלון דו צדדי PDBS2 + טאקר-10 סיכות MICROVAL,27,1831.19,Cheap
MICROVAL 14X10-LEFT + בלון אמצעי T10SB + בלון דו צדדי PDBS2 + טאקר-10 סיכות MICROVAL,91,1832.87,Expensive
MICROVAL 14X10-LEFT + בלון אמצעי T10SB + בלון דו צדדי PDBS2 + טאקר-10 סיכות MICROVAL,91,1832.87,Expensive
MICROVAL 14X10-LEFT + בלון אמצעי T10SB + בלון דו צדדי PDBS2 + טאקר-10 סיכות MICROVAL,91,1832.87,Expensive
MICROVAL 14X10-LEFT + בלון אמצעי T10SB + בלון דו צדדי PDBS2 + טאקר-10 סיכות MICROVAL,91,1832.87,Expensive
MICROVAL 14X10-LEFT + בלון אמצעי T10SB + בלון דו צדדי PDBS2 + טאקר-10 סיכות MICROVAL,91,1832.87,Expensive
MICROVAL 14X10-LEFT + בלון אמצעי T10SB + בלון דו צדדי PDBS2 + טאקר-10 סיכות MICROVAL,91,1832.87,Expensive
MICROVAL 14X10-LEFT + בלון אמצעי T10SB + בלון דו צדדי PDBS2 + טאקר-10 סיכות MICROVAL,91,1832.87,Expensive
MICROVAL 14X10-LEFT + בלון אמצעי T10SB + בלון דו צדדי PDBS2 + טאקר-10 סיכות MICROVAL,91,1832.87,Expensive
MICROVAL 14X10-LEFT + בלון אמצעי T10SB + בלון דו צדדי PDBS2 + טאקר-10 סיכות MICROVAL,91,1832.87,Expensive
MICROVAL 14X10-LEFT + בלון אמצעי T10SB + בלון דו צדדי PDBS2 + טאקר-10 סיכות MICROVAL,91,1832.87,Expensive
MICROVAL 14X10-LEFT + בלון אמצעי T10SB + טאקר-10 סיכות MICROVAL,27,1542.19,Cheap
MICROVAL 14X10-LEFT + בלון אמצעי T10SB + טאקר-10 סיכות MICROVAL,27,1542.19,Cheap
MICROVAL 14X10-LEFT + בלון אמצעי T10SB + טאקר-10 סיכות MICROVAL,27,1542.19,Cheap
MICROVAL 14X10-LEFT + בלון אמצעי T10SB + טאקר-10 סיכות MICROVAL,27,1542.19,Cheap
MICROVAL 14X10-LEFT + בלון אמצעי T10SB + טאקר-10 סיכות MICROVAL,95,1543.7,Expensive
MICROVAL 14X10-LEFT + בלון אמצעי T10SB + טאקר-10 סיכות MICROVAL,95,1543.7,Expensive
MICROVAL 14X10-LEFT + בלון אמצעי T10SB + טאקר-10 סיכות MICROVAL,95,1543.7,Expensive
MICROVAL 14X10-LEFT + בלון אמצעי T10SB + טאקר-10 סיכות MICROVAL,95,1543.7,Expensive
MICROVAL 14X10-LEFT + בלון דו צדדי PDBS2,27,790.64,Cheap
MICROVAL 14X10-LEFT + בלון דו צדדי PDBS2,101,792.22,Expensive
MICROVAL 14X10-LEFT + בלון דו צדדי PDBS2 + טאקר-10 סיכות MICROVAL,27,1424.24,Cheap
MICROVAL 14X10-LEFT + בלון דו צדדי PDBS2 + טאקר-10 סיכות MICROVAL,27,1424.24,Cheap
MICROVAL 14X10-LEFT + בלון דו צדדי PDBS2 + טאקר-10 סיכות MICROVAL,27,1424.24,Cheap
MICROVAL 14X10-LEFT + בלון דו צדדי PDBS2 + טאקר-10 סיכות MICROVAL,27,1424.24,Cheap
MICROVAL 14X10-LEFT + בלון דו צדדי PDBS2 + טאקר-10 סיכות MICROVAL,91,1425.92,Expensive
MICROVAL 14X10-LEFT + בלון דו צדדי PDBS2 + טאקר-10 סיכות MICROVAL,91,1425.92,Expensive
MICROVAL 14X10-LEFT + בלון דו צדדי PDBS2 + טאקר-10 סיכות MICROVAL,91,1425.92,Expensive
MICROVAL 14X10-LEFT + בלון דו צדדי PDBS2 + טאקר-10 סיכות MICROVAL,91,1425.92,Expensive
MICROVAL 14X10-LEFT + טאקר-10 סיכות MICROVAL,44,1134.16,Cheap
MICROVAL 14X10-LEFT + טאקר-10 סיכות MICROVAL,95,1136.75,Expensive
MICROVAL 14X10-RIGHT + בלון אמצעי T10SB,27,908.52,Cheap
MICROVAL 14X10-RIGHT + בלון אמצעי T10SB,106,908.71,Expensive
MICROVAL 14X10-RIGHT + בלון אמצעי T10SB + בלון דו צדדי PDBS2,27,1197.52,Cheap
MICROVAL 14X10-RIGHT + בלון אמצעי T10SB + בלון דו צדדי PDBS2,27,1197.52,Cheap
MICROVAL 14X10-RIGHT + בלון אמצעי T10SB + בלון דו צדדי PDBS2,27,1197.52,Cheap
MICROVAL 14X10-RIGHT + בלון אמצעי T10SB + בלון דו צדדי PDBS2,102,1197.86,Expensive
MICROVAL 14X10-RIGHT + בלון אמצעי T10SB + בלון דו צדדי PDBS2,102,1197.86,Expensive
MICROVAL 14X10-RIGHT + בלון אמצעי T10SB + בלון דו צדדי PDBS2,102,1197.86,Expensive
MICROVAL 14X10-RIGHT + בלון אמצעי T10SB + בלון דו צדדי PDBS2 + טאקר-10 סיכות MICROVAL,27,1831.12,Cheap
MICROVAL 14X10-RIGHT + בלון אמצעי T10SB + בלון דו צדדי PDBS2 + טאקר-10 סיכות MICROVAL,27,1831.12,Cheap
MICROVAL 14X10-RIGHT + בלון אמצעי T10SB + בלון דו צדדי PDBS2 + טאקר-10 סיכות MICROVAL,27,1831.12,Cheap
MICROVAL 14X10-RIGHT + בלון אמצעי T10SB + בלון דו צדדי PDBS2 + טאקר-10 סיכות MICROVAL,27,1831.12,Cheap
MICROVAL 14X10-RIGHT + בלון אמצעי T10SB + בלון דו צדדי PDBS2 + טאקר-10 סיכות MICROVAL,27,1831.12,Cheap
MICROVAL 14X10-RIGHT + בלון אמצעי T10SB + בלון דו צדדי PDBS2 + טאקר-10 סיכות MICROVAL,27,1831.12,Cheap
MICROVAL 14X10-RIGHT + בלון אמצעי T10SB + בלון דו צדדי PDBS2 + טאקר-10 סיכות MICROVAL,27,1831.12,Cheap
MICROVAL 14X10-RIGHT + בלון אמצעי T10SB + בלון דו צדדי PDBS2 + טאקר-10 סיכות MICROVAL,27,1831.12,Cheap
MICROVAL 14X10-RIGHT + בלון אמצעי T10SB + בלון דו צדדי PDBS2 + טאקר-10 סיכות MICROVAL,27,1831.12,Cheap
MICROVAL 14X10-RIGHT + בלון אמצעי T10SB + בלון דו צדדי PDBS2 + טאקר-10 סיכות MICROVAL,27,1831.12,Cheap
MICROVAL 14X10-RIGHT + בלון אמצעי T10SB + בלון דו צדדי PDBS2 + טאקר-10 סיכות MICROVAL,92,1831.38,Expensive
MICROVAL 14X10-RIGHT + בלון אמצעי T10SB + בלון דו צדדי PDBS2 + טאקר-10 סיכות MICROVAL,92,1831.38,Expensive
MICROVAL 14X10-RIGHT + בלון אמצעי T10SB + בלון דו צדדי PDBS2 + טאקר-10 סיכות MICROVAL,92,1831.38,Expensive
MICROVAL 14X10-RIGHT + בלון אמצעי T10SB + בלון דו צדדי PDBS2 + טאקר-10 סיכות MICROVAL,92,1831.38,Expensive
MICROVAL 14X10-RIGHT + בלון אמצעי T10SB + בלון דו צדדי PDBS2 + טאקר-10 סיכות MICROVAL,92,1831.38,Expensive
MICROVAL 14X10-RIGHT + בלון אמצעי T10SB + בלון דו צדדי PDBS2 + טאקר-10 סיכות MICROVAL,92,1831.38,Expensive
MICROVAL 14X10-RIGHT + בלון אמצעי T10SB + בלון דו צדדי PDBS2 + טאקר-10 סיכות MICROVAL,92,1831.38,Expensive
MICROVAL 14X10-RIGHT + בלון אמצעי T10SB + בלון דו צדדי PDBS2 + טאקר-10 סיכות MICROVAL,92,1831.38,Expensive
MICROVAL 14X10-RIGHT + בלון אמצעי T10SB + בלון דו צדדי PDBS2 + טאקר-10 סיכות MICROVAL,92,1831.38,Expensive
MICROVAL 14X10-RIGHT + בלון אמצעי T10SB + בלון דו צדדי PDBS2 + טאקר-10 סיכות MICROVAL,92,1831.38,Expensive
MICROVAL 14X10-RIGHT + בלון אמצעי T10SB + טאקר-10 סיכות MICROVAL,27,1542.12,Cheap
MICROVAL 14X10-RIGHT + בלון אמצעי T10SB + טאקר-10 סיכות MICROVAL,27,1542.12,Cheap
MICROVAL 14X10-RIGHT + בלון אמצעי T10SB + טאקר-10 סיכות MICROVAL,27,1542.12,Cheap
MICROVAL 14X10-RIGHT + בלון אמצעי T10SB + טאקר-10 סיכות MICROVAL,27,1542.12,Cheap
MICROVAL 14X10-RIGHT + בלון אמצעי T10SB + טאקר-10 סיכות MICROVAL,96,1542.22,Expensive
MICROVAL 14X10-RIGHT + בלון אמצעי T10SB + טאקר-10 סיכות MICROVAL,96,1542.22,Expensive
MICROVAL 14X10-RIGHT + בלון אמצעי T10SB + טאקר-10 סיכות MICROVAL,96,1542.22,Expensive
MICROVAL 14X10-RIGHT + בלון אמצעי T10SB + טאקר-10 סיכות MICROVAL,96,1542.22,Expensive
MICROVAL 14X10-RIGHT + בלון דו צדדי PDBS2,27,790.57,Cheap
MICROVAL 14X10-RIGHT + בלון דו צדדי PDBS2,102,790.91,Expensive
MICROVAL 14X10-RIGHT + בלון דו צדדי PDBS2 + טאקר-10 סיכות MICROVAL,27,1424.17,Cheap
MICROVAL 14X10-RIGHT + בלון דו צדדי PDBS2 + טאקר-10 סיכות MICROVAL,27,1424.17,Cheap
MICROVAL 14X10-RIGHT + בלון דו צדדי PDBS2 + טאקר-10 סיכות MICROVAL,27,1424.17,Cheap
MICROVAL 14X10-RIGHT + בלון דו צדדי PDBS2 + טאקר-10 סיכות MICROVAL,27,1424.17,Cheap
MICROVAL 14X10-RIGHT + בלון דו צדדי PDBS2 + טאקר-10 סיכות MICROVAL,92,1424.43,Expensive
MICROVAL 14X10-RIGHT + בלון דו צדדי PDBS2 + טאקר-10 סיכות MICROVAL,92,1424.43,Expensive
MICROVAL 14X10-RIGHT + בלון דו צדדי PDBS2 + טאקר-10 סיכות MICROVAL,92,1424.43,Expensive
MICROVAL 14X10-RIGHT + בלון דו צדדי PDBS2 + טאקר-10 סיכות MICROVAL,92,1424.43,Expensive
MICROVAL 14X10-RIGHT + טאקר-10 סיכות MICROVAL,42,1133.61,Cheap
MICROVAL 14X10-RIGHT + טאקר-10 סיכות MICROVAL,96,1135.27,Expensive
MICROVAL 16X11-LEFT + MICROVAL 16X11-RIGHT,134,1001.91,Cheap
MICROVAL 16X11-LEFT + MICROVAL 16X11-RIGHT,134,1001.91,Cheap
MICROVAL 16X11-LEFT + MICROVAL 16X11-RIGHT,21,1004.58,Expensive
MICROVAL 16X11-LEFT + MICROVAL 16X11-RIGHT,21,1004.58,Expensive
MICROVAL 16X11-LEFT + MICROVAL 16X11-RIGHT + טאקר-10 סיכות MICROVAL,117,1635.4,Cheap
MICROVAL 16X11-LEFT + MICROVAL 16X11-RIGHT + טאקר-10 סיכות MICROVAL,117,1635.4,Cheap
MICROVAL 16X11-LEFT + MICROVAL 16X11-RIGHT + טאקר-10 סיכות MICROVAL,117,1635.4,Cheap
MICROVAL 16X11-LEFT + MICROVAL 16X11-RIGHT + טאקר-10 סיכות MICROVAL,117,1635.4,Cheap
MICROVAL 16X11-LEFT + MICROVAL 16X11-RIGHT + טאקר-10 סיכות MICROVAL,117,1635.4,Cheap
MICROVAL 16X11-LEFT + MICROVAL 16X11-RIGHT + טאקר-10 סיכות MICROVAL,13,1635.12,Expensive
MICROVAL 16X11-LEFT + MICROVAL 16X11-RIGHT + טאקר-10 סיכות MICROVAL,13,1635.12,Expensive
MICROVAL 16X11-LEFT + MICROVAL 16X11-RIGHT + טאקר-10 סיכות MICROVAL,13,1635.12,Expensive
MICROVAL 16X11-LEFT + MICROVAL 16X11-RIGHT + טאקר-10 סיכות MICROVAL,13,1635.12,Expensive
MICROVAL 16X11-LEFT + MICROVAL 16X11-RIGHT + טאקר-10 סיכות MICROVAL,13,1635.12,Expensive
MICROVAL 16X11-LEFT + MICROVAL 16X11-RIGHT + טאקר-10 סיכות MICROVAL + טרוקר אקסל ללא סכין 11 B11LT,115,1710.27,Cheap
MICROVAL 16X11-LEFT + MICROVAL 16X11-RIGHT + טאקר-10 סיכות MICROVAL + טרוקר אקסל ללא סכין 11 B11LT,115,1710.27,Cheap
MICROVAL 16X11-LEFT + MICROVAL 16X11-RIGHT + טאקר-10 סיכות MICROVAL + טרוקר אקסל ללא סכין 11 B11LT,115,1710.27,Cheap
MICROVAL 16X11-LEFT + MICROVAL 16X11-RIGHT + טאקר-10 סיכות MICROVAL + טרוקר אקסל ללא סכין 11 B11LT,115,1710.27,Cheap
MICROVAL 16X11-LEFT + MICROVAL 16X11-RIGHT + טאקר-10 סיכות MICROVAL + טרוקר אקסל ללא סכין 11 B11LT,115,1710.27,Cheap
MICROVAL 16X11-LEFT + MICROVAL 16X11-RIGHT + טאקר-10 סיכות MICROVAL + טרוקר אקסל ללא סכין 11 B11LT,115,1710.27,Cheap
MICROVAL 16X11-LEFT + MICROVAL 16X11-RIGHT + טאקר-10 סיכות MICROVAL + טרוקר אקסל ללא סכין 11 B11LT,115,1710.27,Cheap
MICROVAL 16X11-LEFT + MICROVAL 16X11-RIGHT + טאקר-10 סיכות MICROVAL + טרוקר אקסל ללא סכין 11 B11LT,115,1710.27,Cheap
MICROVAL 16X11-LEFT + MICROVAL 16X11-RIGHT + טאקר-10 סיכות MICROVAL + טרוקר אקסל ללא סכין 11 B11LT,115,1710.27,Cheap
MICROVAL 16X11-LEFT + MICROVAL 16X11-RIGHT + טאקר-10 סיכות MICROVAL + טרוקר אקסל ללא סכין 11 B11LT,115,1710.27,Cheap
MICROVAL 16X11-LEFT + MICROVAL 16X11-RIGHT + טאקר-10 סיכות MICROVAL + טרוקר אקסל ללא סכין 11 B11LT,115,1710.27,Cheap
MICROVAL 16X11-LEFT + MICROVAL 16X11-RIGHT + טאקר-10 סיכות MICROVAL + טרוקר אקסל ללא סכין 11 B11LT,115,1710.27,Cheap
MICROVAL 16X11-LEFT + MICROVAL 16X11-RIGHT + טאקר-10 סיכות MICROVAL + טרוקר אקסל ללא סכין 11 B11LT,1,1675.42,Expensive
MICROVAL 16X11-LEFT + MICROVAL 16X11-RIGHT + טאקר-10 סיכות MICROVAL + טרוקר אקסל ללא סכין 11 B11LT,1,1675.42,Expensive
MICROVAL 16X11-LEFT + MICROVAL 16X11-RIGHT + טאקר-10 סיכות MICROVAL + טרוקר אקסל ללא סכין 11 B11LT,1,1675.42,Expensive
MICROVAL 16X11-LEFT + MICROVAL 16X11-RIGHT + טאקר-10 סיכות MICROVAL + טרוקר אקסל ללא סכין 11 B11LT,1,1675.42,Expensive
MICROVAL 16X11-LEFT + MICROVAL 16X11-RIGHT + טאקר-10 סיכות MICROVAL + טרוקר אקסל ללא סכין 11 B11LT,1,1675.42,Expensive
MICROVAL 16X11-LEFT + MICROVAL 16X11-RIGHT + טאקר-10 סיכות MICROVAL + טרוקר אקסל ללא סכין 11 B11LT,1,1675.42,Expensive
MICROVAL 16X11-LEFT + MICROVAL 16X11-RIGHT + טאקר-10 סיכות MICROVAL + טרוקר אקסל ללא סכין 11 B11LT,1,1675.42,Expensive
MICROVAL 16X11-LEFT + MICROVAL 16X11-RIGHT + טאקר-10 סיכות MICROVAL + טרוקר אקסל ללא סכין 11 B11LT,1,1675.42,Expensive
MICROVAL 16X11-LEFT + MICROVAL 16X11-RIGHT + טאקר-10 סיכות MICROVAL + טרוקר אקסל ללא סכין 11 B11LT,1,1675.42,Expensive
MICROVAL 16X11-LEFT + MICROVAL 16X11-RIGHT + טאקר-10 סיכות MICROVAL + טרוקר אקסל ללא סכין 11 B11LT,1,1675.42,Expensive
MICROVAL 16X11-LEFT + MICROVAL 16X11-RIGHT + טאקר-10 סיכות MICROVAL + טרוקר אקסל ללא סכין 11 B11LT,1,1675.42,Expensive
MICROVAL 16X11-LEFT + MICROVAL 16X11-RIGHT + טאקר-10 סיכות MICROVAL + טרוקר אקסל ללא סכין 11 B11LT,1,1675.42,Expensive
MICROVAL 16X11-LEFT + MICROVAL 16X11-RIGHT + טאקר-10 סיכות MICROVAL + טרוקר אקסל ללא סכין 11 B11LT + טרוקר ללא סכין 5 NB5STF,113,1790.05,Cheap
MICROVAL 16X11-LEFT + MICROVAL 16X11-RIGHT + טאקר-10 סיכות MICROVAL + טרוקר אקסל ללא סכין 11 B11LT + טרוקר ללא סכין 5 NB5STF,113,1790.05,Cheap
MICROVAL 16X11-LEFT + MICROVAL 16X11-RIGHT + טאקר-10 סיכות MICROVAL + טרוקר אקסל ללא סכין 11 B11LT + טרוקר ללא סכין 5 NB5STF,113,1790.05,Cheap
MICROVAL 16X11-LEFT + MICROVAL 16X11-RIGHT + טאקר-10 סיכות MICROVAL + טרוקר אקסל ללא סכין 11 B11LT + טרוקר ללא סכין 5 NB5STF,113,1790.05,Cheap
MICROVAL 16X11-LEFT + MICROVAL 16X11-RIGHT + טאקר-10 סיכות MICROVAL + טרוקר אקסל ללא סכין 11 B11LT + טרוקר ללא סכין 5 NB5STF,113,1790.05,Cheap
MICROVAL 16X11-LEFT + MICROVAL 16X11-RIGHT + טאקר-10 סיכות MICROVAL + טרוקר אקסל ללא סכין 11 B11LT + טרוקר ללא סכין 5 NB5STF,113,1790.05,Cheap
MICROVAL 16X11-LEFT + MICROVAL 16X11-RIGHT + טאקר-10 סיכות MICROVAL + טרוקר אקסל ללא סכין 11 B11LT + טרוקר ללא סכין 5 NB5STF,113,1790.05,Cheap
MICROVAL 16X11-LEFT + MICROVAL 16X11-RIGHT + טאקר-10 סיכות MICROVAL + טרוקר אקסל ללא סכין 11 B11LT + טרוקר ללא סכין 5 NB5STF,113,1790.05,Cheap
MICROVAL 16X11-LEFT + MICROVAL 16X11-RIGHT + טאקר-10 סיכות MICROVAL + טרוקר אקסל ללא סכין 11 B11LT + טרוקר ללא סכין 5 NB5STF,113,1790.05,Cheap
MICROVAL 16X11-LEFT + MICROVAL 16X11-RIGHT + טאקר-10 סיכות MICROVAL + טרוקר אקסל ללא סכין 11 B11LT + טרוקר ללא סכין 5 NB5STF,113,1790.05,Cheap
MICROVAL 16X11-LEFT + MICROVAL 16X11-RIGHT + טאקר-10 סיכות MICROVAL + טרוקר אקסל ללא סכין 11 B11LT + טרוקר ללא סכין 5 NB5STF,113,1790.05,Cheap
MICROVAL 16X11-LEFT + MICROVAL 16X11-RIGHT + טאקר-10 סיכות MICROVAL + טרוקר אקסל ללא סכין 11 B11LT + טרוקר ללא סכין 5 NB5STF,113,1790.05,Cheap
MICROVAL 16X11-LEFT + MICROVAL 16X11-RIGHT + טאקר-10 סיכות MICROVAL + טרוקר אקסל ללא סכין 11 B11LT + טרוקר ללא סכין 5 NB5STF,113,1790.05,Cheap
MICROVAL 16X11-LEFT + MICROVAL 16X11-RIGHT + טאקר-10 סיכות MICROVAL + טרוקר אקסל ללא סכין 11 B11LT + טרוקר ללא סכין 5 NB5STF,113,1790.05,Cheap
MICROVAL 16X11-LEFT + MICROVAL 16X11-RIGHT + טאקר-10 סיכות MICROVAL + טרוקר אקסל ללא סכין 11 B11LT + טרוקר ללא סכין 5 NB5STF,113,1790.05,Cheap
MICROVAL 16X11-LEFT + MICROVAL 16X11-RIGHT + טאקר-10 סיכות MICROVAL + טרוקר אקסל ללא סכין 11 B11LT + טרוקר ללא סכין 5 NB5STF,113,1790.05,Cheap
MICROVAL 16X11-LEFT + MICROVAL 16X11-RIGHT + טאקר-10 סיכות MICROVAL + טרוקר אקסל ללא סכין 11 B11LT + טרוקר ללא סכין 5 NB5STF,113,1790.05,Cheap
MICROVAL 16X11-LEFT + MICROVAL 16X11-RIGHT + טאקר-10 סיכות MICROVAL + טרוקר אקסל ללא סכין 11 B11LT + טרוקר ללא סכין 5 NB5STF,113,1790.05,Cheap
MICROVAL 16X11-LEFT + MICROVAL 16X11-RIGHT + טאקר-10 סיכות MICROVAL + טרוקר אקסל ללא סכין 11 B11LT + טרוקר ללא סכין 5 NB5STF,113,1790.05,Cheap
MICROVAL 16X11-LEFT + MICROVAL 16X11-RIGHT + טאקר-10 סיכות MICROVAL + טרוקר אקסל ללא סכין 11 B11LT + טרוקר ללא סכין 5 NB5STF,113,1790.05,Cheap
MICROVAL 16X11-LEFT + MICROVAL 16X11-RIGHT + טאקר-10 סיכות MICROVAL + טרוקר אקסל ללא סכין 11 B11LT + טרוקר ללא סכין 5 NB5STF,113,1790.05,Cheap
MICROVAL 16X11-LEFT + MICROVAL 16X11-RIGHT + טאקר-10 סיכות MICROVAL + טרוקר אקסל ללא סכין 11 B11LT + טרוקר ללא סכין 5 NB5STF,113,1790.05,Cheap
MICROVAL 16X11-LEFT + MICROVAL 16X11-RIGHT + טאקר-10 סיכות MICROVAL + טרוקר אקסל ללא סכין 11 B11LT + טרוקר ללא סכין 5 NB5STF,113,1790.05,Cheap
MICROVAL 16X11-LEFT + MICROVAL 16X11-RIGHT + טאקר-10 סיכות MICROVAL + טרוקר אקסל ללא סכין 11 B11LT + טרוקר ללא סכין 5 NB5STF,113,1790.05,Cheap
MICROVAL 16X11-LEFT + MICROVAL 16X11-RIGHT + טאקר-10 סיכות MICROVAL + טרוקר אקסל ללא סכין 11 B11LT + טרוקר ללא סכין 5 NB5STF,113,1790.05,Cheap
MICROVAL 16X11-LEFT + MICROVAL 16X11-RIGHT + טאקר-10 סיכות MICROVAL + טרוקר אקסל ללא סכין 11 B11LT + טרוקר ללא סכין 5 NB5STF,113,1790.05,Cheap
MICROVAL 16X11-LEFT + MICROVAL 16X11-RIGHT + טאקר-10 סיכות MICROVAL + טרוקר אקסל ללא סכין 11 B11LT + טרוקר ללא סכין 5 NB5STF,0,0.0,Expensive
MICROVAL 16X11-LEFT + MICROVAL 16X11-RIGHT + טאקר-10 סיכות MICROVAL + טרוקר אקסל ללא סכין 11 B11LT + טרוקר ללא סכין 5 NB5STF,0,0.0,Expensive
MICROVAL 16X11-LEFT + MICROVAL 16X11-RIGHT + טאקר-10 סיכות MICROVAL + טרוקר אקסל ללא סכין 11 B11LT + טרוקר ללא סכין 5 NB5STF,0,0.0,Expensive
MICROVAL 16X11-LEFT + MICROVAL 16X11-RIGHT + טאקר-10 סיכות MICROVAL + טרוקר אקסל ללא סכין 11 B11LT + טרוקר ללא סכין 5 NB5STF,0,0.0,Expensive
MICROVAL 16X11-LEFT + MICROVAL 16X11-RIGHT + טאקר-10 סיכות MICROVAL + טרוקר אקסל ללא סכין 11 B11LT + טרוקר ללא סכין 5 NB5STF,0,0.0,Expensive
MICROVAL 16X11-LEFT + MICROVAL 16X11-RIGHT + טאקר-10 סיכות MICROVAL + טרוקר אקסל ללא סכין 11 B11LT + טרוקר ללא סכין 5 NB5STF,0,0.0,Expensive
MICROVAL 16X11-LEFT + MICROVAL 16X11-RIGHT + טאקר-10 סיכות MICROVAL + טרוקר אקסל ללא סכין 11 B11LT + טרוקר ללא סכין 5 NB5STF,0,0.0,Expensive
MICROVAL 16X11-LEFT + MICROVAL 16X11-RIGHT + טאקר-10 סיכות MICROVAL + טרוקר אקסל ללא סכין 11 B11LT + טרוקר ללא סכין 5 NB5STF,0,0.0,Expensive
MICROVAL 16X11-LEFT + MICROVAL 16X11-RIGHT + טאקר-10 סיכות MICROVAL + טרוקר אקסל ללא סכין 11 B11LT + טרוקר ללא סכין 5 NB5STF,0,0.0,Expensive
MICROVAL 16X11-LEFT + MICROVAL 16X11-RIGHT + טאקר-10 סיכות MICROVAL + טרוקר אקסל ללא סכין 11 B11LT + טרוקר ללא סכין 5 NB5STF,0,0.0,Expensive
MICROVAL 16X11-LEFT + MICROVAL 16X11-RIGHT + טאקר-10 סיכות MICROVAL + טרוקר אקסל ללא סכין 11 B11LT + טרוקר ללא סכין 5 NB5STF,0,0.0,Expensive
MICROVAL 16X11-LEFT + MICROVAL 16X11-RIGHT + טאקר-10 סיכות MICROVAL + טרוקר אקסל ללא סכין 11 B11LT + טרוקר ללא סכין 5 NB5STF,0,0.0,Expensive
MICROVAL 16X11-LEFT + MICROVAL 16X11-RIGHT + טאקר-10 סיכות MICROVAL + טרוקר אקסל ללא סכין 11 B11LT + טרוקר ללא סכין 5 NB5STF,0,0.0,Expensive
MICROVAL 16X11-LEFT + MICROVAL 16X11-RIGHT + טאקר-10 סיכות MICROVAL + טרוקר אקסל ללא סכין 11 B11LT + טרוקר ללא סכין 5 NB5STF,0,0.0,Expensive
MICROVAL 16X11-LEFT + MICROVAL 16X11-RIGHT + טאקר-10 סיכות MICROVAL + טרוקר אקסל ללא סכין 11 B11LT + טרוקר ללא סכין 5 NB5STF,0,0.0,Expensive
MICROVAL 16X11-LEFT + MICROVAL 16X11-RIGHT + טאקר-10 סיכות MICROVAL + טרוקר אקסל ללא סכין 11 B11LT + טרוקר ללא סכין 5 NB5STF,0,0.0,Expensive
MICROVAL 16X11-LEFT + MICROVAL 16X11-RIGHT + טאקר-10 סיכות MICROVAL + טרוקר אקסל ללא סכין 11 B11LT + טרוקר ללא סכין 5 NB5STF,0,0.0,Expensive
MICROVAL 16X11-LEFT + MICROVAL 16X11-RIGHT + טאקר-10 סיכות MICROVAL + טרוקר אקסל ללא סכין 11 B11LT + טרוקר ללא סכין 5 NB5STF,0,0.0,Expensive
MICROVAL 16X11-LEFT + MICROVAL 16X11-RIGHT + טאקר-10 סיכות MICROVAL + טרוקר אקסל ללא סכין 11 B11LT + טרוקר ללא סכין 5 NB5STF,0,0.0,Expensive
MICROVAL 16X11-LEFT + MICROVAL 16X11-RIGHT + טאקר-10 סיכות MICROVAL + טרוקר אקסל ללא סכין 11 B11LT + טרוקר ללא סכין 5 NB5STF,0,0.0,Expensive
MICROVAL 16X11-LEFT + MICROVAL 16X11-RIGHT + טאקר-10 סיכות MICROVAL + טרוקר אקסל ללא סכין 11 B11LT + טרוקר ללא סכין 5 NB5STF,0,0.0,Expensive
MICROVAL 16X11-LEFT + MICROVAL 16X11-RIGHT + טאקר-10 סיכות MICROVAL + טרוקר אקסל ללא סכין 11 B11LT + טרוקר ללא סכין 5 NB5STF,0,0.0,Expensive
MICROVAL 16X11-LEFT + MICROVAL 16X11-RIGHT + טאקר-10 סיכות MICROVAL + טרוקר אקסל ללא סכין 11 B11LT + טרוקר ללא סכין 5 NB5STF,0,0.0,Expensive
MICROVAL 16X11-LEFT + MICROVAL 16X11-RIGHT + טאקר-10 סיכות MICROVAL + טרוקר אקסל ללא סכין 11 B11LT + טרוקר ללא סכין 5 NB5STF,0,0.0,Expensive
MICROVAL 16X11-LEFT + MICROVAL 16X11-RIGHT + טאקר-10 סיכות MICROVAL + טרוקר אקסל ללא סכין 11 B11LT + טרוקר ללא סכין 5 NB5STF,0,0.0,Expensive
MICROVAL 16X11-LEFT + MICROVAL 16X11-RIGHT + טאקר-10 סיכות MICROVAL + טרוקר אקסל ללא סכין 11 B11LT + טרוקר ללא סכין 5 NB5STF,0,0.0,Expensive
MICROVAL 16X11-LEFT + MICROVAL 16X11-RIGHT + טאקר-10 סיכות MICROVAL + טרוקר ללא סכין 5 NB5STF,115,1715.19,Cheap
MICROVAL 16X11-LEFT + MICROVAL 16X11-RIGHT + טאקר-10 סיכות MICROVAL + טרוקר ללא סכין 5 NB5STF,115,1715.19,Cheap
MICROVAL 16X11-LEFT + MICROVAL 16X11-RIGHT + טאקר-10 סיכות MICROVAL + טרוקר ללא סכין 5 NB5STF,115,1715.19,Cheap
MICROVAL 16X11-LEFT + MICROVAL 16X11-RIGHT + טאקר-10 סיכות MICROVAL + טרוקר ללא סכין 5 NB5STF,115,1715.19,Cheap
MICROVAL 16X11-LEFT + MICROVAL 16X11-RIGHT + טאקר-10 סיכות MICROVAL + טרוקר ללא סכין 5 NB5STF,115,1715.19,Cheap
MICROVAL 16X11-LEFT + MICROVAL 16X11-RIGHT + טאקר-10 סיכות MICROVAL + טרוקר ללא סכין 5 NB5STF,115,1715.19,Cheap
MICROVAL 16X11-LEFT + MICROVAL 16X11-RIGHT + טאקר-10 סיכות MICROVAL + טרוקר ללא סכין 5 NB5STF,115,1715.19,Cheap
MICROVAL 16X11-LEFT + MICROVAL 16X11-RIGHT + טאקר-10 סיכות MICROVAL + טרוקר ללא סכין 5 NB5STF,115,1715.19,Cheap
MICROVAL 16X11-LEFT + MICROVAL 16X11-RIGHT + טאקר-10 סיכות MICROVAL + טרוקר ללא סכין 5 NB5STF,115,1715.19,Cheap
MICROVAL 16X11-LEFT + MICROVAL 16X11-RIGHT + טאקר-10 סיכות MICROVAL + טרוקר ללא סכין 5 NB5STF,115,1715.19,Cheap
MICROVAL 16X11-LEFT + MICROVAL 16X11-RIGHT + טאקר-10 סיכות MICROVAL + טרוקר ללא סכין 5 NB5STF,115,1715.19,Cheap
MICROVAL 16X11-LEFT + MICROVAL 16X11-RIGHT + טאקר-10 סיכות MICROVAL + טרוקר ללא סכין 5 NB5STF,115,1715.19,Cheap
MICROVAL 16X11-LEFT + MICROVAL 16X11-RIGHT + טאקר-10 סיכות MICROVAL + טרוקר ללא סכין 5 NB5STF,1,1716.63,Expensive
MICROVAL 16X11-LEFT + MICROVAL 16X11-RIGHT + טאקר-10 סיכות MICROVAL + טרוקר ללא סכין 5 NB5STF,1,1716.63,Expensive
MICROVAL 16X11-LEFT + MICROVAL 16X11-RIGHT + טאקר-10 סיכות MICROVAL + טרוקר ללא סכין 5 NB5STF,1,1716.63,Expensive
MICROVAL 16X11-LEFT + MICROVAL 16X11-RIGHT + טאקר-10 סיכות MICROVAL + טרוקר ללא סכין 5 NB5STF,1,1716.63,Expensive
MICROVAL 16X11-LEFT + MICROVAL 16X11-RIGHT + טאקר-10 סיכות MICROVAL + טרוקר ללא סכין 5 NB5STF,1,1716.63,Expensive
MICROVAL 16X11-LEFT + MICROVAL 16X11-RIGHT + טאקר-10 סיכות MICROVAL + טרוקר ללא סכין 5 NB5STF,1,1716.63,Expensive
MICROVAL 16X11-LEFT + MICROVAL 16X11-RIGHT + טאקר-10 סיכות MICROVAL + טרוקר ללא סכין 5 NB5STF,1,1716.63,Expensive
MICROVAL 16X11-LEFT + MICROVAL 16X11-RIGHT + טאקר-10 סיכות MICROVAL + טרוקר ללא סכין 5 NB5STF,1,1716.63,Expensive
MICROVAL 16X11-LEFT + MICROVAL 16X11-RIGHT + טאקר-10 סיכות MICROVAL + טרוקר ללא סכין 5 NB5STF,1,1716.63,Expensive
MICROVAL 16X11-LEFT + MICROVAL 16X11-RIGHT + טאקר-10 סיכות MICROVAL + טרוקר ללא סכין 5 NB5STF,1,1716.63,Expensive
MICROVAL 16X11-LEFT + MICROVAL 16X11-RIGHT + טאקר-10 סיכות MICROVAL + טרוקר ללא סכין 5 NB5STF,1,1716.63,Expensive
MICROVAL 16X11-LEFT + MICROVAL 16X11-RIGHT + טאקר-10 סיכות MICROVAL + טרוקר ללא סכין 5 NB5STF,1,1716.63,Expensive
MICROVAL 16X11-LEFT + MICROVAL 16X11-RIGHT + טרוקר אקסל ללא סכין 11 B11LT,132,1076.8,Cheap
MICROVAL 16X11-LEFT + MICROVAL 16X11-RIGHT + טרוקר אקסל ללא סכין 11 B11LT,132,1076.8,Cheap
MICROVAL 16X11-LEFT + MICROVAL 16X11-RIGHT + טרוקר אקסל ללא סכין 11 B11LT,132,1076.8,Cheap
MICROVAL 16X11-LEFT + MICROVAL 16X11-RIGHT + טרוקר אקסל ללא סכין 11 B11LT,132,1076.8,Cheap
MICROVAL 16X11-LEFT + MICROVAL 16X11-RIGHT + טרוקר אקסל ללא סכין 11 B11LT,132,1076.8,Cheap
MICROVAL 16X11-LEFT + MICROVAL 16X11-RIGHT + טרוקר אקסל ללא סכין 11 B11LT,1,1041.82,Expensive
MICROVAL 16X11-LEFT + MICROVAL 16X11-RIGHT + טרוקר אקסל ללא סכין 11 B11LT,1,1041.82,Expensive
MICROVAL 16X11-LEFT + MICROVAL 16X11-RIGHT + טרוקר אקסל ללא סכין 11 B11LT,1,1041.82,Expensive
MICROVAL 16X11-LEFT + MICROVAL 16X11-RIGHT + טרוקר אקסל ללא סכין 11 B11LT,1,1041.82,Expensive
MICROVAL 16X11-LEFT + MICROVAL 16X11-RIGHT + טרוקר אקסל ללא סכין 11 B11LT,1,1041.82,Expensive
MICROVAL 16X11-LEFT + MICROVAL 16X11-RIGHT + טרוקר אקסל ללא סכין 11 B11LT + טרוקר ללא סכין 5 NB5STF,126,1156.27,Cheap
MICROVAL 16X11-LEFT + MICROVAL 16X11-RIGHT + טרוקר אקסל ללא סכין 11 B11LT + טרוקר ללא סכין 5 NB5STF,126,1156.27,Cheap
MICROVAL 16X11-LEFT + MICROVAL 16X11-RIGHT + טרוקר אקסל ללא סכין 11 B11LT + טרוקר ללא סכין 5 NB5STF,126,1156.27,Cheap
MICROVAL 16X11-LEFT + MICROVAL 16X11-RIGHT + טרוקר אקסל ללא סכין 11 B11LT + טרוקר ללא סכין 5 NB5STF,126,1156.27,Cheap
MICROVAL 16X11-LEFT + MICROVAL 16X11-RIGHT + טרוקר אקסל ללא סכין 11 B11LT + טרוקר ללא סכין 5 NB5STF,126,1156.27,Cheap
MICROVAL 16X11-LEFT + MICROVAL 16X11-RIGHT + טרוקר אקסל ללא סכין 11 B11LT + טרוקר ללא סכין 5 NB5STF,126,1156.27,Cheap
MICROVAL 16X11-LEFT + MICROVAL 16X11-RIGHT + טרוקר אקסל ללא סכין 11 B11LT + טרוקר ללא סכין 5 NB5STF,126,1156.27,Cheap
MICROVAL 16X11-LEFT + MICROVAL 16X11-RIGHT + טרוקר אקסל ללא סכין 11 B11LT + טרוקר ללא סכין 5 NB5STF,126,1156.27,Cheap
MICROVAL 16X11-LEFT + MICROVAL 16X11-RIGHT + טרוקר אקסל ללא סכין 11 B11LT + טרוקר ללא סכין 5 NB5STF,126,1156.27,Cheap
MICROVAL 16X11-LEFT + MICROVAL 16X11-RIGHT + טרוקר אקסל ללא סכין 11 B11LT + טרוקר ללא סכין 5 NB5STF,126,1156.27,Cheap
MICROVAL 16X11-LEFT + MICROVAL 16X11-RIGHT + טרוקר אקסל ללא סכין 11 B11LT + טרוקר ללא סכין 5 NB5STF,126,1156.27,Cheap
MICROVAL 16X11-LEFT + MICROVAL 16X11-RIGHT + טרוקר אקסל ללא סכין 11 B11LT + טרוקר ללא סכין 5 NB5STF,0,0.0,Expensive
MICROVAL 16X11-LEFT + MICROVAL 16X11-RIGHT + טרוקר אקסל ללא סכין 11 B11LT + טרוקר ללא סכין 5 NB5STF,0,0.0,Expensive
MICROVAL 16X11-LEFT + MICROVAL 16X11-RIGHT + טרוקר אקסל ללא סכין 11 B11LT + טרוקר ללא סכין 5 NB5STF,0,0.0,Expensive
MICROVAL 16X11-LEFT + MICROVAL 16X11-RIGHT + טרוקר אקסל ללא סכין 11 B11LT + טרוקר ללא סכין 5 NB5STF,0,0.0,Expensive
MICROVAL 16X11-LEFT + MICROVAL 16X11-RIGHT + טרוקר אקסל ללא סכין 11 B11LT + טרוקר ללא סכין 5 NB5STF,0,0.0,Expensive
MICROVAL 16X11-LEFT + MICROVAL 16X11-RIGHT + טרוקר אקסל ללא סכין 11 B11LT + טרוקר ללא סכין 5 NB5STF,0,0.0,Expensive
MICROVAL 16X11-LEFT + MICROVAL 16X11-RIGHT + טרוקר אקסל ללא סכין 11 B11LT + טרוקר ללא סכין 5 NB5STF,0,0.0,Expensive
MICROVAL 16X11-LEFT + MICROVAL 16X11-RIGHT + טרוקר אקסל ללא סכין 11 B11LT + טרוקר ללא סכין 5 NB5STF,0,0.0,Expensive
MICROVAL 16X11-LEFT + MICROVAL 16X11-RIGHT + טרוקר אקסל ללא סכין 11 B11LT + טרוקר ללא סכין 5 NB5STF,0,0.0,Expensive
MICROVAL 16X11-LEFT + MICROVAL 16X11-RIGHT + טרוקר אקסל ללא סכין 11 B11LT + טרוקר ללא סכין 5 NB5STF,0,0.0,Expensive
MICROVAL 16X11-LEFT + MICROVAL 16X11-RIGHT + טרוקר אקסל ללא סכין 11 B11LT + טרוקר ללא סכין 5 NB5STF,0,0.0,Expensive
MICROVAL 16X11-LEFT + MICROVAL 16X11-RIGHT + טרוקר ללא סכין 5 NB5STF,128,1081.39,Cheap
MICROVAL 16X11-LEFT + MICROVAL 16X11-RIGHT + טרוקר ללא סכין 5 NB5STF,128,1081.39,Cheap
MICROVAL 16X11-LEFT + MICROVAL 16X11-RIGHT + טרוקר ללא סכין 5 NB5STF,128,1081.39,Cheap
MICROVAL 16X11-LEFT + MICROVAL 16X11-RIGHT + טרוקר ללא סכין 5 NB5STF,128,1081.39,Cheap
MICROVAL 16X11-LEFT + MICROVAL 16X11-RIGHT + טרוקר ללא סכין 5 NB5STF,128,1081.39,Cheap
MICROVAL 16X11-LEFT + MICROVAL 16X11-RIGHT + טרוקר ללא סכין 5 NB5STF,2,1083.03,Expensive
MICROVAL 16X11-LEFT + MICROVAL 16X11-RIGHT + טרוקר ללא סכין 5 NB5STF,2,1083.03,Expensive
MICROVAL 16X11-LEFT + MICROVAL 16X11-RIGHT + טרוקר ללא סכין 5 NB5STF,2,1083.03,Expensive
MICROVAL 16X11-LEFT + MICROVAL 16X11-RIGHT + טרוקר ללא סכין 5 NB5STF,2,1083.03,Expensive
MICROVAL 16X11-LEFT + MICROVAL 16X11-RIGHT + טרוקר ללא סכין 5 NB5STF,2,1083.03,Expensive
MICROVAL 16X11-LEFT + טאקר-10 סיכות MICROVAL,120,1134.25,Cheap
MICROVAL 16X11-LEFT + טאקר-10 סיכות MICROVAL,14,1134.2,Expensive
MICROVAL 16X11-LEFT + טאקר-10 סיכות MICROVAL + טרוקר אקסל ללא סכין 11 B11LT,118,1209.19,Cheap
MICROVAL 16X11-LEFT + טאקר-10 סיכות MICROVAL + טרוקר אקסל ללא סכין 11 B11LT,118,1209.19,Cheap
MICROVAL 16X11-LEFT + טאקר-10 סיכות MICROVAL + טרוקר אקסל ללא סכין 11 B11LT,118,1209.19,Cheap
MICROVAL 16X11-LEFT + טאקר-10 סיכות MICROVAL + טרוקר אקסל ללא סכין 11 B11LT,118,1209.19,Cheap
MICROVAL 16X11-LEFT + טאקר-10 סיכות MICROVAL + טרוקר אקסל ללא סכין 11 B11LT,1,1194.02,Expensive
MICROVAL 16X11-LEFT + טאקר-10 סיכות MICROVAL + טרוקר אקסל ללא סכין 11 B11LT,1,1194.02,Expensive
MICROVAL 16X11-LEFT + טאקר-10 סיכות MICROVAL + טרוקר אקסל ללא סכין 11 B11LT,1,1194.02,Expensive
MICROVAL 16X11-LEFT + טאקר-10 סיכות MICROVAL + טרוקר אקסל ללא סכין 11 B11LT,1,1194.02,Expensive
MICROVAL 16X11-LEFT + טאקר-10 סיכות MICROVAL + טרוקר אקסל ללא סכין 11 B11LT + טרוקר ללא סכין 5 NB5STF,116,1289.07,Cheap
MICROVAL 16X11-LEFT + טאקר-10 סיכות MICROVAL + טרוקר אקסל ללא סכין 11 B11LT + טרוקר ללא סכין 5 NB5STF,116,1289.07,Cheap
MICROVAL 16X11-LEFT + טאקר-10 סיכות MICROVAL + טרוקר אקסל ללא סכין 11 B11LT + טרוקר ללא סכין 5 NB5STF,116,1289.07,Cheap
MICROVAL 16X11-LEFT + טאקר-10 סיכות MICROVAL + טרוקר אקסל ללא סכין 11 B11LT + טרוקר ללא סכין 5 NB5STF,116,1289.07,Cheap
MICROVAL 16X11-LEFT + טאקר-10 סיכות MICROVAL + טרוקר אקסל ללא סכין 11 B11LT + טרוקר ללא סכין 5 NB5STF,116,1289.07,Cheap
MICROVAL 16X11-LEFT + טאקר-10 סיכות MICROVAL + טרוקר אקסל ללא סכין 11 B11LT + טרוקר ללא סכין 5 NB5STF,116,1289.07,Cheap
MICROVAL 16X11-LEFT + טאקר-10 סיכות MICROVAL + טרוקר אקסל ללא סכין 11 B11LT + טרוקר ללא סכין 5 NB5STF,116,1289.07,Cheap
MICROVAL 16X11-LEFT + טאקר-10 סיכות MICROVAL + טרוקר אקסל ללא סכין 11 B11LT + טרוקר ללא סכין 5 NB5STF,116,1289.07,Cheap
MICROVAL 16X11-LEFT + טאקר-10 סיכות MICROVAL + טרוקר אקסל ללא סכין 11 B11LT + טרוקר ללא סכין 5 NB5STF,116,1289.07,Cheap
MICROVAL 16X11-LEFT + טאקר-10 סיכות MICROVAL + טרוקר אקסל ללא סכין 11 B11LT + טרוקר ללא סכין 5 NB5STF,116,1289.07,Cheap
MICROVAL 16X11-LEFT + טאקר-10 סיכות MICROVAL + טרוקר אקסל ללא סכין 11 B11LT + טרוקר ללא סכין 5 NB5STF,0,0.0,Expensive
MICROVAL 16X11-LEFT + טאקר-10 סיכות MICROVAL + טרוקר אקסל ללא סכין 11 B11LT + טרוקר ללא סכין 5 NB5STF,0,0.0,Expensive
MICROVAL 16X11-LEFT + טאקר-10 סיכות MICROVAL + טרוקר אקסל ללא סכין 11 B11LT + טרוקר ללא סכין 5 NB5STF,0,0.0,Expensive
MICROVAL 16X11-LEFT + טאקר-10 סיכות MICROVAL + טרוקר אקסל ללא סכין 11 B11LT + טרוקר ללא סכין 5 NB5STF,0,0.0,Expensive
MICROVAL 16X11-LEFT + טאקר-10 סיכות MICROVAL + טרוקר אקסל ללא סכין 11 B11LT + טרוקר ללא סכין 5 NB5STF,0,0.0,Expensive
MICROVAL 16X11-LEFT + טאקר-10 סיכות MICROVAL + טרוקר אקסל ללא סכין 11 B11LT + טרוקר ללא סכין 5 NB5STF,0,0.0,Expensive
MICROVAL 16X11-LEFT + טאקר-10 סיכות MICROVAL + טרוקר אקסל ללא סכין 11 B11LT + טרוקר ללא סכין 5 NB5STF,0,0.0,Expensive
MICROVAL 16X11-LEFT + טאקר-10 סיכות MICROVAL + טרוקר אקסל ללא סכין 11 B11LT + טרוקר ללא סכין 5 NB5STF,0,0.0,Expensive
MICROVAL 16X11-LEFT + טאקר-10 סיכות MICROVAL + טרוקר אקסל ללא סכין 11 B11LT + טרוקר ללא סכין 5 NB5STF,0,0.0,Expensive
MICROVAL 16X11-LEFT + טאקר-10 סיכות MICROVAL + טרוקר אקסל ללא סכין 11 B11LT + טרוקר ללא סכין 5 NB5STF,0,0.0,Expensive
MICROVAL 16X11-LEFT + טאקר-10 סיכות MICROVAL + טרוקר ללא סכין 5 NB5STF,118,1214.14,Cheap
MICROVAL 16X11-LEFT + טאקר-10 סיכות MICROVAL + טרוקר ללא סכין 5 NB5STF,118,1214.14,Cheap
MICROVAL 16X11-LEFT + טאקר-10 סיכות MICROVAL + טרוקר ללא סכין 5 NB5STF,118,1214.14,Cheap
MICROVAL 16X11-LEFT + טאקר-10 סיכות MICROVAL + טרוקר ללא סכין 5 NB5STF,118,1214.14,Cheap
MICROVAL 16X11-LEFT + טאקר-10 סיכות MICROVAL + טרוקר ללא סכין 5 NB5STF,1,1213.71,Expensive
MICROVAL 16X11-LEFT + טאקר-10 סיכות MICROVAL + טרוקר ללא סכין 5 NB5STF,1,1213.71,Expensive
MICROVAL 16X11-LEFT + טאקר-10 סיכות MICROVAL + טרוקר ללא סכין 5 NB5STF,1,1213.71,Expensive
MICROVAL 16X11-LEFT + טאקר-10 סיכות MICROVAL + טרוקר ללא סכין 5 NB5STF,1,1213.71,Expensive
MICROVAL 16X11-LEFT + טרוקר אקסל ללא סכין 11 B11LT,135,575.78,Cheap
MICROVAL 16X11-LEFT + טרוקר אקסל ללא סכין 11 B11LT,1,560.42,Expensive
MICROVAL 16X11-LEFT + טרוקר אקסל ללא סכין 11 B11LT + טרוקר ללא סכין 5 NB5STF,129,655.51,Cheap
MICROVAL 16X11-LEFT + טרוקר אקסל ללא סכין 11 B11LT + טרוקר ללא סכין 5 NB5STF,129,655.51,Cheap
MICROVAL 16X11-LEFT + טרוקר אקסל ללא סכין 11 B11LT + טרוקר ללא סכין 5 NB5STF,129,655.51,Cheap
MICROVAL 16X11-LEFT + טרוקר אקסל ללא סכין 11 B11LT + טרוקר ללא סכין 5 NB5STF,0,0.0,Expensive
MICROVAL 16X11-LEFT + טרוקר אקסל ללא סכין 11 B11LT + טרוקר ללא סכין 5 NB5STF,0,0.0,Expensive
MICROVAL 16X11-LEFT + טרוקר אקסל ללא סכין 11 B11LT + טרוקר ללא סכין 5 NB5STF,0,0.0,Expensive
MICROVAL 16X11-LEFT + טרוקר ללא סכין 5 NB5STF,131,580.56,Cheap
MICROVAL 16X11-LEFT + טרוקר ללא סכין 5 NB5STF,2,580.11,Expensive
MICROVAL 16X11-RIGHT + טאקר-10 סיכות MICROVAL,123,1134.41,Cheap
MICROVAL 16X11-RIGHT + טאקר-10 סיכות MICROVAL,13,1134.48,Expensive
MICROVAL 16X11-RIGHT + טאקר-10 סיכות MICROVAL + טרוקר אקסל ללא סכין 11 B11LT,121,1209.35,Cheap
MICROVAL 16X11-RIGHT + טאקר-10 סיכות MICROVAL + טרוקר אקסל ללא סכין 11 B11LT,121,1209.35,Cheap
MICROVAL 16X11-RIGHT + טאקר-10 סיכות MICROVAL + טרוקר אקסל ללא סכין 11 B11LT,121,1209.35,Cheap
MICROVAL 16X11-RIGHT + טאקר-10 סיכות MICROVAL + טרוקר אקסל ללא סכין 11 B11LT,121,1209.35,Cheap
MICROVAL 16X11-RIGHT + טאקר-10 סיכות MICROVAL + טרוקר אקסל ללא סכין 11 B11LT,1,1190.0,Expensive
MICROVAL 16X11-RIGHT + טאקר-10 סיכות MICROVAL + טרוקר אקסל ללא סכין 11 B11LT,1,1190.0,Expensive
MICROVAL 16X11-RIGHT + טאקר-10 סיכות MICROVAL + טרוקר אקסל ללא סכין 11 B11LT,1,1190.0,Expensive
MICROVAL 16X11-RIGHT + טאקר-10 סיכות MICROVAL + טרוקר אקסל ללא סכין 11 B11LT,1,1190.0,Expensive
MICROVAL 16X11-RIGHT + טאקר-10 סיכות MICROVAL + טרוקר אקסל ללא סכין 11 B11LT + טרוקר ללא סכין 5 NB5STF,119,1289.25,Cheap
MICROVAL 16X11-RIGHT + טאקר-10 סיכות MICROVAL + טרוקר אקסל ללא סכין 11 B11LT + טרוקר ללא סכין 5 NB5STF,119,1289.25,Cheap
MICROVAL 16X11-RIGHT + טאקר-10 סיכות MICROVAL + טרוקר אקסל ללא סכין 11 B11LT + טרוקר ללא סכין 5 NB5STF,119,1289.25,Cheap
MICROVAL 16X11-RIGHT + טאקר-10 סיכות MICROVAL + טרוקר אקסל ללא סכין 11 B11LT + טרוקר ללא סכין 5 NB5STF,119,1289.25,Cheap
MICROVAL 16X11-RIGHT + טאקר-10 סיכות MICROVAL + טרוקר אקסל ללא סכין 11 B11LT + טרוקר ללא סכין 5 NB5STF,119,1289.25,Cheap
MICROVAL 16X11-RIGHT + טאקר-10 סיכות MICROVAL + טרוקר אקסל ללא סכין 11 B11LT + טרוקר ללא סכין 5 NB5STF,119,1289.25,Cheap
MICROVAL 16X11-RIGHT + טאקר-10 סיכות MICROVAL + טרוקר אקסל ללא סכין 11 B11LT + טרוקר ללא סכין 5 NB5STF,119,1289.25,Cheap
MICROVAL 16X11-RIGHT + טאקר-10 סיכות MICROVAL + טרוקר אקסל ללא סכין 11 B11LT + טרוקר ללא סכין 5 NB5STF,119,1289.25,Cheap
MICROVAL 16X11-RIGHT + טאקר-10 סיכות MICROVAL + טרוקר אקסל ללא סכין 11 B11LT + טרוקר ללא סכין 5 NB5STF,119,1289.25,Cheap
MICROVAL 16X11-RIGHT + טאקר-10 סיכות MICROVAL + טרוקר אקסל ללא סכין 11 B11LT + טרוקר ללא סכין 5 NB5STF,119,1289.25,Cheap
MICROVAL 16X11-RIGHT + טאקר-10 סיכות MICROVAL + טרוקר אקסל ללא סכין 11 B11LT + טרוקר ללא סכין 5 NB5STF,0,0.0,Expensive
MICROVAL 16X11-RIGHT + טאקר-10 סיכות MICROVAL + טרוקר אקסל ללא סכין 11 B11LT + טרוקר ללא סכין 5 NB5STF,0,0.0,Expensive
MICROVAL 16X11-RIGHT + טאקר-10 סיכות MICROVAL + טרוקר אקסל ללא סכין 11 B11LT + טרוקר ללא סכין 5 NB5STF,0,0.0,Expensive
MICROVAL 16X11-RIGHT + טאקר-10 סיכות MICROVAL + טרוקר אקסל ללא סכין 11 B11LT + טרוקר ללא סכין 5 NB5STF,0,0.0,Expensive
MICROVAL 16X11-RIGHT + טאקר-10 סיכות MICROVAL + טרוקר אקסל ללא סכין 11 B11LT + טרוקר ללא סכין 5 NB5STF,0,0.0,Expensive
MICROVAL 16X11-RIGHT + טאקר-10 סיכות MICROVAL + טרוקר אקסל ללא סכין 11 B11LT + טרוקר ללא סכין 5 NB5STF,0,0.0,Expensive
MICROVAL 16X11-RIGHT + טאקר-10 סיכות MICROVAL + טרוקר אקסל ללא סכין 11 B11LT + טרוקר ללא סכין 5 NB5STF,0,0.0,Expensive
MICROVAL 16X11-RIGHT + טאקר-10 סיכות MICROVAL + טרוקר אקסל ללא סכין 11 B11LT + טרוקר ללא סכין 5 NB5STF,0,0.0,Expensive
MICROVAL 16X11-RIGHT + טאקר-10 סיכות MICROVAL + טרוקר אקסל ללא סכין 11 B11LT + טרוקר ללא סכין 5 NB5STF,0,0.0,Expensive
MICROVAL 16X11-RIGHT + טאקר-10 סיכות MICROVAL + טרוקר אקסל ללא סכין 11 B11LT + טרוקר ללא סכין 5 NB5STF,0,0.0,Expensive
MICROVAL 16X11-RIGHT + טאקר-10 סיכות MICROVAL + טרוקר ללא סכין 5 NB5STF,121,1214.32,Cheap
MICROVAL 16X11-RIGHT + טאקר-10 סיכות MICROVAL + טרוקר ללא סכין 5 NB5STF,121,1214.32,Cheap
MICROVAL 16X11-RIGHT + טאקר-10 סיכות MICROVAL + טרוקר ללא סכין 5 NB5STF,121,1214.32,Cheap
MICROVAL 16X11-RIGHT + טאקר-10 סיכות MICROVAL + טרוקר ללא סכין 5 NB5STF,121,1214.32,Cheap
MICROVAL 16X11-RIGHT + טאקר-10 סיכות MICROVAL + טרוקר ללא סכין 5 NB5STF,1,1216.53,Expensive
MICROVAL 16X11-RIGHT + טאקר-10 סיכות MICROVAL + טרוקר ללא סכין 5 NB5STF,1,1216.53,Expensive
MICROVAL 16X11-RIGHT + טאקר-10 סיכות MICROVAL + טרוקר ללא סכין 5 NB5STF,1,1216.53,Expensive
MICROVAL 16X11-RIGHT + טאקר-10 סיכות MICROVAL + טרוקר ללא סכין 5 NB5STF,1,1216.53,Expensive
MICROVAL 16X11-RIGHT + טרוקר אקסל ללא סכין 11 B11LT,138,575.72,Cheap
MICROVAL 16X11-RIGHT + טרוקר אקסל ללא סכין 11 B11LT,1,556.4,Expensive
MICROVAL 16X11-RIGHT + טרוקר אקסל ללא סכין 11 B11LT + טרוקר ללא סכין 5 NB5STF,132,655.47,Cheap
MICROVAL 16X11-RIGHT + טרוקר אקסל ללא סכין 11 B11LT + טרוקר ללא סכין 5 NB5STF,132,655.47,Cheap
MICROVAL 16X11-RIGHT + טרוקר אקסל ללא סכין 11 B11LT + טרוקר ללא סכין 5 NB5STF,132,655.47,Cheap
MICROVAL 16X11-RIGHT + טרוקר אקסל ללא סכין 11 B11LT + טרוקר ללא סכין 5 NB5STF,0,0.0,Expensive
MICROVAL 16X11-RIGHT + טרוקר אקסל ללא סכין 11 B11LT + טרוקר ללא סכין 5 NB5STF,0,0.0,Expensive
MICROVAL 16X11-RIGHT + טרוקר אקסל ללא סכין 11 B11LT + טרוקר ללא סכין 5 NB5STF,0,0.0,Expensive
MICROVAL 16X11-RIGHT + טרוקר ללא סכין 5 NB5STF,134,580.54,Cheap
MICROVAL 16X11-RIGHT + טרוקר ללא סכין 5 NB5STF,2,582.93,Expensive
PROGRIP ANTMCL 15X10CM-LEFT + PROGRIP ANTMCL 15X10CM-RIGHT,74,1784.9,Cheap
PROGRIP ANTMCL 15X10CM-LEFT + PROGRIP ANTMCL 15X10CM-RIGHT,74,1784.9,Cheap
PROGRIP ANTMCL 15X10CM-LEFT + PROGRIP ANTMCL 15X10CM-RIGHT,70,1784.9,Expensive
PROGRIP ANTMCL 15X10CM-LEFT + PROGRIP ANTMCL 15X10CM-RIGHT,70,1784.9,Expensive
PROGRIP ANTMCL 15X10CM-LEFT + PROGRIP ANTMCL 15X10CM-RIGHT + בלון אמצעי T10SB,48,2191.85,Cheap
PROGRIP ANTMCL 15X10CM-LEFT + PROGRIP ANTMCL 15X10CM-RIGHT + בלון אמצעי T10SB,48,2191.85,Cheap
PROGRIP ANTMCL 15X10CM-LEFT + PROGRIP ANTMCL 15X10CM-RIGHT + בלון אמצעי T10SB,48,2191.85,Cheap
PROGRIP ANTMCL 15X10CM-LEFT + PROGRIP ANTMCL 15X10CM-RIGHT + בלון אמצעי T10SB,48,2191.85,Cheap
PROGRIP ANTMCL 15X10CM-LEFT + PROGRIP ANTMCL 15X10CM-RIGHT + בלון אמצעי T10SB,48,2191.85,Cheap
PROGRIP ANTMCL 15X10CM-LEFT + PROGRIP ANTMCL 15X10CM-RIGHT + בלון אמצעי T10SB,63,2191.85,Expensive
PROGRIP ANTMCL 15X10CM-LEFT + PROGRIP ANTMCL 15X10CM-RIGHT + בלון אמצעי T10SB,63,2191.85,Expensive
PROGRIP ANTMCL 15X10CM-LEFT + PROGRIP ANTMCL 15X10CM-RIGHT + בלון אמצעי T10SB,63,2191.85,Expensive
PROGRIP ANTMCL 15X10CM-LEFT + PROGRIP ANTMCL 15X10CM-RIGHT + בלון אמצעי T10SB,63,2191.85,Expensive
PROGRIP ANTMCL 15X10CM-LEFT + PROGRIP ANTMCL 15X10CM-RIGHT + בלון אמצעי T10SB,63,2191.85,Expensive
PROGRIP ANTMCL 15X10CM-LEFT + PROGRIP ANTMCL 15X10CM-RIGHT + בלון אמצעי T10SB + בלון דו צדדי PDBS2,48,2480.85,Cheap
PROGRIP ANTMCL 15X10CM-LEFT + PROGRIP ANTMCL 15X10CM-RIGHT + בלון אמצעי T10SB + בלון דו צדדי PDBS2,48,2480.85,Cheap
PROGRIP ANTMCL 15X10CM-LEFT + PROGRIP ANTMCL 15X10CM-RIGHT + בלון אמצעי T10SB + בלון דו צדדי PDBS2,48,2480.85,Cheap
PROGRIP ANTMCL 15X10CM-LEFT + PROGRIP ANTMCL 15X10CM-RIGHT + בלון אמצעי T10SB + בלון דו צדדי PDBS2,48,2480.85,Cheap
PROGRIP ANTMCL 15X10CM-LEFT + PROGRIP ANTMCL 15X10CM-RIGHT + בלון אמצעי T10SB + בלון דו צדדי PDBS2,48,2480.85,Cheap
PROGRIP ANTMCL 15X10CM-LEFT + PROGRIP ANTMCL 15X10CM-RIGHT + בלון אמצעי T10SB + בלון דו צדדי PDBS2,48,2480.85,Cheap
PROGRIP ANTMCL 15X10CM-LEFT + PROGRIP ANTMCL 15X10CM-RIGHT + בלון אמצעי T10SB + בלון דו צדדי PDBS2,48,2480.85,Cheap
PROGRIP ANTMCL 15X10CM-LEFT + PROGRIP ANTMCL 15X10CM-RIGHT + בלון אמצעי T10SB + בלון דו צדדי PDBS2,48,2480.85,Cheap
PROGRIP ANTMCL 15X10CM-LEFT + PROGRIP ANTMCL 15X10CM-RIGHT + בלון אמצעי T10SB + בלון דו צדדי PDBS2,48,2480.85,Cheap
PROGRIP ANTMCL 15X10CM-LEFT + PROGRIP ANTMCL 15X10CM-RIGHT + בלון אמצעי T10SB + בלון דו צדדי PDBS2,48,2480.85,Cheap
PROGRIP ANTMCL 15X10CM-LEFT + PROGRIP ANTMCL 15X10CM-RIGHT + בלון אמצעי T10SB + בלון דו צדדי PDBS2,48,2480.85,Cheap
PROGRIP ANTMCL 15X10CM-LEFT + PROGRIP ANTMCL 15X10CM-RIGHT + בלון אמצעי T10SB + בלון דו צדדי PDBS2,63,2480.85,Expensive
PROGRIP ANTMCL 15X10CM-LEFT + PROGRIP ANTMCL 15X10CM-RIGHT + בלון אמצעי T10SB + בלון דו צדדי PDBS2,63,2480.85,Expensive
PROGRIP ANTMCL 15X10CM-LEFT + PROGRIP ANTMCL 15X10CM-RIGHT + בלון אמצעי T10SB + בלון דו צדדי PDBS2,63,2480.85,Expensive
PROGRIP ANTMCL 15X10CM-LEFT + PROGRIP ANTMCL 15X10CM-RIGHT + בלון אמצעי T10SB + בלון דו צדדי PDBS2,63,2480.85,Expensive
PROGRIP ANTMCL 15X10CM-LEFT + PROGRIP ANTMCL 15X10CM-RIGHT + בלון אמצעי T10SB + בלון דו צדדי PDBS2,63,2480.85,Expensive
PROGRIP ANTMCL 15X10CM-LEFT + PROGRIP ANTMCL 15X10CM-RIGHT + בלון אמצעי T10SB + בלון דו צדדי PDBS2,63,2480.85,Expensive
PROGRIP ANTMCL 15X10CM-LEFT + PROGRIP ANTMCL 15X10CM-RIGHT + בלון אמצעי T10SB + בלון דו צדדי PDBS2,63,2480.85,Expensive
PROGRIP ANTMCL 15X10CM-LEFT + PROGRIP ANTMCL 15X10CM-RIGHT + בלון אמצעי T10SB + בלון דו צדדי PDBS2,63,2480.85,Expensive
PROGRIP ANTMCL 15X10CM-LEFT + PROGRIP ANTMCL 15X10CM-RIGHT + בלון אמצעי T10SB + בלון דו צדדי PDBS2,63,2480.85,Expensive
PROGRIP ANTMCL 15X10CM-LEFT + PROGRIP ANTMCL 15X10CM-RIGHT + בלון אמצעי T10SB + בלון דו צדדי PDBS2,63,2480.85,Expensive
PROGRIP ANTMCL 15X10CM-LEFT + PROGRIP ANTMCL 15X10CM-RIGHT + בלון אמצעי T10SB + בלון דו צדדי PDBS2,63,2480.85,Expensive
PROGRIP ANTMCL 15X10CM-LEFT + PROGRIP ANTMCL 15X10CM-RIGHT + בלון דו צדדי PDBS2,50,2073.9,Cheap
PROGRIP ANTMCL 15X10CM-LEFT + PROGRIP ANTMCL 15X10CM-RIGHT + בלון דו צדדי PDBS2,50,2073.9,Cheap
PROGRIP ANTMCL 15X10CM-LEFT + PROGRIP ANTMCL 15X10CM-RIGHT + בלון דו צדדי PDBS2,50,2073.9,Cheap
PROGRIP ANTMCL 15X10CM-LEFT + PROGRIP ANTMCL 15X10CM-RIGHT + בלון דו צדדי PDBS2,50,2073.9,Cheap
PROGRIP ANTMCL 15X10CM-LEFT + PROGRIP ANTMCL 15X10CM-RIGHT + בלון דו צדדי PDBS2,50,2073.9,Cheap
PROGRIP ANTMCL 15X10CM-LEFT + PROGRIP ANTMCL 15X10CM-RIGHT + בלון דו צדדי PDBS2,63,2073.9,Expensive
PROGRIP ANTMCL 15X10CM-LEFT + PROGRIP ANTMCL 15X10CM-RIGHT + בלון דו צדדי PDBS2,63,2073.9,Expensive
PROGRIP ANTMCL 15X10CM-LEFT + PROGRIP ANTMCL 15X10CM-RIGHT + בלון דו צדדי PDBS2,63,2073.9,Expensive
PROGRIP ANTMCL 15X10CM-LEFT + PROGRIP ANTMCL 15X10CM-RIGHT + בלון דו צדדי PDBS2,63,2073.9,Expensive
PROGRIP ANTMCL 15X10CM-LEFT + PROGRIP ANTMCL 15X10CM-RIGHT + בלון דו צדדי PDBS2,63,2073.9,Expensive
PROGRIP ANTMCL 15X10CM-LEFT + בלון אמצעי T10SB,48,1299.4,Cheap
PROGRIP ANTMCL 15X10CM-LEFT + בלון אמצעי T10SB,63,1299.4,Expensive
PROGRIP ANTMCL 15X10CM-LEFT + בלון אמצעי T10SB + בלון דו צדדי PDBS2,48,1588.4,Cheap
PROGRIP ANTMCL 15X10CM-LEFT + בלון אמצעי T10SB + בלון דו צדדי PDBS2,48,1588.4,Cheap
PROGRIP ANTMCL 15X10CM-LEFT + בלון אמצעי T10SB + בלון דו צדדי PDBS2,48,1588.4,Cheap
PROGRIP ANTMCL 15X10CM-LEFT + בלון אמצעי T10SB + בלון דו צדדי PDBS2,63,1588.4,Expensive
PROGRIP ANTMCL 15X10CM-LEFT + בלון אמצעי T10SB + בלון דו צדדי PDBS2,63,1588.4,Expensive
PROGRIP ANTMCL 15X10CM-LEFT + בלון אמצעי T10SB + בלון דו צדדי PDBS2,63,1588.4,Expensive
PROGRIP ANTMCL 15X10CM-LEFT + בלון דו צדדי PDBS2,50,1181.45,Cheap
PROGRIP ANTMCL 15X10CM-LEFT + בלון דו צדדי PDBS2,63,1181.45,Expensive
PROGRIP ANTMCL 15X10CM-RIGHT + בלון אמצעי T10SB,50,1299.4,Cheap
PROGRIP ANTMCL 15X10CM-RIGHT + בלון אמצעי T10SB,63,1299.4,Expensive
PROGRIP ANTMCL 15X10CM-RIGHT + בלון אמצעי T10SB + בלון דו צדדי PDBS2,50,1588.4,Cheap
PROGRIP ANTMCL 15X10CM-RIGHT + בלון אמצעי T10SB + בלון דו צדדי PDBS2,50,1588.4,Cheap
PROGRIP ANTMCL 15X10CM-RIGHT + בלון אמצעי T10SB + בלון דו צדדי PDBS2,50,1588.4,Cheap
PROGRIP ANTMCL 15X10CM-RIGHT + בלון אמצעי T10SB + בלון דו צדדי PDBS2,63,1588.4,Expensive
PROGRIP ANTMCL 15X10CM-RIGHT + בלון אמצעי T10SB + בלון דו צדדי PDBS2,63,1588.4,Expensive
PROGRIP ANTMCL 15X10CM-RIGHT + בלון אמצעי T10SB + בלון דו צדדי PDBS2,63,1588.4,Expensive
PROGRIP ANTMCL 15X10CM-RIGHT + בלון דו צדדי PDBS2,52,1181.45,Cheap
PROGRIP ANTMCL 15X10CM-RIGHT + בלון דו צדדי PDBS2,63,1181.45,Expensive
אנדו קליפ 5 176630 + בלון אמצעי T10SB,3,1179.78,Cheap
אנדו קליפ 5 176630 + בלון אמצעי T10SB,101,1187.43,Expensive
אנדו קליפ 5 176630 + בלון אמצעי T10SB + בלון דו צדדי PDBS2,3,1468.78,Cheap
אנדו קליפ 5 176630 + בלון אמצעי T10SB + בלון דו צדדי PDBS2,3,1468.78,Cheap
אנדו קליפ 5 176630 + בלון אמצעי T10SB + בלון דו צדדי PDBS2,3,1468.78,Cheap
אנדו קליפ 5 176630 + בלון אמצעי T10SB + בלון דו צדדי PDBS2,101,1476.43,Expensive
אנדו קליפ 5 176630 + בלון אמצעי T10SB + בלון דו צדדי PDBS2,101,1476.43,Expensive
אנדו קליפ 5 176630 + בלון אמצעי T10SB + בלון דו צדדי PDBS2,101,1476.43,Expensive
אנדו קליפ 5 176630 + בלון דו צדדי PDBS2,3,1061.83,Cheap
אנדו קליפ 5 176630 + בלון דו צדדי PDBS2,105,1069.19,Expensive
אנדו קליפ 5 EL5ML + בלון אמצעי T10SB + בלון דו צדדי PDBS2,12,1458.43,Cheap
אנדו קליפ 5 EL5ML + בלון אמצעי T10SB + בלון דו צדדי PDBS2,12,1458.43,Cheap
אנדו קליפ 5 EL5ML + בלון אמצעי T10SB + בלון דו צדדי PDBS2,133,1458.43,Expensive
אנדו קליפ 5 EL5ML + בלון אמצעי T10SB + בלון דו צדדי PDBS2,133,1458.43,Expensive
אנדו קליפ 5 EL5ML + בלון דו צדדי PDBS2,27,1051.48,Cheap
אנדו קליפ 5 EL5ML + בלון דו צדדי PDBS2,139,1059.05,Expensive
בלון אמצעי T10SB + בלון דו צדדי PDBS2,170,695.95,Cheap
בלון אמצעי T10SB + בלון דו צדדי PDBS2,170,695.95,Cheap
בלון אמצעי T10SB + בלון דו צדדי PDBS2,671,695.95,Expensive
בלון אמצעי T10SB + בלון דו צדדי PDBS2,671,695.95,Expensive
בלון אמצעי T10SB + בלון דו צדדי PDBS2 + טאקר נספג - 15 סיכות,12,1476.42,Cheap
בלון אמצעי T10SB + בלון דו צדדי PDBS2 + טאקר נספג - 15 סיכות,12,1476.42,Cheap
בלון אמצעי T10SB + בלון דו צדדי PDBS2 + טאקר נספג - 15 סיכות,12,1476.42,Cheap
בלון אמצעי T10SB + בלון דו צדדי PDBS2 + טאקר נספג - 15 סיכות,88,1478.64,Expensive
בלון אמצעי T10SB + בלון דו צדדי PDBS2 + טאקר נספג - 15 סיכות,88,1478.64,Expensive
בלון אמצעי T10SB + בלון דו צדדי PDBS2 + טאקר נספג - 15 סיכות,88,1478.64,Expensive
בלון אמצעי T10SB + בלון דו צדדי PDBS2 + טאקר נספג-12 סיכות-ETHICON,3,1947.1,Cheap
בלון אמצעי T10SB + בלון דו צדדי PDBS2 + טאקר נספג-12 סיכות-ETHICON,3,1947.1,Cheap
בלון אמצעי T10SB + בלון דו צדדי PDBS2 + טאקר נספג-12 סיכות-ETHICON,3,1947.1,Cheap
בלון אמצעי T10SB + בלון דו צדדי PDBS2 + טאקר נספג-12 סיכות-ETHICON,193,1947.1,Expensive
בלון אמצעי T10SB + בלון דו צדדי PDBS2 + טאקר נספג-12 סיכות-ETHICON,193,1947.1,Expensive
בלון אמצעי T10SB + בלון דו צדדי PDBS2 + טאקר נספג-12 סיכות-ETHICON,193,1947.1,Expensive
בלון אמצעי T10SB + בלון דו צדדי PDBS2 + טאקר-10 סיכות MICROVAL,31,1329.55,Cheap
בלון אמצעי T10SB + בלון דו צדדי PDBS2 + טאקר-10 סיכות MICROVAL,31,1329.55,Cheap
בלון אמצעי T10SB + בלון דו צדדי PDBS2 + טאקר-10 סיכות MICROVAL,111,1329.55,Expensive
בלון אמצעי T10SB + בלון דו צדדי PDBS2 + טאקר-10 סיכות MICROVAL,111,1329.55,Expensive
בלון אמצעי T10SB + בלון דו צדדי PDBS2 + טרוקר CFF03 - 5X100,36,800.86,Cheap
בלון אמצעי T10SB + בלון דו צדדי PDBS2 + טרוקר CFF03 - 5X100,36,800.86,Cheap
בלון אמצעי T10SB + בלון דו צדדי PDBS2 + טרוקר CFF03 - 5X100,36,800.86,Cheap
בלון אמצעי T10SB + בלון דו צדדי PDBS2 + טרוקר CFF03 - 5X100,84,800.08,Expensive
בלון אמצעי T10SB + בלון דו צדדי PDBS2 + טרוקר CFF03 - 5X100,84,800.08,Expensive
בלון אמצעי T10SB + בלון דו צדדי PDBS2 + טרוקר CFF03 - 5X100,84,800.08,Expensive
בלון אמצעי T10SB + בלון דו צדדי PDBS2 + טרוקר CFF03 - 5X100 + שרוול לטרוקר 5 - CFS02,35,853.58,Cheap
בלון אמצעי T10SB + בלון דו צדדי PDBS2 + טרוקר CFF03 - 5X100 + שרוול לטרוקר 5 - CFS02,35,853.58,Cheap
בלון אמצעי T10SB + בלון דו צדדי PDBS2 + טרוקר CFF03 - 5X100 + שרוול לטרוקר 5 - CFS02,35,853.58,Cheap
בלון אמצעי T10SB + בלון דו צדדי PDBS2 + טרוקר CFF03 - 5X100 + שרוול לטרוקר 5 - CFS02,35,853.58,Cheap
בלון אמצעי T10SB + בלון דו צדדי PDBS2 + טרוקר CFF03 - 5X100 + שרוול לטרוקר 5 - CFS02,35,853.58,Cheap
בלון אמצעי T10SB + בלון דו צדדי PDBS2 + טרוקר CFF03 - 5X100 + שרוול לטרוקר 5 - CFS02,35,853.58,Cheap
בלון אמצעי T10SB + בלון דו צדדי PDBS2 + טרוקר CFF03 - 5X100 + שרוול לטרוקר 5 - CFS02,35,853.58,Cheap
בלון אמצעי T10SB + בלון דו צדדי PDBS2 + טרוקר CFF03 - 5X100 + שרוול לטרוקר 5 - CFS02,35,853.58,Cheap
בלון אמצעי T10SB + בלון דו צדדי PDBS2 + טרוקר CFF03 - 5X100 + שרוול לטרוקר 5 - CFS02,35,853.58,Cheap
בלון אמצעי T10SB + בלון דו צדדי PDBS2 + טרוקר CFF03 - 5X100 + שרוול לטרוקר 5 - CFS02,35,853.58,Cheap
בלון אמצעי T10SB + בלון דו צדדי PDBS2 + טרוקר CFF03 - 5X100 + שרוול לטרוקר 5 - CFS02,35,853.58,Cheap
בלון אמצעי T10SB + בלון דו צדדי PDBS2 + טרוקר CFF03 - 5X100 + שרוול לטרוקר 5 - CFS02,78,852.26,Expensive
בלון אמצעי T10SB + בלון דו צדדי PDBS2 + טרוקר CFF03 - 5X100 + שרוול לטרוקר 5 - CFS02,78,852.26,Expensive
בלון אמצעי T10SB + בלון דו צדדי PDBS2 + טרוקר CFF03 - 5X100 + שרוול לטרוקר 5 - CFS02,78,852.26,Expensive
בלון אמצעי T10SB + בלון דו צדדי PDBS2 + טרוקר CFF03 - 5X100 + שרוול לטרוקר 5 - CFS02,78,852.26,Expensive
בלון אמצעי T10SB + בלון דו צדדי PDBS2 + טרוקר CFF03 - 5X100 + שרוול לטרוקר 5 - CFS02,78,852.26,Expensive
בלון אמצעי T10SB + בלון דו צדדי PDBS2 + טרוקר CFF03 - 5X100 + שרוול לטרוקר 5 - CFS02,78,852.26,Expensive
בלון אמצעי T10SB + בלון דו צדדי PDBS2 + טרוקר CFF03 - 5X100 + שרוול לטרוקר 5 - CFS02,78,852.26,Expensive
בלון אמצעי T10SB + בלון דו צדדי PDBS2 + טרוקר CFF03 - 5X100 + שרוול לטרוקר 5 - CFS02,78,852.26,Expensive
בלון אמצעי T10SB + בלון דו צדדי PDBS2 + טרוקר CFF03 - 5X100 + שרוול לטרוקר 5 - CFS02,78,852.26,Expensive
בלון אמצעי T10SB + בלון דו צדדי PDBS2 + טרוקר CFF03 - 5X100 + שרוול לטרוקר 5 - CFS02,78,852.26,Expensive
בלון אמצעי T10SB + בלון דו צדדי PDBS2 + טרוקר CFF03 - 5X100 + שרוול לטרוקר 5 - CFS02,78,852.26,Expensive
בלון אמצעי T10SB + בלון דו צדדי PDBS2 + טרוקר אקסל OPTI-סכין-5X100,71,770.95,Cheap
בלון אמצעי T10SB + בלון דו צדדי PDBS2 + טרוקר אקסל OPTI-סכין-5X100,71,770.95,Cheap
בלון אמצעי T10SB + בלון דו צדדי PDBS2 + טרוקר אקסל OPTI-סכין-5X100,71,770.95,Cheap
בלון אמצעי T10SB + בלון דו צדדי PDBS2 + טרוקר אקסל OPTI-סכין-5X100,115,770.95,Expensive
בלון אמצעי T10SB + בלון דו צדדי PDBS2 + טרוקר אקסל OPTI-סכין-5X100,115,770.95,Expensive
בלון אמצעי T10SB + בלון דו צדדי PDBS2 + טרוקר אקסל OPTI-סכין-5X100,115,770.95,Expensive
בלון אמצעי T10SB + בלון דו צדדי PDBS2 + טרוקר אקסל OPTI-סכין-5X100 + שרוול אקסל OPTI-5X100,67,845.95,Cheap
בלון אמצעי T10SB + בלון דו צדדי PDBS2 + טרוקר אקסל OPTI-סכין-5X100 + שרוול אקסל OPTI-5X100,67,845.95,Cheap
בלון אמצעי T10SB + בלון דו צדדי PDBS2 + טרוקר אקסל OPTI-סכין-5X100 + שרוול אקסל OPTI-5X100,67,845.95,Cheap
בלון אמצעי T10SB + בלון דו צדדי PDBS2 + טרוקר אקסל OPTI-סכין-5X100 + שרוול אקסל OPTI-5X100,67,845.95,Cheap
בלון אמצעי T10SB + בלון דו צדדי PDBS2 + טרוקר אקסל OPTI-סכין-5X100 + שרוול אקסל OPTI-5X100,67,845.95,Cheap
בלון אמצעי T10SB + בלון דו צדדי PDBS2 + טרוקר אקסל OPTI-סכין-5X100 + שרוול אקסל OPTI-5X100,67,845.95,Cheap
בלון אמצעי T10SB + בלון דו צדדי PDBS2 + טרוקר אקסל OPTI-סכין-5X100 + שרוול אקסל OPTI-5X100,67,845.95,Cheap
בלון אמצעי T10SB + בלון דו צדדי PDBS2 + טרוקר אקסל OPTI-סכין-5X100 + שרוול אקסל OPTI-5X100,67,845.95,Cheap
בלון אמצעי T10SB + בלון דו צדדי PDBS2 + טרוקר אקסל OPTI-סכין-5X100 + שרוול אקסל OPTI-5X100,67,845.95,Cheap
בלון אמצעי T10SB + בלון דו צדדי PDBS2 + טרוקר אקסל OPTI-סכין-5X100 + שרוול אקסל OPTI-5X100,67,845.95,Cheap
בלון אמצעי T10SB + בלון דו צדדי PDBS2 + טרוקר אקסל OPTI-סכין-5X100 + שרוול אקסל OPTI-5X100,71,845.95,Expensive
בלון אמצעי T10SB + בלון דו צדדי PDBS2 + טרוקר אקסל OPTI-סכין-5X100 + שרוול אקסל OPTI-5X100,71,845.95,Expensive
בלון אמצעי T10SB + בלון דו צדדי PDBS2 + טרוקר אקסל OPTI-סכין-5X100 + שרוול אקסל OPTI-5X100,71,845.95,Expensive
בלון אמצעי T10SB + בלון דו צדדי PDBS2 + טרוקר אקסל OPTI-סכין-5X100 + שרוול אקסל OPTI-5X100,71,845.95,Expensive
בלון אמצעי T10SB + בלון דו צדדי PDBS2 + טרוקר אקסל OPTI-סכין-5X100 + שרוול אקסל OPTI-5X100,71,845.95,Expensive
בלון אמצעי T10SB + בלון דו צדדי PDBS2 + טרוקר אקסל OPTI-סכין-5X100 + שרוול אקסל OPTI-5X100,71,845.95,Expensive
בלון אמצעי T10SB + בלון דו צדדי PDBS2 + טרוקר אקסל OPTI-סכין-5X100 + שרוול אקסל OPTI-5X100,71,845.95,Expensive
בלון אמצעי T10SB + בלון דו צדדי PDBS2 + טרוקר אקסל OPTI-סכין-5X100 + שרוול אקסל OPTI-5X100,71,845.95,Expensive
בלון אמצעי T10SB + בלון דו צדדי PDBS2 + טרוקר אקסל OPTI-סכין-5X100 + שרוול אקסל OPTI-5X100,71,845.95,Expensive
בלון אמצעי T10SB + בלון דו צדדי PDBS2 + טרוקר אקסל OPTI-סכין-5X100 + שרוול אקסל OPTI-5X100,71,845.95,Expensive
בלון אמצעי T10SB + בלון דו צדדי PDBS2 + טרוקר ללא סכין 5 NB5STF,17,775.95,Cheap
בלון אמצעי T10SB + בלון דו צדדי PDBS2 + טרוקר ללא סכין 5 NB5STF,17,775.95,Cheap
בלון אמצעי T10SB + בלון דו צדדי PDBS2 + טרוקר ללא סכין 5 NB5STF,267,775.95,Expensive
בלון אמצעי T10SB + בלון דו צדדי PDBS2 + טרוקר ללא סכין 5 NB5STF,267,775.95,Expensive
בלון אמצעי T10SB + בלון דו צדדי PDBS2 + טרוקר ללא סכין 5 NB5STF + סקשן איריגיישיין 5,7,835.37,Cheap
בלון אמצעי T10SB + בלון דו צדדי PDBS2 + טרוקר ללא סכין 5 NB5STF + סקשן איריגיישיין 5,7,835.37,Cheap
בלון אמצעי T10SB + בלון דו צדדי PDBS2 + טרוקר ללא סכין 5 NB5STF + סקשן איריגיישיין 5,7,835.37,Cheap
בלון אמצעי T10SB + בלון דו צדדי PDBS2 + טרוקר ללא סכין 5 NB5STF + סקשן איריגיישיין 5,7,835.37,Cheap
בלון אמצעי T10SB + בלון דו צדדי PDBS2 + טרוקר ללא סכין 5 NB5STF + סקשן איריגיישיין 5,7,835.37,Cheap
בלון אמצעי T10SB + בלון דו צדדי PDBS2 + טרוקר ללא סכין 5 NB5STF + סקשן איריגיישיין 5,7,835.37,Cheap
בלון אמצעי T10SB + בלון דו צדדי PDBS2 + טרוקר ללא סכין 5 NB5STF + סקשן איריגיישיין 5,7,835.37,Cheap
בלון אמצעי T10SB + בלון דו צדדי PDBS2 + טרוקר ללא סכין 5 NB5STF + סקשן איריגיישיין 5,7,835.37,Cheap
בלון אמצעי T10SB + בלון דו צדדי PDBS2 + טרוקר ללא סכין 5 NB5STF + סקשן איריגיישיין 5,138,834.8,Expensive
בלון אמצעי T10SB + בלון דו צדדי PDBS2 + טרוקר ללא סכין 5 NB5STF + סקשן איריגיישיין 5,138,834.8,Expensive
בלון אמצעי T10SB + בלון דו צדדי PDBS2 + טרוקר ללא סכין 5 NB5STF + סקשן איריגיישיין 5,138,834.8,Expensive
בלון אמצעי T10SB + בלון דו צדדי PDBS2 + טרוקר ללא סכין 5 NB5STF + סקשן איריגיישיין 5,138,834.8,Expensive
בלון אמצעי T10SB + בלון דו צדדי PDBS2 + טרוקר ללא סכין 5 NB5STF + סקשן איריגיישיין 5,138,834.8,Expensive
בלון אמצעי T10SB + בלון דו צדדי PDBS2 + טרוקר ללא סכין 5 NB5STF + סקשן איריגיישיין 5,138,834.8,Expensive
בלון אמצעי T10SB + בלון דו צדדי PDBS2 + טרוקר ללא סכין 5 NB5STF + סקשן איריגיישיין 5,138,834.8,Expensive
בלון אמצעי T10SB + בלון דו צדדי PDBS2 + טרוקר ללא סכין 5 NB5STF + סקשן איריגיישיין 5,138,834.8,Expensive
בלון אמצעי T10SB + בלון דו צדדי PDBS2 + מספריים לאפ,9,696.95,Cheap
בלון אמצעי T10SB + בלון דו צדדי PDBS2 + מספריים לאפ,9,696.95,Cheap
בלון אמצעי T10SB + בלון דו צדדי PDBS2 + מספריים לאפ,125,696.95,Expensive
בלון אמצעי T10SB + בלון דו צדדי PDBS2 + מספריים לאפ,125,696.95,Expensive
בלון אמצעי T10SB + בלון דו צדדי PDBS2 + סקשן איריגיישיין 5,15,755.17,Cheap
בלון אמצעי T10SB + בלון דו צדדי PDBS2 + סקשן איריגיישיין 5,15,755.17,Cheap
בלון אמצעי T10SB + בלון דו צדדי PDBS2 + סקשן איריגיישיין 5,15,755.17,Cheap
בלון אמצעי T10SB + בלון דו צדדי PDBS2 + סקשן איריגיישיין 5,206,755.13,Expensive
בלון אמצעי T10SB + בלון דו צדדי PDBS2 + סקשן איריגיישיין 5,206,755.13,Expensive
בלון אמצעי T10SB + בלון דו צדדי PDBS2 + סקשן איריגיישיין 5,206,755.13,Expensive
בלון אמצעי T10SB + בלון דו צדדי PDBS2 + שרוול אקסל OPTI-5X100,78,770.95,Cheap
בלון אמצעי T10SB + בלון דו צדדי PDBS2 + שרוול אקסל OPTI-5X100,78,770.95,Cheap
בלון אמצעי T10SB + בלון דו צדדי PDBS2 + שרוול אקסל OPTI-5X100,79,770.95,Expensive
בלון אמצעי T10SB + בלון דו צדדי PDBS2 + שרוול אקסל OPTI-5X100,79,770.95,Expensive
בלון אמצעי T10SB + בלון דו צדדי PDBS2 + שרוול לטרוקר 5 - CFS02,36,748.58,Cheap
בלון אמצעי T10SB + בלון דו צדדי PDBS2 + שרוול לטרוקר 5 - CFS02,36,748.58,Cheap
בלון אמצעי T10SB + בלון דו צדדי PDBS2 + שרוול לטרוקר 5 - CFS02,36,748.58,Cheap
בלון אמצעי T10SB + בלון דו צדדי PDBS2 + שרוול לטרוקר 5 - CFS02,79,748.18,Expensive
בלון אמצעי T10SB + בלון דו צדדי PDBS2 + שרוול לטרוקר 5 - CFS02,79,748.18,Expensive
בלון אמצעי T10SB + בלון דו צדדי PDBS2 + שרוול לטרוקר 5 - CFS02,79,748.18,Expensive
בלון אמצעי T10SB + טאקר נספג - 15 סיכות,12,1187.42,Cheap
בלון אמצעי T10SB + טאקר נספג - 15 סיכות,88,1189.64,Expensive
בלון אמצעי T10SB + טאקר נספג-12 סיכות-ETHICON,3,1658.1,Cheap
בלון אמצעי T10SB + טאקר נספג-12 סיכות-ETHICON,195,1658.1,Expensive
בלון אמצעי T10SB + טרוקר CFF03 - 5X100,37,511.72,Cheap
בלון אמצעי T10SB + טרוקר CFF03 - 5X100,88,511.01,Expensive
בלון אמצעי T10SB + טרוקר CFF03 - 5X100 + שרוול לטרוקר 5 - CFS02,36,564.36,Cheap
בלון אמצעי T10SB + טרוקר CFF03 - 5X100 + שרוול לטרוקר 5 - CFS02,36,564.36,Cheap
בלון אמצעי T10SB + טרוקר CFF03 - 5X100 + שרוול לטרוקר 5 - CFS02,36,564.36,Cheap
בלון אמצעי T10SB + טרוקר CFF03 - 5X100 + שרוול לטרוקר 5 - CFS02,36,564.36,Cheap
בלון אמצעי T10SB + טרוקר CFF03 - 5X100 + שרוול לטרוקר 5 - CFS02,36,564.36,Cheap
בלון אמצעי T10SB + טרוקר CFF03 - 5X100 + שרוול לטרוקר 5 - CFS02,81,563.17,Expensive
בלון אמצעי T10SB + טרוקר CFF03 - 5X100 + שרוול לטרוקר 5 - CFS02,81,563.17,Expensive
בלון אמצעי T10SB + טרוקר CFF03 - 5X100 + שרוול לטרוקר 5 - CFS02,81,563.17,Expensive
בלון אמצעי T10SB + טרוקר CFF03 - 5X100 + שרוול לטרוקר 5 - CFS02,81,563.17,Expensive
בלון אמצעי T10SB + טרוקר CFF03 - 5X100 + שרוול לטרוקר 5 - CFS02,81,563.17,Expensive
בלון אמצעי T10SB + טרוקר אקסל OPTI-סכין-5X100,73,481.95,Cheap
בלון אמצעי T10SB + טרוקר אקסל OPTI-סכין-5X100,118,481.95,Expensive
בלון אמצעי T10SB + טרוקר אקסל OPTI-סכין-5X100 + שרוול אקסל OPTI-5X100,69,556.95,Cheap
בלון אמצעי T10SB + טרוקר אקסל OPTI-סכין-5X100 + שרוול אקסל OPTI-5X100,69,556.95,Cheap
בלון אמצעי T10SB + טרוקר אקסל OPTI-סכין-5X100 + שרוול אקסל OPTI-5X100,69,556.95,Cheap
בלון אמצעי T10SB + טרוקר אקסל OPTI-סכין-5X100 + שרוול אקסל OPTI-5X100,69,556.95,Cheap
בלון אמצעי T10SB + טרוקר אקסל OPTI-סכין-5X100 + שרוול אקסל OPTI-5X100,73,556.95,Expensive
בלון אמצעי T10SB + טרוקר אקסל OPTI-סכין-5X100 + שרוול אקסל OPTI-5X100,73,556.95,Expensive
בלון אמצעי T10SB + טרוקר אקסל OPTI-סכין-5X100 + שרוול אקסל OPTI-5X100,73,556.95,Expensive
בלון אמצעי T10SB + טרוקר אקסל OPTI-סכין-5X100 + שרוול אקסל OPTI-5X100,73,556.95,Expensive
בלון אמצעי T10SB + טרוקר ללא סכין 5 NB5STF + סקשן איריגיישיין 5,7,546.37,Cheap
בלון אמצעי T10SB + טרוקר ללא סכין 5 NB5STF + סקשן איריגיישיין 5,7,546.37,Cheap
בלון אמצעי T10SB + טרוקר ללא סכין 5 NB5STF + סקשן איריגיישיין 5,7,546.37,Cheap
בלון אמצעי T10SB + טרוקר ללא סכין 5 NB5STF + סקשן איריגיישיין 5,138,545.8,Expensive
בלון אמצעי T10SB + טרוקר ללא סכין 5 NB5STF + סקשן איריגיישיין 5,138,545.8,Expensive
בלון אמצעי T10SB + טרוקר ללא סכין 5 NB5STF + סקשן איריגיישיין 5,138,545.8,Expensive
בלון אמצעי T10SB + סקשן איריגיישיין 5,15,466.17,Cheap
בלון אמצעי T10SB + סקשן איריגיישיין 5,207,466.13,Expensive
בלון אמצעי T10SB + שרוול אקסל OPTI-5X100,80,481.95,Cheap
בלון אמצעי T10SB + שרוול אקסל OPTI-5X100,81,481.95,Expensive
בלון אמצעי T10SB + שרוול לטרוקר 5 - CFS02,37,459.51,Cheap
בלון אמצעי T10SB + שרוול לטרוקר 5 - CFS02,82,459.14,Expensive
בלון דו צדדי PDBS2 + טאקר נספג - 15 סיכות,12,1069.47,Cheap
בלון דו צדדי PDBS2 + טאקר נספג - 15 סיכות,89,1071.88,Expensive
בלון דו צדדי PDBS2 + טאקר נספג-12 סיכות-ETHICON,4,1540.15,Cheap
בלון דו צדדי PDBS2 + טאקר נספג-12 סיכות-ETHICON,196,1540.15,Expensive
בלון דו צדדי PDBS2 + טרוקר CFF03 - 5X100,39,393.81,Cheap
בלון דו צדדי PDBS2 + טרוקר CFF03 - 5X100,89,392.98,Expensive
בלון דו צדדי PDBS2 + טרוקר CFF03 - 5X100 + שרוול לטרוקר 5 - CFS02,38,446.47,Cheap
בלון דו צדדי PDBS2 + טרוקר CFF03 - 5X100 + שרוול לטרוקר 5 - CFS02,38,446.47,Cheap
בלון דו צדדי PDBS2 + טרוקר CFF03 - 5X100 + שרוול לטרוקר 5 - CFS02,38,446.47,Cheap
בלון דו צדדי PDBS2 + טרוקר CFF03 - 5X100 + שרוול לטרוקר 5 - CFS02,38,446.47,Cheap
בלון דו צדדי PDBS2 + טרוקר CFF03 - 5X100 + שרוול לטרוקר 5 - CFS02,38,446.47,Cheap
בלון דו צדדי PDBS2 + טרוקר CFF03 - 5X100 + שרוול לטרוקר 5 - CFS02,83,445.04,Expensive
בלון דו צדדי PDBS2 + טרוקר CFF03 - 5X100 + שרוול לטרוקר 5 - CFS02,83,445.04,Expensive
בלון דו צדדי PDBS2 + טרוקר CFF03 - 5X100 + שרוול לטרוקר 5 - CFS02,83,445.04,Expensive
בלון דו צדדי PDBS2 + טרוקר CFF03 - 5X100 + שרוול לטרוקר 5 - CFS02,83,445.04,Expensive
בלון דו צדדי PDBS2 + טרוקר CFF03 - 5X100 + שרוול לטרוקר 5 - CFS02,83,445.04,Expensive
בלון דו צדדי PDBS2 + טרוקר אקסל OPTI-סכין-5X100,73,364.0,Cheap
בלון דו צדדי PDBS2 + טרוקר אקסל OPTI-סכין-5X100,117,364.0,Expensive
בלון דו צדדי PDBS2 + טרוקר אקסל OPTI-סכין-5X100 + שרוול אקסל OPTI-5X100,69,439.0,Cheap
בלון דו צדדי PDBS2 + טרוקר אקסל OPTI-סכין-5X100 + שרוול אקסל OPTI-5X100,69,439.0,Cheap
בלון דו צדדי PDBS2 + טרוקר אקסל OPTI-סכין-5X100 + שרוול אקסל OPTI-5X100,69,439.0,Cheap
בלון דו צדדי PDBS2 + טרוקר אקסל OPTI-סכין-5X100 + שרוול אקסל OPTI-5X100,69,439.0,Cheap
בלון דו צדדי PDBS2 + טרוקר אקסל OPTI-סכין-5X100 + שרוול אקסל OPTI-5X100,73,439.0,Expensive
בלון דו צדדי PDBS2 + טרוקר אקסל OPTI-סכין-5X100 + שרוול אקסל OPTI-5X100,73,439.0,Expensive
בלון דו צדדי PDBS2 + טרוקר אקסל OPTI-סכין-5X100 + שרוול אקסל OPTI-5X100,73,439.0,Expensive
בלון דו צדדי PDBS2 + טרוקר אקסל OPTI-סכין-5X100 + שרוול אקסל OPTI-5X100,73,439.0,Expensive
בלון דו צדדי PDBS2 + טרוקר ללא סכין 5 NB5STF + סקשן איריגיישיין 5,7,428.42,Cheap
בלון דו צדדי PDBS2 + טרוקר ללא סכין 5 NB5STF + סקשן איריגיישיין 5,7,428.42,Cheap
בלון דו צדדי PDBS2 + טרוקר ללא סכין 5 NB5STF + סקשן איריגיישיין 5,7,428.42,Cheap
בלון דו צדדי PDBS2 + טרוקר ללא סכין 5 NB5STF + סקשן איריגיישיין 5,141,427.83,Expensive
בלון דו צדדי PDBS2 + טרוקר ללא סכין 5 NB5STF + סקשן איריגיישיין 5,141,427.83,Expensive
בלון דו צדדי PDBS2 + טרוקר ללא סכין 5 NB5STF + סקשן איריגיישיין 5,141,427.83,Expensive
בלון דו צדדי PDBS2 + סקשן איריגיישיין 5,15,348.22,Cheap
בלון דו צדדי PDBS2 + סקשן איריגיישיין 5,217,348.09,Expensive
בלון דו צדדי PDBS2 + שרוול אקסל OPTI-5X100,80,364.0,Cheap
בלון דו צדדי PDBS2 + שרוול אקסל OPTI-5X100,84,364.0,Expensive
בלון דו צדדי PDBS2 + שרוול לטרוקר 5 - CFS02,39,341.58,Cheap
בלון דו צדדי PDBS2 + שרוול לטרוקר 5 - CFS02,84,341.12,Expensive
טאקר-10 סיכות MICROVAL + טרוקר אקסל ללא סכין 11 B11LT + טרוקר ללא סכין 5 NB5STF,161,788.6,Cheap
טאקר-10 סיכות MICROVAL + טרוקר אקסל ללא סכין 11 B11LT + טרוקר ללא סכין 5 NB5STF,161,788.6,Cheap
טאקר-10 סיכות MICROVAL + טרוקר אקסל ללא סכין 11 B11LT + טרוקר ללא סכין 5 NB5STF,161,788.6,Cheap
טאקר-10 סיכות MICROVAL + טרוקר אקסל ללא סכין 11 B11LT + טרוקר ללא סכין 5 NB5STF,0,0.0,Expensive
טאקר-10 סיכות MICROVAL + טרוקר אקסל ללא סכין 11 B11LT + טרוקר ללא סכין 5 NB5STF,0,0.0,Expensive
טאקר-10 סיכות MICROVAL + טרוקר אקסל ללא סכין 11 B11LT + טרוקר ללא סכין 5 NB5STF,0,0.0,Expensive
טאקר-10 סיכות MICROVAL + טרוקר ללא סכין 5 NB5STF,171,713.6,Cheap
טאקר-10 סיכות MICROVAL + טרוקר ללא סכין 5 NB5STF,49,713.6,Expensive
טרוקר CFF03 - 5X100 + שרוול לטרוקר 5 - CFS02,85,156.32,Cheap
טרוקר CFF03 - 5X100 + שרוול לטרוקר 5 - CFS02,85,156.32,Cheap
טרוקר CFF03 - 5X100 + שרוול לטרוקר 5 - CFS02,98,156.39,Expensive
טרוקר CFF03 - 5X100 + שרוול לטרוקר 5 - CFS02,98,156.39,Expensive
טרוקר אקסל OPTI-5X100 + טרוקר אקסל ללא סכין 11 B11LT,99,150.0,Cheap
טרוקר אקסל OPTI-5X100 + טרוקר אקסל ללא סכין 11 B11LT,36,150.0,Expensive
טרוקר אקסל OPTI-5X100 + טרוקר אקסל ללא סכין 11 B11LT + שרוול אקסל OPTI-5X100,73,225.0,Cheap
טרוקר אקסל OPTI-5X100 + טרוקר אקסל ללא סכין 11 B11LT + שרוול אקסל OPTI-5X100,73,225.0,Cheap
טרוקר אקסל OPTI-5X100 + טרוקר אקסל ללא סכין 11 B11LT + שרוול אקסל OPTI-5X100,73,225.0,Cheap
טרוקר אקסל OPTI-5X100 + טרוקר אקסל ללא סכין 11 B11LT + שרוול אקסל OPTI-5X100,73,225.0,Cheap
טרוקר אקסל OPTI-5X100 + טרוקר אקסל ללא סכין 11 B11LT + שרוול אקסל OPTI-5X100,23,225.0,Expensive
טרוקר אקסל OPTI-5X100 + טרוקר אקסל ללא סכין 11 B11LT + שרוול אקסל OPTI-5X100,23,225.0,Expensive
טרוקר אקסל OPTI-5X100 + טרוקר אקסל ללא סכין 11 B11LT + שרוול אקסל OPTI-5X100,23,225.0,Expensive
טרוקר אקסל OPTI-5X100 + טרוקר אקסל ללא סכין 11 B11LT + שרוול אקסל OPTI-5X100,23,225.0,Expensive
טרוקר אקסל OPTI-5X100 + שרוול אקסל OPTI-5X100,101,150.0,Cheap
טרוקר אקסל OPTI-5X100 + שרוול אקסל OPTI-5X100,35,150.0,Expensive
טרוקר אקסל OPTI-סכין-5X100 + שרוול אקסל OPTI-5X100,94,150.0,Cheap
טרוקר אקסל OPTI-סכין-5X100 + שרוול אקסל OPTI-5X100,94,150.0,Cheap
טרוקר אקסל OPTI-סכין-5X100 + שרוול אקסל OPTI-5X100,87,150.0,Expensive
טרוקר אקסל OPTI-סכין-5X100 + שרוול אקסל OPTI-5X100,87,150.0,Expensive
טרוקר אקסל ללא סכין 11 B11LT + טרוקר ללא סכין 5 NB5STF,277,155.29,Cheap
טרוקר אקסל ללא סכין 11 B11LT + טרוקר ללא סכין 5 NB5STF,26,160.96,Expensive
טרוקר ללא סכין 5 NB5STF + סקשן איריגיישיין 5,38,139.35,Cheap
טרוקר ללא סכין 5 NB5STF + סקשן איריגיישיין 5,150,138.8,Expensive
